snapshot_epoch,first,first_label,first_group,first_delta,first_utility,first_singleton_effect,second,second_label,second_group,second_delta,second_utility,second_singleton_effect,pair_effect,interaction,classification
0,0,"W1[0,0]",W1,0.02000000,0.00072986,-0.00072986,1,"W1[0,1]",W1,0.00000000,0.00000000,0.00000000,-0.00072986,0.00000000,near-additive
0,0,"W1[0,0]",W1,0.02000000,0.00072986,-0.00072986,2,"W1[1,0]",W1,0.00000000,0.00000000,0.00000000,-0.00072986,0.00000000,near-additive
0,0,"W1[0,0]",W1,0.02000000,0.00072986,-0.00072986,3,"W1[1,1]",W1,-0.02000000,0.00142729,-0.00142729,-0.00215721,-0.00000006,near-additive
0,0,"W1[0,0]",W1,0.02000000,0.00072986,-0.00072986,4,"W1[2,0]",W1,-0.02000000,0.00062382,-0.00062382,-0.00135833,-0.00000465,synergy
0,0,"W1[0,0]",W1,0.02000000,0.00072986,-0.00072986,5,"W1[2,1]",W1,-0.02000000,0.00034511,-0.00034511,-0.00107503,-0.00000006,near-additive
0,0,"W1[0,0]",W1,0.02000000,0.00072986,-0.00072986,6,"W1[3,0]",W1,0.00000000,0.00000000,0.00000000,-0.00072986,0.00000000,near-additive
0,0,"W1[0,0]",W1,0.02000000,0.00072986,-0.00072986,7,"W1[3,1]",W1,0.00000000,0.00000000,0.00000000,-0.00072986,0.00000000,near-additive
0,0,"W1[0,0]",W1,0.02000000,0.00072986,-0.00072986,8,"b1[0]",b1,-0.02000000,0.00032479,-0.00032479,-0.00105834,-0.00000370,synergy
0,0,"W1[0,0]",W1,0.02000000,0.00072986,-0.00072986,9,"b1[1]",b1,-0.02000000,0.00142729,-0.00142729,-0.00215721,-0.00000006,near-additive
0,0,"W1[0,0]",W1,0.02000000,0.00072986,-0.00072986,10,"b1[2]",b1,-0.02000000,0.00074995,-0.00074995,-0.00148445,-0.00000465,synergy
0,0,"W1[0,0]",W1,0.02000000,0.00072986,-0.00072986,11,"b1[3]",b1,0.02000000,0.00184959,-0.00184959,-0.00257945,0.00000000,near-additive
0,0,"W1[0,0]",W1,0.02000000,0.00072986,-0.00072986,12,"W2[0]",W2,0.02000000,0.00059724,-0.00059724,-0.00135958,-0.00003248,synergy
0,0,"W1[0,0]",W1,0.02000000,0.00072986,-0.00072986,13,"W2[1]",W2,0.02000000,0.00045288,-0.00045288,-0.00118279,-0.00000006,near-additive
0,0,"W1[0,0]",W1,0.02000000,0.00072986,-0.00072986,14,"W2[2]",W2,-0.02000000,0.00085354,-0.00085354,-0.00158882,-0.00000542,synergy
0,0,"W1[0,0]",W1,0.02000000,0.00072986,-0.00072986,15,"W2[3]",W2,-0.02000000,0.00005293,-0.00005293,-0.00078285,-0.00000006,near-additive
0,0,"W1[0,0]",W1,0.02000000,0.00072986,-0.00072986,16,"b2",b2,-0.02000000,0.00147569,-0.00147569,-0.00221491,-0.00000936,synergy
0,1,"W1[0,1]",W1,0.00000000,0.00000000,0.00000000,2,"W1[1,0]",W1,0.00000000,0.00000000,0.00000000,0.00000000,0.00000000,near-additive
0,1,"W1[0,1]",W1,0.00000000,0.00000000,0.00000000,3,"W1[1,1]",W1,-0.02000000,0.00142729,-0.00142729,-0.00142729,0.00000000,near-additive
0,1,"W1[0,1]",W1,0.00000000,0.00000000,0.00000000,4,"W1[2,0]",W1,-0.02000000,0.00062382,-0.00062382,-0.00062382,0.00000000,near-additive
0,1,"W1[0,1]",W1,0.00000000,0.00000000,0.00000000,5,"W1[2,1]",W1,-0.02000000,0.00034511,-0.00034511,-0.00034511,0.00000000,near-additive
0,1,"W1[0,1]",W1,0.00000000,0.00000000,0.00000000,6,"W1[3,0]",W1,0.00000000,0.00000000,0.00000000,0.00000000,0.00000000,near-additive
0,1,"W1[0,1]",W1,0.00000000,0.00000000,0.00000000,7,"W1[3,1]",W1,0.00000000,0.00000000,0.00000000,0.00000000,0.00000000,near-additive
0,1,"W1[0,1]",W1,0.00000000,0.00000000,0.00000000,8,"b1[0]",b1,-0.02000000,0.00032479,-0.00032479,-0.00032479,0.00000000,near-additive
0,1,"W1[0,1]",W1,0.00000000,0.00000000,0.00000000,9,"b1[1]",b1,-0.02000000,0.00142729,-0.00142729,-0.00142729,0.00000000,near-additive
0,1,"W1[0,1]",W1,0.00000000,0.00000000,0.00000000,10,"b1[2]",b1,-0.02000000,0.00074995,-0.00074995,-0.00074995,0.00000000,near-additive
0,1,"W1[0,1]",W1,0.00000000,0.00000000,0.00000000,11,"b1[3]",b1,0.02000000,0.00184959,-0.00184959,-0.00184959,0.00000000,near-additive
0,1,"W1[0,1]",W1,0.00000000,0.00000000,0.00000000,12,"W2[0]",W2,0.02000000,0.00059724,-0.00059724,-0.00059724,0.00000000,near-additive
0,1,"W1[0,1]",W1,0.00000000,0.00000000,0.00000000,13,"W2[1]",W2,0.02000000,0.00045288,-0.00045288,-0.00045288,0.00000000,near-additive
0,1,"W1[0,1]",W1,0.00000000,0.00000000,0.00000000,14,"W2[2]",W2,-0.02000000,0.00085354,-0.00085354,-0.00085354,0.00000000,near-additive
0,1,"W1[0,1]",W1,0.00000000,0.00000000,0.00000000,15,"W2[3]",W2,-0.02000000,0.00005293,-0.00005293,-0.00005293,0.00000000,near-additive
0,1,"W1[0,1]",W1,0.00000000,0.00000000,0.00000000,16,"b2",b2,-0.02000000,0.00147569,-0.00147569,-0.00147569,0.00000000,near-additive
0,2,"W1[1,0]",W1,0.00000000,0.00000000,0.00000000,3,"W1[1,1]",W1,-0.02000000,0.00142729,-0.00142729,-0.00142729,0.00000000,near-additive
0,2,"W1[1,0]",W1,0.00000000,0.00000000,0.00000000,4,"W1[2,0]",W1,-0.02000000,0.00062382,-0.00062382,-0.00062382,0.00000000,near-additive
0,2,"W1[1,0]",W1,0.00000000,0.00000000,0.00000000,5,"W1[2,1]",W1,-0.02000000,0.00034511,-0.00034511,-0.00034511,0.00000000,near-additive
0,2,"W1[1,0]",W1,0.00000000,0.00000000,0.00000000,6,"W1[3,0]",W1,0.00000000,0.00000000,0.00000000,0.00000000,0.00000000,near-additive
0,2,"W1[1,0]",W1,0.00000000,0.00000000,0.00000000,7,"W1[3,1]",W1,0.00000000,0.00000000,0.00000000,0.00000000,0.00000000,near-additive
0,2,"W1[1,0]",W1,0.00000000,0.00000000,0.00000000,8,"b1[0]",b1,-0.02000000,0.00032479,-0.00032479,-0.00032479,0.00000000,near-additive
0,2,"W1[1,0]",W1,0.00000000,0.00000000,0.00000000,9,"b1[1]",b1,-0.02000000,0.00142729,-0.00142729,-0.00142729,0.00000000,near-additive
0,2,"W1[1,0]",W1,0.00000000,0.00000000,0.00000000,10,"b1[2]",b1,-0.02000000,0.00074995,-0.00074995,-0.00074995,0.00000000,near-additive
0,2,"W1[1,0]",W1,0.00000000,0.00000000,0.00000000,11,"b1[3]",b1,0.02000000,0.00184959,-0.00184959,-0.00184959,0.00000000,near-additive
0,2,"W1[1,0]",W1,0.00000000,0.00000000,0.00000000,12,"W2[0]",W2,0.02000000,0.00059724,-0.00059724,-0.00059724,0.00000000,near-additive
0,2,"W1[1,0]",W1,0.00000000,0.00000000,0.00000000,13,"W2[1]",W2,0.02000000,0.00045288,-0.00045288,-0.00045288,0.00000000,near-additive
0,2,"W1[1,0]",W1,0.00000000,0.00000000,0.00000000,14,"W2[2]",W2,-0.02000000,0.00085354,-0.00085354,-0.00085354,0.00000000,near-additive
0,2,"W1[1,0]",W1,0.00000000,0.00000000,0.00000000,15,"W2[3]",W2,-0.02000000,0.00005293,-0.00005293,-0.00005293,0.00000000,near-additive
0,2,"W1[1,0]",W1,0.00000000,0.00000000,0.00000000,16,"b2",b2,-0.02000000,0.00147569,-0.00147569,-0.00147569,0.00000000,near-additive
0,3,"W1[1,1]",W1,-0.02000000,0.00142729,-0.00142729,4,"W1[2,0]",W1,-0.02000000,0.00062382,-0.00062382,-0.00205112,0.00000000,near-additive
0,3,"W1[1,1]",W1,-0.02000000,0.00142729,-0.00142729,5,"W1[2,1]",W1,-0.02000000,0.00034511,-0.00034511,-0.00177991,-0.00000751,synergy
0,3,"W1[1,1]",W1,-0.02000000,0.00142729,-0.00142729,6,"W1[3,0]",W1,0.00000000,0.00000000,0.00000000,-0.00142729,0.00000000,near-additive
0,3,"W1[1,1]",W1,-0.02000000,0.00142729,-0.00142729,7,"W1[3,1]",W1,0.00000000,0.00000000,0.00000000,-0.00142729,0.00000000,near-additive
0,3,"W1[1,1]",W1,-0.02000000,0.00142729,-0.00142729,8,"b1[0]",b1,-0.02000000,0.00032479,-0.00032479,-0.00175214,-0.00000006,near-additive
0,3,"W1[1,1]",W1,-0.02000000,0.00142729,-0.00142729,9,"b1[1]",b1,-0.02000000,0.00142729,-0.00142729,-0.00284564,0.00000894,harmful
0,3,"W1[1,1]",W1,-0.02000000,0.00142729,-0.00142729,10,"b1[2]",b1,-0.02000000,0.00074995,-0.00074995,-0.00218469,-0.00000745,synergy
0,3,"W1[1,1]",W1,-0.02000000,0.00142729,-0.00142729,11,"b1[3]",b1,0.02000000,0.00184959,-0.00184959,-0.00327694,-0.00000006,near-additive
0,3,"W1[1,1]",W1,-0.02000000,0.00142729,-0.00142729,12,"W2[0]",W2,0.02000000,0.00059724,-0.00059724,-0.00202453,0.00000000,near-additive
0,3,"W1[1,1]",W1,-0.02000000,0.00142729,-0.00142729,13,"W2[1]",W2,0.02000000,0.00045288,-0.00045288,-0.00183010,0.00005007,harmful
0,3,"W1[1,1]",W1,-0.02000000,0.00142729,-0.00142729,14,"W2[2]",W2,-0.02000000,0.00085354,-0.00085354,-0.00228399,-0.00000316,synergy
0,3,"W1[1,1]",W1,-0.02000000,0.00142729,-0.00142729,15,"W2[3]",W2,-0.02000000,0.00005293,-0.00005293,-0.00148028,-0.00000006,near-additive
0,3,"W1[1,1]",W1,-0.02000000,0.00142729,-0.00142729,16,"b2",b2,-0.02000000,0.00147569,-0.00147569,-0.00291800,-0.00001502,synergy
0,4,"W1[2,0]",W1,-0.02000000,0.00062382,-0.00062382,5,"W1[2,1]",W1,-0.02000000,0.00034511,-0.00034511,-0.00096309,0.00000584,harmful
0,4,"W1[2,0]",W1,-0.02000000,0.00062382,-0.00062382,6,"W1[3,0]",W1,0.00000000,0.00000000,0.00000000,-0.00062382,0.00000000,near-additive
0,4,"W1[2,0]",W1,-0.02000000,0.00062382,-0.00062382,7,"W1[3,1]",W1,0.00000000,0.00000000,0.00000000,-0.00062382,0.00000000,near-additive
0,4,"W1[2,0]",W1,-0.02000000,0.00062382,-0.00062382,8,"b1[0]",b1,-0.02000000,0.00032479,-0.00032479,-0.00094396,0.00000465,harmful
0,4,"W1[2,0]",W1,-0.02000000,0.00062382,-0.00062382,9,"b1[1]",b1,-0.02000000,0.00142729,-0.00142729,-0.00205112,0.00000000,near-additive
0,4,"W1[2,0]",W1,-0.02000000,0.00062382,-0.00062382,10,"b1[2]",b1,-0.02000000,0.00074995,-0.00074995,-0.00136209,0.00001168,harmful
0,4,"W1[2,0]",W1,-0.02000000,0.00062382,-0.00062382,11,"b1[3]",b1,0.02000000,0.00184959,-0.00184959,-0.00247347,-0.00000006,near-additive
0,4,"W1[2,0]",W1,-0.02000000,0.00062382,-0.00062382,12,"W2[0]",W2,0.02000000,0.00059724,-0.00059724,-0.00122571,-0.00000465,synergy
0,4,"W1[2,0]",W1,-0.02000000,0.00062382,-0.00062382,13,"W2[1]",W2,0.02000000,0.00045288,-0.00045288,-0.00107676,-0.00000006,near-additive
0,4,"W1[2,0]",W1,-0.02000000,0.00062382,-0.00062382,14,"W2[2]",W2,-0.02000000,0.00085354,-0.00085354,-0.00143749,0.00003988,harmful
0,4,"W1[2,0]",W1,-0.02000000,0.00062382,-0.00062382,15,"W2[3]",W2,-0.02000000,0.00005293,-0.00005293,-0.00067681,-0.00000006,near-additive
0,4,"W1[2,0]",W1,-0.02000000,0.00062382,-0.00062382,16,"b2",b2,-0.02000000,0.00147569,-0.00147569,-0.00207603,0.00002348,harmful
0,5,"W1[2,1]",W1,-0.02000000,0.00034511,-0.00034511,6,"W1[3,0]",W1,0.00000000,0.00000000,0.00000000,-0.00034511,0.00000000,near-additive
0,5,"W1[2,1]",W1,-0.02000000,0.00034511,-0.00034511,7,"W1[3,1]",W1,0.00000000,0.00000000,0.00000000,-0.00034511,0.00000000,near-additive
0,5,"W1[2,1]",W1,-0.02000000,0.00034511,-0.00034511,8,"b1[0]",b1,-0.02000000,0.00032479,-0.00032479,-0.00066996,-0.00000006,near-additive
0,5,"W1[2,1]",W1,-0.02000000,0.00034511,-0.00034511,9,"b1[1]",b1,-0.02000000,0.00142729,-0.00142729,-0.00177991,-0.00000751,synergy
0,5,"W1[2,1]",W1,-0.02000000,0.00034511,-0.00034511,10,"b1[2]",b1,-0.02000000,0.00074995,-0.00074995,-0.00108290,0.00001216,harmful
0,5,"W1[2,1]",W1,-0.02000000,0.00034511,-0.00034511,11,"b1[3]",b1,0.02000000,0.00184959,-0.00184959,-0.00219476,-0.00000006,near-additive
0,5,"W1[2,1]",W1,-0.02000000,0.00034511,-0.00034511,12,"W2[0]",W2,0.02000000,0.00059724,-0.00059724,-0.00094235,0.00000000,near-additive
0,5,"W1[2,1]",W1,-0.02000000,0.00034511,-0.00034511,13,"W2[1]",W2,0.02000000,0.00045288,-0.00045288,-0.00080043,-0.00000244,synergy
0,5,"W1[2,1]",W1,-0.02000000,0.00034511,-0.00034511,14,"W2[2]",W2,-0.02000000,0.00085354,-0.00085354,-0.00117385,0.00002480,harmful
0,5,"W1[2,1]",W1,-0.02000000,0.00034511,-0.00034511,15,"W2[3]",W2,-0.02000000,0.00005293,-0.00005293,-0.00039810,-0.00000006,near-additive
0,5,"W1[2,1]",W1,-0.02000000,0.00034511,-0.00034511,16,"b2",b2,-0.02000000,0.00147569,-0.00147569,-0.00179648,0.00002432,harmful
0,6,"W1[3,0]",W1,0.00000000,0.00000000,0.00000000,7,"W1[3,1]",W1,0.00000000,0.00000000,0.00000000,0.00000000,0.00000000,near-additive
0,6,"W1[3,0]",W1,0.00000000,0.00000000,0.00000000,8,"b1[0]",b1,-0.02000000,0.00032479,-0.00032479,-0.00032479,0.00000000,near-additive
0,6,"W1[3,0]",W1,0.00000000,0.00000000,0.00000000,9,"b1[1]",b1,-0.02000000,0.00142729,-0.00142729,-0.00142729,0.00000000,near-additive
0,6,"W1[3,0]",W1,0.00000000,0.00000000,0.00000000,10,"b1[2]",b1,-0.02000000,0.00074995,-0.00074995,-0.00074995,0.00000000,near-additive
0,6,"W1[3,0]",W1,0.00000000,0.00000000,0.00000000,11,"b1[3]",b1,0.02000000,0.00184959,-0.00184959,-0.00184959,0.00000000,near-additive
0,6,"W1[3,0]",W1,0.00000000,0.00000000,0.00000000,12,"W2[0]",W2,0.02000000,0.00059724,-0.00059724,-0.00059724,0.00000000,near-additive
0,6,"W1[3,0]",W1,0.00000000,0.00000000,0.00000000,13,"W2[1]",W2,0.02000000,0.00045288,-0.00045288,-0.00045288,0.00000000,near-additive
0,6,"W1[3,0]",W1,0.00000000,0.00000000,0.00000000,14,"W2[2]",W2,-0.02000000,0.00085354,-0.00085354,-0.00085354,0.00000000,near-additive
0,6,"W1[3,0]",W1,0.00000000,0.00000000,0.00000000,15,"W2[3]",W2,-0.02000000,0.00005293,-0.00005293,-0.00005293,0.00000000,near-additive
0,6,"W1[3,0]",W1,0.00000000,0.00000000,0.00000000,16,"b2",b2,-0.02000000,0.00147569,-0.00147569,-0.00147569,0.00000000,near-additive
0,7,"W1[3,1]",W1,0.00000000,0.00000000,0.00000000,8,"b1[0]",b1,-0.02000000,0.00032479,-0.00032479,-0.00032479,0.00000000,near-additive
0,7,"W1[3,1]",W1,0.00000000,0.00000000,0.00000000,9,"b1[1]",b1,-0.02000000,0.00142729,-0.00142729,-0.00142729,0.00000000,near-additive
0,7,"W1[3,1]",W1,0.00000000,0.00000000,0.00000000,10,"b1[2]",b1,-0.02000000,0.00074995,-0.00074995,-0.00074995,0.00000000,near-additive
0,7,"W1[3,1]",W1,0.00000000,0.00000000,0.00000000,11,"b1[3]",b1,0.02000000,0.00184959,-0.00184959,-0.00184959,0.00000000,near-additive
0,7,"W1[3,1]",W1,0.00000000,0.00000000,0.00000000,12,"W2[0]",W2,0.02000000,0.00059724,-0.00059724,-0.00059724,0.00000000,near-additive
0,7,"W1[3,1]",W1,0.00000000,0.00000000,0.00000000,13,"W2[1]",W2,0.02000000,0.00045288,-0.00045288,-0.00045288,0.00000000,near-additive
0,7,"W1[3,1]",W1,0.00000000,0.00000000,0.00000000,14,"W2[2]",W2,-0.02000000,0.00085354,-0.00085354,-0.00085354,0.00000000,near-additive
0,7,"W1[3,1]",W1,0.00000000,0.00000000,0.00000000,15,"W2[3]",W2,-0.02000000,0.00005293,-0.00005293,-0.00005293,0.00000000,near-additive
0,7,"W1[3,1]",W1,0.00000000,0.00000000,0.00000000,16,"b2",b2,-0.02000000,0.00147569,-0.00147569,-0.00147569,0.00000000,near-additive
0,8,"b1[0]",b1,-0.02000000,0.00032479,-0.00032479,9,"b1[1]",b1,-0.02000000,0.00142729,-0.00142729,-0.00175214,-0.00000006,near-additive
0,8,"b1[0]",b1,-0.02000000,0.00032479,-0.00032479,10,"b1[2]",b1,-0.02000000,0.00074995,-0.00074995,-0.00106514,0.00000960,harmful
0,8,"b1[0]",b1,-0.02000000,0.00032479,-0.00032479,11,"b1[3]",b1,0.02000000,0.00184959,-0.00184959,-0.00216746,0.00000691,harmful
0,8,"b1[0]",b1,-0.02000000,0.00032479,-0.00032479,12,"W2[0]",W2,0.02000000,0.00059724,-0.00059724,-0.00094247,-0.00002044,synergy
0,8,"b1[0]",b1,-0.02000000,0.00032479,-0.00032479,13,"W2[1]",W2,0.02000000,0.00045288,-0.00045288,-0.00077772,-0.00000006,near-additive
0,8,"b1[0]",b1,-0.02000000,0.00032479,-0.00032479,14,"W2[2]",W2,-0.02000000,0.00085354,-0.00085354,-0.00117266,0.00000566,harmful
0,8,"b1[0]",b1,-0.02000000,0.00032479,-0.00032479,15,"W2[3]",W2,-0.02000000,0.00005293,-0.00005293,-0.00037766,0.00000006,near-additive
0,8,"b1[0]",b1,-0.02000000,0.00032479,-0.00032479,16,"b2",b2,-0.02000000,0.00147569,-0.00147569,-0.00178128,0.00001919,harmful
0,9,"b1[1]",b1,-0.02000000,0.00142729,-0.00142729,10,"b1[2]",b1,-0.02000000,0.00074995,-0.00074995,-0.00218469,-0.00000745,synergy
0,9,"b1[1]",b1,-0.02000000,0.00142729,-0.00142729,11,"b1[3]",b1,0.02000000,0.00184959,-0.00184959,-0.00327694,-0.00000006,near-additive
0,9,"b1[1]",b1,-0.02000000,0.00142729,-0.00142729,12,"W2[0]",W2,0.02000000,0.00059724,-0.00059724,-0.00202453,0.00000000,near-additive
0,9,"b1[1]",b1,-0.02000000,0.00142729,-0.00142729,13,"W2[1]",W2,0.02000000,0.00045288,-0.00045288,-0.00183010,0.00005007,harmful
0,9,"b1[1]",b1,-0.02000000,0.00142729,-0.00142729,14,"W2[2]",W2,-0.02000000,0.00085354,-0.00085354,-0.00228399,-0.00000316,synergy
0,9,"b1[1]",b1,-0.02000000,0.00142729,-0.00142729,15,"W2[3]",W2,-0.02000000,0.00005293,-0.00005293,-0.00148028,-0.00000006,near-additive
0,9,"b1[1]",b1,-0.02000000,0.00142729,-0.00142729,16,"b2",b2,-0.02000000,0.00147569,-0.00147569,-0.00291800,-0.00001502,synergy
0,10,"b1[2]",b1,-0.02000000,0.00074995,-0.00074995,11,"b1[3]",b1,0.02000000,0.00184959,-0.00184959,-0.00259089,0.00000864,harmful
0,10,"b1[2]",b1,-0.02000000,0.00074995,-0.00074995,12,"W2[0]",W2,0.02000000,0.00059724,-0.00059724,-0.00135255,-0.00000536,synergy
0,10,"b1[2]",b1,-0.02000000,0.00074995,-0.00074995,13,"W2[1]",W2,0.02000000,0.00045288,-0.00045288,-0.00120527,-0.00000244,synergy
0,10,"b1[2]",b1,-0.02000000,0.00074995,-0.00074995,14,"W2[2]",W2,-0.02000000,0.00085354,-0.00085354,-0.00155592,0.00004756,harmful
0,10,"b1[2]",b1,-0.02000000,0.00074995,-0.00074995,15,"W2[3]",W2,-0.02000000,0.00005293,-0.00005293,-0.00080270,0.00000018,harmful
0,10,"b1[2]",b1,-0.02000000,0.00074995,-0.00074995,16,"b2",b2,-0.02000000,0.00147569,-0.00147569,-0.00217724,0.00004840,harmful
0,11,"b1[3]",b1,0.02000000,0.00184959,-0.00184959,12,"W2[0]",W2,0.02000000,0.00059724,-0.00059724,-0.00244778,-0.00000095,synergy
0,11,"b1[3]",b1,0.02000000,0.00184959,-0.00184959,13,"W2[1]",W2,0.02000000,0.00045288,-0.00045288,-0.00230253,-0.00000006,near-additive
0,11,"b1[3]",b1,0.02000000,0.00184959,-0.00184959,14,"W2[2]",W2,-0.02000000,0.00085354,-0.00085354,-0.00270265,0.00000048,harmful
0,11,"b1[3]",b1,0.02000000,0.00184959,-0.00184959,15,"W2[3]",W2,-0.02000000,0.00005293,-0.00005293,-0.00195491,-0.00005239,synergy
0,11,"b1[3]",b1,0.02000000,0.00184959,-0.00184959,16,"b2",b2,-0.02000000,0.00147569,-0.00147569,-0.00330794,0.00001734,harmful
0,12,"W2[0]",W2,0.02000000,0.00059724,-0.00059724,13,"W2[1]",W2,0.02000000,0.00045288,-0.00045288,-0.00105017,-0.00000006,near-additive
0,12,"W2[0]",W2,0.02000000,0.00059724,-0.00059724,14,"W2[2]",W2,-0.02000000,0.00085354,-0.00085354,-0.00145626,-0.00000548,synergy
0,12,"W2[0]",W2,0.02000000,0.00059724,-0.00059724,15,"W2[3]",W2,-0.02000000,0.00005293,-0.00005293,-0.00065029,-0.00000012,synergy
0,12,"W2[0]",W2,0.02000000,0.00059724,-0.00059724,16,"b2",b2,-0.02000000,0.00147569,-0.00147569,-0.00208354,-0.00001061,synergy
0,13,"W2[1]",W2,0.02000000,0.00045288,-0.00045288,14,"W2[2]",W2,-0.02000000,0.00085354,-0.00085354,-0.00130749,-0.00000107,synergy
0,13,"W2[1]",W2,0.02000000,0.00045288,-0.00045288,15,"W2[3]",W2,-0.02000000,0.00005293,-0.00005293,-0.00050592,-0.00000012,synergy
0,13,"W2[1]",W2,0.02000000,0.00045288,-0.00045288,16,"b2",b2,-0.02000000,0.00147569,-0.00147569,-0.00193346,-0.00000489,synergy
0,14,"W2[2]",W2,-0.02000000,0.00085354,-0.00085354,15,"W2[3]",W2,-0.02000000,0.00005293,-0.00005293,-0.00090653,-0.00000006,near-additive
0,14,"W2[2]",W2,-0.02000000,0.00085354,-0.00085354,16,"b2",b2,-0.02000000,0.00147569,-0.00147569,-0.00229168,0.00003755,harmful
0,15,"W2[3]",W2,-0.02000000,0.00005293,-0.00005293,16,"b2",b2,-0.02000000,0.00147569,-0.00147569,-0.00152826,0.00000036,harmful
100,0,"W1[0,0]",W1,0.02000000,0.00266916,-0.00266916,1,"W1[0,1]",W1,0.00000000,0.00000000,0.00000000,-0.00266916,0.00000000,near-additive
100,0,"W1[0,0]",W1,0.02000000,0.00266916,-0.00266916,2,"W1[1,0]",W1,0.00000000,0.00000000,0.00000000,-0.00266916,0.00000000,near-additive
100,0,"W1[0,0]",W1,0.02000000,0.00266916,-0.00266916,3,"W1[1,1]",W1,0.00000000,0.00000000,0.00000000,-0.00266916,0.00000000,near-additive
100,0,"W1[0,0]",W1,0.02000000,0.00266916,-0.00266916,4,"W1[2,0]",W1,-0.01000000,0.00001654,-0.00001654,-0.00265557,0.00003013,harmful
100,0,"W1[0,0]",W1,0.02000000,0.00266916,-0.00266916,5,"W1[2,1]",W1,-0.02000000,0.00041375,-0.00041375,-0.00308293,-0.00000003,near-additive
100,0,"W1[0,0]",W1,0.02000000,0.00266916,-0.00266916,6,"W1[3,0]",W1,0.00000000,0.00000000,0.00000000,-0.00266916,0.00000000,near-additive
100,0,"W1[0,0]",W1,0.02000000,0.00266916,-0.00266916,7,"W1[3,1]",W1,0.00000000,0.00000000,0.00000000,-0.00266916,0.00000000,near-additive
100,0,"W1[0,0]",W1,0.02000000,0.00266916,-0.00266916,8,"b1[0]",b1,0.02000000,0.00019825,-0.00019825,-0.00276911,0.00009829,harmful
100,0,"W1[0,0]",W1,0.02000000,0.00266916,-0.00266916,9,"b1[1]",b1,0.00000000,0.00000000,0.00000000,-0.00266916,0.00000000,near-additive
100,0,"W1[0,0]",W1,0.02000000,0.00266916,-0.00266916,10,"b1[2]",b1,-0.02000000,0.00055742,-0.00055742,-0.00316650,0.00006008,harmful
100,0,"W1[0,0]",W1,0.02000000,0.00266916,-0.00266916,11,"b1[3]",b1,0.02000000,0.00266892,-0.00266892,-0.00533810,-0.00000003,near-additive
100,0,"W1[0,0]",W1,0.02000000,0.00266916,-0.00266916,12,"W2[0]",W2,0.02000000,0.00111833,-0.00111833,-0.00376609,0.00002140,harmful
100,0,"W1[0,0]",W1,0.02000000,0.00266916,-0.00266916,13,"W2[1]",W2,0.00000000,0.00000000,0.00000000,-0.00266916,0.00000000,near-additive
100,0,"W1[0,0]",W1,0.02000000,0.00266916,-0.00266916,14,"W2[2]",W2,0.02000000,0.00002527,-0.00002527,-0.00263104,0.00006339,harmful
100,0,"W1[0,0]",W1,0.02000000,0.00266916,-0.00266916,15,"W2[3]",W2,-0.02000000,0.00090250,-0.00090250,-0.00357169,-0.00000003,near-additive
100,0,"W1[0,0]",W1,0.02000000,0.00266916,-0.00266916,16,"b2",b2,0.02000000,0.00039816,-0.00039816,-0.00302604,0.00004128,harmful
100,1,"W1[0,1]",W1,0.00000000,0.00000000,0.00000000,2,"W1[1,0]",W1,0.00000000,0.00000000,0.00000000,0.00000000,0.00000000,near-additive
100,1,"W1[0,1]",W1,0.00000000,0.00000000,0.00000000,3,"W1[1,1]",W1,0.00000000,0.00000000,0.00000000,0.00000000,0.00000000,near-additive
100,1,"W1[0,1]",W1,0.00000000,0.00000000,0.00000000,4,"W1[2,0]",W1,-0.01000000,0.00001654,-0.00001654,-0.00001654,0.00000000,near-additive
100,1,"W1[0,1]",W1,0.00000000,0.00000000,0.00000000,5,"W1[2,1]",W1,-0.02000000,0.00041375,-0.00041375,-0.00041375,0.00000000,near-additive
100,1,"W1[0,1]",W1,0.00000000,0.00000000,0.00000000,6,"W1[3,0]",W1,0.00000000,0.00000000,0.00000000,0.00000000,0.00000000,near-additive
100,1,"W1[0,1]",W1,0.00000000,0.00000000,0.00000000,7,"W1[3,1]",W1,0.00000000,0.00000000,0.00000000,0.00000000,0.00000000,near-additive
100,1,"W1[0,1]",W1,0.00000000,0.00000000,0.00000000,8,"b1[0]",b1,0.02000000,0.00019825,-0.00019825,-0.00019825,0.00000000,near-additive
100,1,"W1[0,1]",W1,0.00000000,0.00000000,0.00000000,9,"b1[1]",b1,0.00000000,0.00000000,0.00000000,0.00000000,0.00000000,near-additive
100,1,"W1[0,1]",W1,0.00000000,0.00000000,0.00000000,10,"b1[2]",b1,-0.02000000,0.00055742,-0.00055742,-0.00055742,0.00000000,near-additive
100,1,"W1[0,1]",W1,0.00000000,0.00000000,0.00000000,11,"b1[3]",b1,0.02000000,0.00266892,-0.00266892,-0.00266892,0.00000000,near-additive
100,1,"W1[0,1]",W1,0.00000000,0.00000000,0.00000000,12,"W2[0]",W2,0.02000000,0.00111833,-0.00111833,-0.00111833,0.00000000,near-additive
100,1,"W1[0,1]",W1,0.00000000,0.00000000,0.00000000,13,"W2[1]",W2,0.00000000,0.00000000,0.00000000,0.00000000,0.00000000,near-additive
100,1,"W1[0,1]",W1,0.00000000,0.00000000,0.00000000,14,"W2[2]",W2,0.02000000,0.00002527,-0.00002527,-0.00002527,0.00000000,near-additive
100,1,"W1[0,1]",W1,0.00000000,0.00000000,0.00000000,15,"W2[3]",W2,-0.02000000,0.00090250,-0.00090250,-0.00090250,0.00000000,near-additive
100,1,"W1[0,1]",W1,0.00000000,0.00000000,0.00000000,16,"b2",b2,0.02000000,0.00039816,-0.00039816,-0.00039816,0.00000000,near-additive
100,2,"W1[1,0]",W1,0.00000000,0.00000000,0.00000000,3,"W1[1,1]",W1,0.00000000,0.00000000,0.00000000,0.00000000,0.00000000,near-additive
100,2,"W1[1,0]",W1,0.00000000,0.00000000,0.00000000,4,"W1[2,0]",W1,-0.01000000,0.00001654,-0.00001654,-0.00001654,0.00000000,near-additive
100,2,"W1[1,0]",W1,0.00000000,0.00000000,0.00000000,5,"W1[2,1]",W1,-0.02000000,0.00041375,-0.00041375,-0.00041375,0.00000000,near-additive
100,2,"W1[1,0]",W1,0.00000000,0.00000000,0.00000000,6,"W1[3,0]",W1,0.00000000,0.00000000,0.00000000,0.00000000,0.00000000,near-additive
100,2,"W1[1,0]",W1,0.00000000,0.00000000,0.00000000,7,"W1[3,1]",W1,0.00000000,0.00000000,0.00000000,0.00000000,0.00000000,near-additive
100,2,"W1[1,0]",W1,0.00000000,0.00000000,0.00000000,8,"b1[0]",b1,0.02000000,0.00019825,-0.00019825,-0.00019825,0.00000000,near-additive
100,2,"W1[1,0]",W1,0.00000000,0.00000000,0.00000000,9,"b1[1]",b1,0.00000000,0.00000000,0.00000000,0.00000000,0.00000000,near-additive
100,2,"W1[1,0]",W1,0.00000000,0.00000000,0.00000000,10,"b1[2]",b1,-0.02000000,0.00055742,-0.00055742,-0.00055742,0.00000000,near-additive
100,2,"W1[1,0]",W1,0.00000000,0.00000000,0.00000000,11,"b1[3]",b1,0.02000000,0.00266892,-0.00266892,-0.00266892,0.00000000,near-additive
100,2,"W1[1,0]",W1,0.00000000,0.00000000,0.00000000,12,"W2[0]",W2,0.02000000,0.00111833,-0.00111833,-0.00111833,0.00000000,near-additive
100,2,"W1[1,0]",W1,0.00000000,0.00000000,0.00000000,13,"W2[1]",W2,0.00000000,0.00000000,0.00000000,0.00000000,0.00000000,near-additive
100,2,"W1[1,0]",W1,0.00000000,0.00000000,0.00000000,14,"W2[2]",W2,0.02000000,0.00002527,-0.00002527,-0.00002527,0.00000000,near-additive
100,2,"W1[1,0]",W1,0.00000000,0.00000000,0.00000000,15,"W2[3]",W2,-0.02000000,0.00090250,-0.00090250,-0.00090250,0.00000000,near-additive
100,2,"W1[1,0]",W1,0.00000000,0.00000000,0.00000000,16,"b2",b2,0.02000000,0.00039816,-0.00039816,-0.00039816,0.00000000,near-additive
100,3,"W1[1,1]",W1,0.00000000,0.00000000,0.00000000,4,"W1[2,0]",W1,-0.01000000,0.00001654,-0.00001654,-0.00001654,0.00000000,near-additive
100,3,"W1[1,1]",W1,0.00000000,0.00000000,0.00000000,5,"W1[2,1]",W1,-0.02000000,0.00041375,-0.00041375,-0.00041375,0.00000000,near-additive
100,3,"W1[1,1]",W1,0.00000000,0.00000000,0.00000000,6,"W1[3,0]",W1,0.00000000,0.00000000,0.00000000,0.00000000,0.00000000,near-additive
100,3,"W1[1,1]",W1,0.00000000,0.00000000,0.00000000,7,"W1[3,1]",W1,0.00000000,0.00000000,0.00000000,0.00000000,0.00000000,near-additive
100,3,"W1[1,1]",W1,0.00000000,0.00000000,0.00000000,8,"b1[0]",b1,0.02000000,0.00019825,-0.00019825,-0.00019825,0.00000000,near-additive
100,3,"W1[1,1]",W1,0.00000000,0.00000000,0.00000000,9,"b1[1]",b1,0.00000000,0.00000000,0.00000000,0.00000000,0.00000000,near-additive
100,3,"W1[1,1]",W1,0.00000000,0.00000000,0.00000000,10,"b1[2]",b1,-0.02000000,0.00055742,-0.00055742,-0.00055742,0.00000000,near-additive
100,3,"W1[1,1]",W1,0.00000000,0.00000000,0.00000000,11,"b1[3]",b1,0.02000000,0.00266892,-0.00266892,-0.00266892,0.00000000,near-additive
100,3,"W1[1,1]",W1,0.00000000,0.00000000,0.00000000,12,"W2[0]",W2,0.02000000,0.00111833,-0.00111833,-0.00111833,0.00000000,near-additive
100,3,"W1[1,1]",W1,0.00000000,0.00000000,0.00000000,13,"W2[1]",W2,0.00000000,0.00000000,0.00000000,0.00000000,0.00000000,near-additive
100,3,"W1[1,1]",W1,0.00000000,0.00000000,0.00000000,14,"W2[2]",W2,0.02000000,0.00002527,-0.00002527,-0.00002527,0.00000000,near-additive
100,3,"W1[1,1]",W1,0.00000000,0.00000000,0.00000000,15,"W2[3]",W2,-0.02000000,0.00090250,-0.00090250,-0.00090250,0.00000000,near-additive
100,3,"W1[1,1]",W1,0.00000000,0.00000000,0.00000000,16,"b2",b2,0.02000000,0.00039816,-0.00039816,-0.00039816,0.00000000,near-additive
100,4,"W1[2,0]",W1,-0.01000000,0.00001654,-0.00001654,5,"W1[2,1]",W1,-0.02000000,0.00041375,-0.00041375,-0.00041181,0.00001848,harmful
100,4,"W1[2,0]",W1,-0.01000000,0.00001654,-0.00001654,6,"W1[3,0]",W1,0.00000000,0.00000000,0.00000000,-0.00001654,0.00000000,near-additive
100,4,"W1[2,0]",W1,-0.01000000,0.00001654,-0.00001654,7,"W1[3,1]",W1,0.00000000,0.00000000,0.00000000,-0.00001654,0.00000000,near-additive
100,4,"W1[2,0]",W1,-0.01000000,0.00001654,-0.00001654,8,"b1[0]",b1,0.02000000,0.00019825,-0.00019825,-0.00018466,0.00003013,harmful
100,4,"W1[2,0]",W1,-0.01000000,0.00001654,-0.00001654,9,"b1[1]",b1,0.00000000,0.00000000,0.00000000,-0.00001654,0.00000000,near-additive
100,4,"W1[2,0]",W1,-0.01000000,0.00001654,-0.00001654,10,"b1[2]",b1,-0.02000000,0.00055742,-0.00055742,-0.00053707,0.00003690,harmful
100,4,"W1[2,0]",W1,-0.01000000,0.00001654,-0.00001654,11,"b1[3]",b1,0.02000000,0.00266892,-0.00266892,-0.00268549,-0.00000003,near-additive
100,4,"W1[2,0]",W1,-0.01000000,0.00001654,-0.00001654,12,"W2[0]",W2,0.02000000,0.00111833,-0.00111833,-0.00112176,0.00001311,harmful
100,4,"W1[2,0]",W1,-0.01000000,0.00001654,-0.00001654,13,"W2[1]",W2,0.00000000,0.00000000,0.00000000,-0.00001654,0.00000000,near-additive
100,4,"W1[2,0]",W1,-0.01000000,0.00001654,-0.00001654,14,"W2[2]",W2,0.02000000,0.00002527,-0.00002527,-0.00000331,0.00003850,harmful
100,4,"W1[2,0]",W1,-0.01000000,0.00001654,-0.00001654,15,"W2[3]",W2,-0.02000000,0.00090250,-0.00090250,-0.00091907,-0.00000003,near-additive
100,4,"W1[2,0]",W1,-0.01000000,0.00001654,-0.00001654,16,"b2",b2,0.02000000,0.00039816,-0.00039816,-0.00038940,0.00002530,harmful
100,5,"W1[2,1]",W1,-0.02000000,0.00041375,-0.00041375,6,"W1[3,0]",W1,0.00000000,0.00000000,0.00000000,-0.00041375,0.00000000,near-additive
100,5,"W1[2,1]",W1,-0.02000000,0.00041375,-0.00041375,7,"W1[3,1]",W1,0.00000000,0.00000000,0.00000000,-0.00041375,0.00000000,near-additive
100,5,"W1[2,1]",W1,-0.02000000,0.00041375,-0.00041375,8,"b1[0]",b1,0.02000000,0.00019825,-0.00019825,-0.00061199,0.00000000,near-additive
100,5,"W1[2,1]",W1,-0.02000000,0.00041375,-0.00041375,9,"b1[1]",b1,0.00000000,0.00000000,0.00000000,-0.00041375,0.00000000,near-additive
100,5,"W1[2,1]",W1,-0.02000000,0.00041375,-0.00041375,10,"b1[2]",b1,-0.02000000,0.00055742,-0.00055742,0.00009927,0.00107044,harmful
100,5,"W1[2,1]",W1,-0.02000000,0.00041375,-0.00041375,11,"b1[3]",b1,0.02000000,0.00266892,-0.00266892,-0.00308269,-0.00000003,near-additive
100,5,"W1[2,1]",W1,-0.02000000,0.00041375,-0.00041375,12,"W2[0]",W2,0.02000000,0.00111833,-0.00111833,-0.00153208,0.00000000,near-additive
100,5,"W1[2,1]",W1,-0.02000000,0.00041375,-0.00041375,13,"W2[1]",W2,0.00000000,0.00000000,0.00000000,-0.00041375,0.00000000,near-additive
100,5,"W1[2,1]",W1,-0.02000000,0.00041375,-0.00041375,14,"W2[2]",W2,0.02000000,0.00002527,-0.00002527,-0.00039440,0.00004461,harmful
100,5,"W1[2,1]",W1,-0.02000000,0.00041375,-0.00041375,15,"W2[3]",W2,-0.02000000,0.00090250,-0.00090250,-0.00131628,-0.00000003,near-additive
100,5,"W1[2,1]",W1,-0.02000000,0.00041375,-0.00041375,16,"b2",b2,0.02000000,0.00039816,-0.00039816,-0.00075734,0.00005457,harmful
100,6,"W1[3,0]",W1,0.00000000,0.00000000,0.00000000,7,"W1[3,1]",W1,0.00000000,0.00000000,0.00000000,0.00000000,0.00000000,near-additive
100,6,"W1[3,0]",W1,0.00000000,0.00000000,0.00000000,8,"b1[0]",b1,0.02000000,0.00019825,-0.00019825,-0.00019825,0.00000000,near-additive
100,6,"W1[3,0]",W1,0.00000000,0.00000000,0.00000000,9,"b1[1]",b1,0.00000000,0.00000000,0.00000000,0.00000000,0.00000000,near-additive
100,6,"W1[3,0]",W1,0.00000000,0.00000000,0.00000000,10,"b1[2]",b1,-0.02000000,0.00055742,-0.00055742,-0.00055742,0.00000000,near-additive
100,6,"W1[3,0]",W1,0.00000000,0.00000000,0.00000000,11,"b1[3]",b1,0.02000000,0.00266892,-0.00266892,-0.00266892,0.00000000,near-additive
100,6,"W1[3,0]",W1,0.00000000,0.00000000,0.00000000,12,"W2[0]",W2,0.02000000,0.00111833,-0.00111833,-0.00111833,0.00000000,near-additive
100,6,"W1[3,0]",W1,0.00000000,0.00000000,0.00000000,13,"W2[1]",W2,0.00000000,0.00000000,0.00000000,0.00000000,0.00000000,near-additive
100,6,"W1[3,0]",W1,0.00000000,0.00000000,0.00000000,14,"W2[2]",W2,0.02000000,0.00002527,-0.00002527,-0.00002527,0.00000000,near-additive
100,6,"W1[3,0]",W1,0.00000000,0.00000000,0.00000000,15,"W2[3]",W2,-0.02000000,0.00090250,-0.00090250,-0.00090250,0.00000000,near-additive
100,6,"W1[3,0]",W1,0.00000000,0.00000000,0.00000000,16,"b2",b2,0.02000000,0.00039816,-0.00039816,-0.00039816,0.00000000,near-additive
100,7,"W1[3,1]",W1,0.00000000,0.00000000,0.00000000,8,"b1[0]",b1,0.02000000,0.00019825,-0.00019825,-0.00019825,0.00000000,near-additive
100,7,"W1[3,1]",W1,0.00000000,0.00000000,0.00000000,9,"b1[1]",b1,0.00000000,0.00000000,0.00000000,0.00000000,0.00000000,near-additive
100,7,"W1[3,1]",W1,0.00000000,0.00000000,0.00000000,10,"b1[2]",b1,-0.02000000,0.00055742,-0.00055742,-0.00055742,0.00000000,near-additive
100,7,"W1[3,1]",W1,0.00000000,0.00000000,0.00000000,11,"b1[3]",b1,0.02000000,0.00266892,-0.00266892,-0.00266892,0.00000000,near-additive
100,7,"W1[3,1]",W1,0.00000000,0.00000000,0.00000000,12,"W2[0]",W2,0.02000000,0.00111833,-0.00111833,-0.00111833,0.00000000,near-additive
100,7,"W1[3,1]",W1,0.00000000,0.00000000,0.00000000,13,"W2[1]",W2,0.00000000,0.00000000,0.00000000,0.00000000,0.00000000,near-additive
100,7,"W1[3,1]",W1,0.00000000,0.00000000,0.00000000,14,"W2[2]",W2,0.02000000,0.00002527,-0.00002527,-0.00002527,0.00000000,near-additive
100,7,"W1[3,1]",W1,0.00000000,0.00000000,0.00000000,15,"W2[3]",W2,-0.02000000,0.00090250,-0.00090250,-0.00090250,0.00000000,near-additive
100,7,"W1[3,1]",W1,0.00000000,0.00000000,0.00000000,16,"b2",b2,0.02000000,0.00039816,-0.00039816,-0.00039816,0.00000000,near-additive
100,8,"b1[0]",b1,0.02000000,0.00019825,-0.00019825,9,"b1[1]",b1,0.00000000,0.00000000,0.00000000,-0.00019825,0.00000000,near-additive
100,8,"b1[0]",b1,0.02000000,0.00019825,-0.00019825,10,"b1[2]",b1,-0.02000000,0.00055742,-0.00055742,-0.00063777,0.00011790,harmful
100,8,"b1[0]",b1,0.02000000,0.00019825,-0.00019825,11,"b1[3]",b1,0.02000000,0.00266892,-0.00266892,-0.00297147,-0.00010431,synergy
100,8,"b1[0]",b1,0.02000000,0.00019825,-0.00019825,12,"W2[0]",W2,0.02000000,0.00111833,-0.00111833,-0.00127220,0.00004438,harmful
100,8,"b1[0]",b1,0.02000000,0.00019825,-0.00019825,13,"W2[1]",W2,0.00000000,0.00000000,0.00000000,-0.00019825,0.00000000,near-additive
100,8,"b1[0]",b1,0.02000000,0.00019825,-0.00019825,14,"W2[2]",W2,0.02000000,0.00002527,-0.00002527,-0.00015894,0.00006458,harmful
100,8,"b1[0]",b1,0.02000000,0.00019825,-0.00019825,15,"W2[3]",W2,-0.02000000,0.00090250,-0.00090250,-0.00113589,-0.00003514,synergy
100,8,"b1[0]",b1,0.02000000,0.00019825,-0.00019825,16,"b2",b2,0.02000000,0.00039816,-0.00039816,-0.00051567,0.00008073,harmful
100,9,"b1[1]",b1,0.00000000,0.00000000,0.00000000,10,"b1[2]",b1,-0.02000000,0.00055742,-0.00055742,-0.00055742,0.00000000,near-additive
100,9,"b1[1]",b1,0.00000000,0.00000000,0.00000000,11,"b1[3]",b1,0.02000000,0.00266892,-0.00266892,-0.00266892,0.00000000,near-additive
100,9,"b1[1]",b1,0.00000000,0.00000000,0.00000000,12,"W2[0]",W2,0.02000000,0.00111833,-0.00111833,-0.00111833,0.00000000,near-additive
100,9,"b1[1]",b1,0.00000000,0.00000000,0.00000000,13,"W2[1]",W2,0.00000000,0.00000000,0.00000000,0.00000000,0.00000000,near-additive
100,9,"b1[1]",b1,0.00000000,0.00000000,0.00000000,14,"W2[2]",W2,0.02000000,0.00002527,-0.00002527,-0.00002527,0.00000000,near-additive
100,9,"b1[1]",b1,0.00000000,0.00000000,0.00000000,15,"W2[3]",W2,-0.02000000,0.00090250,-0.00090250,-0.00090250,0.00000000,near-additive
100,9,"b1[1]",b1,0.00000000,0.00000000,0.00000000,16,"b2",b2,0.02000000,0.00039816,-0.00039816,-0.00039816,0.00000000,near-additive
100,10,"b1[2]",b1,-0.02000000,0.00055742,-0.00055742,11,"b1[3]",b1,0.02000000,0.00266892,-0.00266892,-0.00328946,-0.00006312,synergy
100,10,"b1[2]",b1,-0.02000000,0.00055742,-0.00055742,12,"W2[0]",W2,0.02000000,0.00111833,-0.00111833,-0.00164837,0.00002739,harmful
100,10,"b1[2]",b1,-0.02000000,0.00055742,-0.00055742,13,"W2[1]",W2,0.00000000,0.00000000,0.00000000,-0.00055742,0.00000000,near-additive
100,10,"b1[2]",b1,-0.02000000,0.00055742,-0.00055742,14,"W2[2]",W2,0.02000000,0.00002527,-0.00002527,-0.00049767,0.00008503,harmful
100,10,"b1[2]",b1,-0.02000000,0.00055742,-0.00055742,15,"W2[3]",W2,-0.02000000,0.00090250,-0.00090250,-0.00148118,-0.00002125,synergy
100,10,"b1[2]",b1,-0.02000000,0.00055742,-0.00055742,16,"b2",b2,0.02000000,0.00039816,-0.00039816,-0.00085190,0.00010368,harmful
100,11,"b1[3]",b1,0.02000000,0.00266892,-0.00266892,12,"W2[0]",W2,0.02000000,0.00111833,-0.00111833,-0.00378942,-0.00000218,synergy
100,11,"b1[3]",b1,0.02000000,0.00266892,-0.00266892,13,"W2[1]",W2,0.00000000,0.00000000,0.00000000,-0.00266892,0.00000000,near-additive
100,11,"b1[3]",b1,0.02000000,0.00266892,-0.00266892,14,"W2[2]",W2,0.02000000,0.00002527,-0.00002527,-0.00269550,-0.00000131,synergy
100,11,"b1[3]",b1,0.02000000,0.00266892,-0.00266892,15,"W2[3]",W2,-0.02000000,0.00090250,-0.00090250,-0.00355220,0.00001922,harmful
100,11,"b1[3]",b1,0.02000000,0.00266892,-0.00266892,16,"b2",b2,0.02000000,0.00039816,-0.00039816,-0.00311020,-0.00004312,synergy
100,12,"W2[0]",W2,0.02000000,0.00111833,-0.00111833,13,"W2[1]",W2,0.00000000,0.00000000,0.00000000,-0.00111833,0.00000000,near-additive
100,12,"W2[0]",W2,0.02000000,0.00111833,-0.00111833,14,"W2[2]",W2,0.02000000,0.00002527,-0.00002527,-0.00111592,0.00002769,harmful
100,12,"W2[0]",W2,0.02000000,0.00111833,-0.00111833,15,"W2[3]",W2,-0.02000000,0.00090250,-0.00090250,-0.00202155,-0.00000072,synergy
100,12,"W2[0]",W2,0.02000000,0.00111833,-0.00111833,16,"b2",b2,0.02000000,0.00039816,-0.00039816,-0.00149769,0.00001881,harmful
100,13,"W2[1]",W2,0.00000000,0.00000000,0.00000000,14,"W2[2]",W2,0.02000000,0.00002527,-0.00002527,-0.00002527,0.00000000,near-additive
100,13,"W2[1]",W2,0.00000000,0.00000000,0.00000000,15,"W2[3]",W2,-0.02000000,0.00090250,-0.00090250,-0.00090250,0.00000000,near-additive
100,13,"W2[1]",W2,0.00000000,0.00000000,0.00000000,16,"b2",b2,0.02000000,0.00039816,-0.00039816,-0.00039816,0.00000000,near-additive
100,14,"W2[2]",W2,0.02000000,0.00002527,-0.00002527,15,"W2[3]",W2,-0.02000000,0.00090250,-0.00090250,-0.00092822,-0.00000045,synergy
100,14,"W2[2]",W2,0.02000000,0.00002527,-0.00002527,16,"b2",b2,0.02000000,0.00039816,-0.00039816,-0.00036895,0.00005448,harmful
100,15,"W2[3]",W2,-0.02000000,0.00090250,-0.00090250,16,"b2",b2,0.02000000,0.00039816,-0.00039816,-0.00131521,-0.00001454,synergy
1000,0,"W1[0,0]",W1,0.00000000,0.00000000,0.00000000,1,"W1[0,1]",W1,0.00000000,0.00000000,0.00000000,0.00000000,0.00000000,near-additive
1000,0,"W1[0,0]",W1,0.00000000,0.00000000,0.00000000,2,"W1[1,0]",W1,0.00000000,0.00000000,0.00000000,0.00000000,0.00000000,near-additive
1000,0,"W1[0,0]",W1,0.00000000,0.00000000,0.00000000,3,"W1[1,1]",W1,0.00000000,0.00000000,0.00000000,0.00000000,0.00000000,near-additive
1000,0,"W1[0,0]",W1,0.00000000,0.00000000,0.00000000,4,"W1[2,0]",W1,0.02000000,0.00004141,-0.00004141,-0.00004141,0.00000000,near-additive
1000,0,"W1[0,0]",W1,0.00000000,0.00000000,0.00000000,5,"W1[2,1]",W1,0.01000000,0.00008797,-0.00008797,-0.00008797,0.00000000,near-additive
1000,0,"W1[0,0]",W1,0.00000000,0.00000000,0.00000000,6,"W1[3,0]",W1,0.00000000,0.00000000,0.00000000,0.00000000,0.00000000,near-additive
1000,0,"W1[0,0]",W1,0.00000000,0.00000000,0.00000000,7,"W1[3,1]",W1,0.00000000,0.00000000,0.00000000,0.00000000,0.00000000,near-additive
1000,0,"W1[0,0]",W1,0.00000000,0.00000000,0.00000000,8,"b1[0]",b1,0.00000000,0.00000000,0.00000000,0.00000000,0.00000000,near-additive
1000,0,"W1[0,0]",W1,0.00000000,0.00000000,0.00000000,9,"b1[1]",b1,0.00000000,0.00000000,0.00000000,0.00000000,0.00000000,near-additive
1000,0,"W1[0,0]",W1,0.00000000,0.00000000,0.00000000,10,"b1[2]",b1,0.01000000,0.00004880,-0.00004880,-0.00004880,0.00000000,near-additive
1000,0,"W1[0,0]",W1,0.00000000,0.00000000,0.00000000,11,"b1[3]",b1,0.01000000,0.00002982,-0.00002982,-0.00002982,0.00000000,near-additive
1000,0,"W1[0,0]",W1,0.00000000,0.00000000,0.00000000,12,"W2[0]",W2,0.00000000,0.00000000,0.00000000,0.00000000,0.00000000,near-additive
1000,0,"W1[0,0]",W1,0.00000000,0.00000000,0.00000000,13,"W2[1]",W2,0.00000000,0.00000000,0.00000000,0.00000000,0.00000000,near-additive
1000,0,"W1[0,0]",W1,0.00000000,0.00000000,0.00000000,14,"W2[2]",W2,-0.02000000,0.00004197,-0.00004197,-0.00004197,0.00000000,near-additive
1000,0,"W1[0,0]",W1,0.00000000,0.00000000,0.00000000,15,"W2[3]",W2,0.00000000,0.00000000,0.00000000,0.00000000,0.00000000,near-additive
1000,0,"W1[0,0]",W1,0.00000000,0.00000000,0.00000000,16,"b2",b2,0.00000000,0.00000000,0.00000000,0.00000000,0.00000000,near-additive
1000,1,"W1[0,1]",W1,0.00000000,0.00000000,0.00000000,2,"W1[1,0]",W1,0.00000000,0.00000000,0.00000000,0.00000000,0.00000000,near-additive
1000,1,"W1[0,1]",W1,0.00000000,0.00000000,0.00000000,3,"W1[1,1]",W1,0.00000000,0.00000000,0.00000000,0.00000000,0.00000000,near-additive
1000,1,"W1[0,1]",W1,0.00000000,0.00000000,0.00000000,4,"W1[2,0]",W1,0.02000000,0.00004141,-0.00004141,-0.00004141,0.00000000,near-additive
1000,1,"W1[0,1]",W1,0.00000000,0.00000000,0.00000000,5,"W1[2,1]",W1,0.01000000,0.00008797,-0.00008797,-0.00008797,0.00000000,near-additive
1000,1,"W1[0,1]",W1,0.00000000,0.00000000,0.00000000,6,"W1[3,0]",W1,0.00000000,0.00000000,0.00000000,0.00000000,0.00000000,near-additive
1000,1,"W1[0,1]",W1,0.00000000,0.00000000,0.00000000,7,"W1[3,1]",W1,0.00000000,0.00000000,0.00000000,0.00000000,0.00000000,near-additive
1000,1,"W1[0,1]",W1,0.00000000,0.00000000,0.00000000,8,"b1[0]",b1,0.00000000,0.00000000,0.00000000,0.00000000,0.00000000,near-additive
1000,1,"W1[0,1]",W1,0.00000000,0.00000000,0.00000000,9,"b1[1]",b1,0.00000000,0.00000000,0.00000000,0.00000000,0.00000000,near-additive
1000,1,"W1[0,1]",W1,0.00000000,0.00000000,0.00000000,10,"b1[2]",b1,0.01000000,0.00004880,-0.00004880,-0.00004880,0.00000000,near-additive
1000,1,"W1[0,1]",W1,0.00000000,0.00000000,0.00000000,11,"b1[3]",b1,0.01000000,0.00002982,-0.00002982,-0.00002982,0.00000000,near-additive
1000,1,"W1[0,1]",W1,0.00000000,0.00000000,0.00000000,12,"W2[0]",W2,0.00000000,0.00000000,0.00000000,0.00000000,0.00000000,near-additive
1000,1,"W1[0,1]",W1,0.00000000,0.00000000,0.00000000,13,"W2[1]",W2,0.00000000,0.00000000,0.00000000,0.00000000,0.00000000,near-additive
1000,1,"W1[0,1]",W1,0.00000000,0.00000000,0.00000000,14,"W2[2]",W2,-0.02000000,0.00004197,-0.00004197,-0.00004197,0.00000000,near-additive
1000,1,"W1[0,1]",W1,0.00000000,0.00000000,0.00000000,15,"W2[3]",W2,0.00000000,0.00000000,0.00000000,0.00000000,0.00000000,near-additive
1000,1,"W1[0,1]",W1,0.00000000,0.00000000,0.00000000,16,"b2",b2,0.00000000,0.00000000,0.00000000,0.00000000,0.00000000,near-additive
1000,2,"W1[1,0]",W1,0.00000000,0.00000000,0.00000000,3,"W1[1,1]",W1,0.00000000,0.00000000,0.00000000,0.00000000,0.00000000,near-additive
1000,2,"W1[1,0]",W1,0.00000000,0.00000000,0.00000000,4,"W1[2,0]",W1,0.02000000,0.00004141,-0.00004141,-0.00004141,0.00000000,near-additive
1000,2,"W1[1,0]",W1,0.00000000,0.00000000,0.00000000,5,"W1[2,1]",W1,0.01000000,0.00008797,-0.00008797,-0.00008797,0.00000000,near-additive
1000,2,"W1[1,0]",W1,0.00000000,0.00000000,0.00000000,6,"W1[3,0]",W1,0.00000000,0.00000000,0.00000000,0.00000000,0.00000000,near-additive
1000,2,"W1[1,0]",W1,0.00000000,0.00000000,0.00000000,7,"W1[3,1]",W1,0.00000000,0.00000000,0.00000000,0.00000000,0.00000000,near-additive
1000,2,"W1[1,0]",W1,0.00000000,0.00000000,0.00000000,8,"b1[0]",b1,0.00000000,0.00000000,0.00000000,0.00000000,0.00000000,near-additive
1000,2,"W1[1,0]",W1,0.00000000,0.00000000,0.00000000,9,"b1[1]",b1,0.00000000,0.00000000,0.00000000,0.00000000,0.00000000,near-additive
1000,2,"W1[1,0]",W1,0.00000000,0.00000000,0.00000000,10,"b1[2]",b1,0.01000000,0.00004880,-0.00004880,-0.00004880,0.00000000,near-additive
1000,2,"W1[1,0]",W1,0.00000000,0.00000000,0.00000000,11,"b1[3]",b1,0.01000000,0.00002982,-0.00002982,-0.00002982,0.00000000,near-additive
1000,2,"W1[1,0]",W1,0.00000000,0.00000000,0.00000000,12,"W2[0]",W2,0.00000000,0.00000000,0.00000000,0.00000000,0.00000000,near-additive
1000,2,"W1[1,0]",W1,0.00000000,0.00000000,0.00000000,13,"W2[1]",W2,0.00000000,0.00000000,0.00000000,0.00000000,0.00000000,near-additive
1000,2,"W1[1,0]",W1,0.00000000,0.00000000,0.00000000,14,"W2[2]",W2,-0.02000000,0.00004197,-0.00004197,-0.00004197,0.00000000,near-additive
1000,2,"W1[1,0]",W1,0.00000000,0.00000000,0.00000000,15,"W2[3]",W2,0.00000000,0.00000000,0.00000000,0.00000000,0.00000000,near-additive
1000,2,"W1[1,0]",W1,0.00000000,0.00000000,0.00000000,16,"b2",b2,0.00000000,0.00000000,0.00000000,0.00000000,0.00000000,near-additive
1000,3,"W1[1,1]",W1,0.00000000,0.00000000,0.00000000,4,"W1[2,0]",W1,0.02000000,0.00004141,-0.00004141,-0.00004141,0.00000000,near-additive
1000,3,"W1[1,1]",W1,0.00000000,0.00000000,0.00000000,5,"W1[2,1]",W1,0.01000000,0.00008797,-0.00008797,-0.00008797,0.00000000,near-additive
1000,3,"W1[1,1]",W1,0.00000000,0.00000000,0.00000000,6,"W1[3,0]",W1,0.00000000,0.00000000,0.00000000,0.00000000,0.00000000,near-additive
1000,3,"W1[1,1]",W1,0.00000000,0.00000000,0.00000000,7,"W1[3,1]",W1,0.00000000,0.00000000,0.00000000,0.00000000,0.00000000,near-additive
1000,3,"W1[1,1]",W1,0.00000000,0.00000000,0.00000000,8,"b1[0]",b1,0.00000000,0.00000000,0.00000000,0.00000000,0.00000000,near-additive
1000,3,"W1[1,1]",W1,0.00000000,0.00000000,0.00000000,9,"b1[1]",b1,0.00000000,0.00000000,0.00000000,0.00000000,0.00000000,near-additive
1000,3,"W1[1,1]",W1,0.00000000,0.00000000,0.00000000,10,"b1[2]",b1,0.01000000,0.00004880,-0.00004880,-0.00004880,0.00000000,near-additive
1000,3,"W1[1,1]",W1,0.00000000,0.00000000,0.00000000,11,"b1[3]",b1,0.01000000,0.00002982,-0.00002982,-0.00002982,0.00000000,near-additive
1000,3,"W1[1,1]",W1,0.00000000,0.00000000,0.00000000,12,"W2[0]",W2,0.00000000,0.00000000,0.00000000,0.00000000,0.00000000,near-additive
1000,3,"W1[1,1]",W1,0.00000000,0.00000000,0.00000000,13,"W2[1]",W2,0.00000000,0.00000000,0.00000000,0.00000000,0.00000000,near-additive
1000,3,"W1[1,1]",W1,0.00000000,0.00000000,0.00000000,14,"W2[2]",W2,-0.02000000,0.00004197,-0.00004197,-0.00004197,0.00000000,near-additive
1000,3,"W1[1,1]",W1,0.00000000,0.00000000,0.00000000,15,"W2[3]",W2,0.00000000,0.00000000,0.00000000,0.00000000,0.00000000,near-additive
1000,3,"W1[1,1]",W1,0.00000000,0.00000000,0.00000000,16,"b2",b2,0.00000000,0.00000000,0.00000000,0.00000000,0.00000000,near-additive
1000,4,"W1[2,0]",W1,0.02000000,0.00004141,-0.00004141,5,"W1[2,1]",W1,0.01000000,0.00008797,-0.00008797,-0.00012495,0.00000442,harmful
1000,4,"W1[2,0]",W1,0.02000000,0.00004141,-0.00004141,6,"W1[3,0]",W1,0.00000000,0.00000000,0.00000000,-0.00004141,0.00000000,near-additive
1000,4,"W1[2,0]",W1,0.02000000,0.00004141,-0.00004141,7,"W1[3,1]",W1,0.00000000,0.00000000,0.00000000,-0.00004141,0.00000000,near-additive
1000,4,"W1[2,0]",W1,0.02000000,0.00004141,-0.00004141,8,"b1[0]",b1,0.00000000,0.00000000,0.00000000,-0.00004141,0.00000000,near-additive
1000,4,"W1[2,0]",W1,0.02000000,0.00004141,-0.00004141,9,"b1[1]",b1,0.00000000,0.00000000,0.00000000,-0.00004141,0.00000000,near-additive
1000,4,"W1[2,0]",W1,0.02000000,0.00004141,-0.00004141,10,"b1[2]",b1,0.01000000,0.00004880,-0.00004880,-0.00008231,0.00000789,harmful
1000,4,"W1[2,0]",W1,0.02000000,0.00004141,-0.00004141,11,"b1[3]",b1,0.01000000,0.00002982,-0.00002982,-0.00007123,0.00000000,near-additive
1000,4,"W1[2,0]",W1,0.02000000,0.00004141,-0.00004141,12,"W2[0]",W2,0.00000000,0.00000000,0.00000000,-0.00004141,0.00000000,near-additive
1000,4,"W1[2,0]",W1,0.02000000,0.00004141,-0.00004141,13,"W2[1]",W2,0.00000000,0.00000000,0.00000000,-0.00004141,0.00000000,near-additive
1000,4,"W1[2,0]",W1,0.02000000,0.00004141,-0.00004141,14,"W2[2]",W2,-0.02000000,0.00004197,-0.00004197,-0.00006664,0.00001674,harmful
1000,4,"W1[2,0]",W1,0.02000000,0.00004141,-0.00004141,15,"W2[3]",W2,0.00000000,0.00000000,0.00000000,-0.00004141,0.00000000,near-additive
1000,4,"W1[2,0]",W1,0.02000000,0.00004141,-0.00004141,16,"b2",b2,0.00000000,0.00000000,0.00000000,-0.00004141,0.00000000,near-additive
1000,5,"W1[2,1]",W1,0.01000000,0.00008797,-0.00008797,6,"W1[3,0]",W1,0.00000000,0.00000000,0.00000000,-0.00008797,0.00000000,near-additive
1000,5,"W1[2,1]",W1,0.01000000,0.00008797,-0.00008797,7,"W1[3,1]",W1,0.00000000,0.00000000,0.00000000,-0.00008797,0.00000000,near-additive
1000,5,"W1[2,1]",W1,0.01000000,0.00008797,-0.00008797,8,"b1[0]",b1,0.00000000,0.00000000,0.00000000,-0.00008797,0.00000000,near-additive
1000,5,"W1[2,1]",W1,0.01000000,0.00008797,-0.00008797,9,"b1[1]",b1,0.00000000,0.00000000,0.00000000,-0.00008797,0.00000000,near-additive
1000,5,"W1[2,1]",W1,0.01000000,0.00008797,-0.00008797,10,"b1[2]",b1,0.01000000,0.00004880,-0.00004880,0.00018002,0.00031678,harmful
1000,5,"W1[2,1]",W1,0.01000000,0.00008797,-0.00008797,11,"b1[3]",b1,0.01000000,0.00002982,-0.00002982,-0.00011778,0.00000000,near-additive
1000,5,"W1[2,1]",W1,0.01000000,0.00008797,-0.00008797,12,"W2[0]",W2,0.00000000,0.00000000,0.00000000,-0.00008797,0.00000000,near-additive
1000,5,"W1[2,1]",W1,0.01000000,0.00008797,-0.00008797,13,"W2[1]",W2,0.00000000,0.00000000,0.00000000,-0.00008797,0.00000000,near-additive
1000,5,"W1[2,1]",W1,0.01000000,0.00008797,-0.00008797,14,"W2[2]",W2,-0.02000000,0.00004197,-0.00004197,-0.00012588,0.00000406,harmful
1000,5,"W1[2,1]",W1,0.01000000,0.00008797,-0.00008797,15,"W2[3]",W2,0.00000000,0.00000000,0.00000000,-0.00008797,0.00000000,near-additive
1000,5,"W1[2,1]",W1,0.01000000,0.00008797,-0.00008797,16,"b2",b2,0.00000000,0.00000000,0.00000000,-0.00008797,0.00000000,near-additive
1000,6,"W1[3,0]",W1,0.00000000,0.00000000,0.00000000,7,"W1[3,1]",W1,0.00000000,0.00000000,0.00000000,0.00000000,0.00000000,near-additive
1000,6,"W1[3,0]",W1,0.00000000,0.00000000,0.00000000,8,"b1[0]",b1,0.00000000,0.00000000,0.00000000,0.00000000,0.00000000,near-additive
1000,6,"W1[3,0]",W1,0.00000000,0.00000000,0.00000000,9,"b1[1]",b1,0.00000000,0.00000000,0.00000000,0.00000000,0.00000000,near-additive
1000,6,"W1[3,0]",W1,0.00000000,0.00000000,0.00000000,10,"b1[2]",b1,0.01000000,0.00004880,-0.00004880,-0.00004880,0.00000000,near-additive
1000,6,"W1[3,0]",W1,0.00000000,0.00000000,0.00000000,11,"b1[3]",b1,0.01000000,0.00002982,-0.00002982,-0.00002982,0.00000000,near-additive
1000,6,"W1[3,0]",W1,0.00000000,0.00000000,0.00000000,12,"W2[0]",W2,0.00000000,0.00000000,0.00000000,0.00000000,0.00000000,near-additive
1000,6,"W1[3,0]",W1,0.00000000,0.00000000,0.00000000,13,"W2[1]",W2,0.00000000,0.00000000,0.00000000,0.00000000,0.00000000,near-additive
1000,6,"W1[3,0]",W1,0.00000000,0.00000000,0.00000000,14,"W2[2]",W2,-0.02000000,0.00004197,-0.00004197,-0.00004197,0.00000000,near-additive
1000,6,"W1[3,0]",W1,0.00000000,0.00000000,0.00000000,15,"W2[3]",W2,0.00000000,0.00000000,0.00000000,0.00000000,0.00000000,near-additive
1000,6,"W1[3,0]",W1,0.00000000,0.00000000,0.00000000,16,"b2",b2,0.00000000,0.00000000,0.00000000,0.00000000,0.00000000,near-additive
1000,7,"W1[3,1]",W1,0.00000000,0.00000000,0.00000000,8,"b1[0]",b1,0.00000000,0.00000000,0.00000000,0.00000000,0.00000000,near-additive
1000,7,"W1[3,1]",W1,0.00000000,0.00000000,0.00000000,9,"b1[1]",b1,0.00000000,0.00000000,0.00000000,0.00000000,0.00000000,near-additive
1000,7,"W1[3,1]",W1,0.00000000,0.00000000,0.00000000,10,"b1[2]",b1,0.01000000,0.00004880,-0.00004880,-0.00004880,0.00000000,near-additive
1000,7,"W1[3,1]",W1,0.00000000,0.00000000,0.00000000,11,"b1[3]",b1,0.01000000,0.00002982,-0.00002982,-0.00002982,0.00000000,near-additive
1000,7,"W1[3,1]",W1,0.00000000,0.00000000,0.00000000,12,"W2[0]",W2,0.00000000,0.00000000,0.00000000,0.00000000,0.00000000,near-additive
1000,7,"W1[3,1]",W1,0.00000000,0.00000000,0.00000000,13,"W2[1]",W2,0.00000000,0.00000000,0.00000000,0.00000000,0.00000000,near-additive
1000,7,"W1[3,1]",W1,0.00000000,0.00000000,0.00000000,14,"W2[2]",W2,-0.02000000,0.00004197,-0.00004197,-0.00004197,0.00000000,near-additive
1000,7,"W1[3,1]",W1,0.00000000,0.00000000,0.00000000,15,"W2[3]",W2,0.00000000,0.00000000,0.00000000,0.00000000,0.00000000,near-additive
1000,7,"W1[3,1]",W1,0.00000000,0.00000000,0.00000000,16,"b2",b2,0.00000000,0.00000000,0.00000000,0.00000000,0.00000000,near-additive
1000,8,"b1[0]",b1,0.00000000,0.00000000,0.00000000,9,"b1[1]",b1,0.00000000,0.00000000,0.00000000,0.00000000,0.00000000,near-additive
1000,8,"b1[0]",b1,0.00000000,0.00000000,0.00000000,10,"b1[2]",b1,0.01000000,0.00004880,-0.00004880,-0.00004880,0.00000000,near-additive
1000,8,"b1[0]",b1,0.00000000,0.00000000,0.00000000,11,"b1[3]",b1,0.01000000,0.00002982,-0.00002982,-0.00002982,0.00000000,near-additive
1000,8,"b1[0]",b1,0.00000000,0.00000000,0.00000000,12,"W2[0]",W2,0.00000000,0.00000000,0.00000000,0.00000000,0.00000000,near-additive
1000,8,"b1[0]",b1,0.00000000,0.00000000,0.00000000,13,"W2[1]",W2,0.00000000,0.00000000,0.00000000,0.00000000,0.00000000,near-additive
1000,8,"b1[0]",b1,0.00000000,0.00000000,0.00000000,14,"W2[2]",W2,-0.02000000,0.00004197,-0.00004197,-0.00004197,0.00000000,near-additive
1000,8,"b1[0]",b1,0.00000000,0.00000000,0.00000000,15,"W2[3]",W2,0.00000000,0.00000000,0.00000000,0.00000000,0.00000000,near-additive
1000,8,"b1[0]",b1,0.00000000,0.00000000,0.00000000,16,"b2",b2,0.00000000,0.00000000,0.00000000,0.00000000,0.00000000,near-additive
1000,9,"b1[1]",b1,0.00000000,0.00000000,0.00000000,10,"b1[2]",b1,0.01000000,0.00004880,-0.00004880,-0.00004880,0.00000000,near-additive
1000,9,"b1[1]",b1,0.00000000,0.00000000,0.00000000,11,"b1[3]",b1,0.01000000,0.00002982,-0.00002982,-0.00002982,0.00000000,near-additive
1000,9,"b1[1]",b1,0.00000000,0.00000000,0.00000000,12,"W2[0]",W2,0.00000000,0.00000000,0.00000000,0.00000000,0.00000000,near-additive
1000,9,"b1[1]",b1,0.00000000,0.00000000,0.00000000,13,"W2[1]",W2,0.00000000,0.00000000,0.00000000,0.00000000,0.00000000,near-additive
1000,9,"b1[1]",b1,0.00000000,0.00000000,0.00000000,14,"W2[2]",W2,-0.02000000,0.00004197,-0.00004197,-0.00004197,0.00000000,near-additive
1000,9,"b1[1]",b1,0.00000000,0.00000000,0.00000000,15,"W2[3]",W2,0.00000000,0.00000000,0.00000000,0.00000000,0.00000000,near-additive
1000,9,"b1[1]",b1,0.00000000,0.00000000,0.00000000,16,"b2",b2,0.00000000,0.00000000,0.00000000,0.00000000,0.00000000,near-additive
1000,10,"b1[2]",b1,0.01000000,0.00004880,-0.00004880,11,"b1[3]",b1,0.01000000,0.00002982,-0.00002982,-0.00007785,0.00000077,harmful
1000,10,"b1[2]",b1,0.01000000,0.00004880,-0.00004880,12,"W2[0]",W2,0.00000000,0.00000000,0.00000000,-0.00004880,0.00000000,near-additive
1000,10,"b1[2]",b1,0.01000000,0.00004880,-0.00004880,13,"W2[1]",W2,0.00000000,0.00000000,0.00000000,-0.00004880,0.00000000,near-additive
1000,10,"b1[2]",b1,0.01000000,0.00004880,-0.00004880,14,"W2[2]",W2,-0.02000000,0.00004197,-0.00004197,-0.00008259,0.00000818,harmful
1000,10,"b1[2]",b1,0.01000000,0.00004880,-0.00004880,15,"W2[3]",W2,0.00000000,0.00000000,0.00000000,-0.00004880,0.00000000,near-additive
1000,10,"b1[2]",b1,0.01000000,0.00004880,-0.00004880,16,"b2",b2,0.00000000,0.00000000,0.00000000,-0.00004880,0.00000000,near-additive
1000,11,"b1[3]",b1,0.01000000,0.00002982,-0.00002982,12,"W2[0]",W2,0.00000000,0.00000000,0.00000000,-0.00002982,0.00000000,near-additive
1000,11,"b1[3]",b1,0.01000000,0.00002982,-0.00002982,13,"W2[1]",W2,0.00000000,0.00000000,0.00000000,-0.00002982,0.00000000,near-additive
1000,11,"b1[3]",b1,0.01000000,0.00002982,-0.00002982,14,"W2[2]",W2,-0.02000000,0.00004197,-0.00004197,-0.00007176,0.00000003,near-additive
1000,11,"b1[3]",b1,0.01000000,0.00002982,-0.00002982,15,"W2[3]",W2,0.00000000,0.00000000,0.00000000,-0.00002982,0.00000000,near-additive
1000,11,"b1[3]",b1,0.01000000,0.00002982,-0.00002982,16,"b2",b2,0.00000000,0.00000000,0.00000000,-0.00002982,0.00000000,near-additive
1000,12,"W2[0]",W2,0.00000000,0.00000000,0.00000000,13,"W2[1]",W2,0.00000000,0.00000000,0.00000000,0.00000000,0.00000000,near-additive
1000,12,"W2[0]",W2,0.00000000,0.00000000,0.00000000,14,"W2[2]",W2,-0.02000000,0.00004197,-0.00004197,-0.00004197,0.00000000,near-additive
1000,12,"W2[0]",W2,0.00000000,0.00000000,0.00000000,15,"W2[3]",W2,0.00000000,0.00000000,0.00000000,0.00000000,0.00000000,near-additive
1000,12,"W2[0]",W2,0.00000000,0.00000000,0.00000000,16,"b2",b2,0.00000000,0.00000000,0.00000000,0.00000000,0.00000000,near-additive
1000,13,"W2[1]",W2,0.00000000,0.00000000,0.00000000,14,"W2[2]",W2,-0.02000000,0.00004197,-0.00004197,-0.00004197,0.00000000,near-additive
1000,13,"W2[1]",W2,0.00000000,0.00000000,0.00000000,15,"W2[3]",W2,0.00000000,0.00000000,0.00000000,0.00000000,0.00000000,near-additive
1000,13,"W2[1]",W2,0.00000000,0.00000000,0.00000000,16,"b2",b2,0.00000000,0.00000000,0.00000000,0.00000000,0.00000000,near-additive
1000,14,"W2[2]",W2,-0.02000000,0.00004197,-0.00004197,15,"W2[3]",W2,0.00000000,0.00000000,0.00000000,-0.00004197,0.00000000,near-additive
1000,14,"W2[2]",W2,-0.02000000,0.00004197,-0.00004197,16,"b2",b2,0.00000000,0.00000000,0.00000000,-0.00004197,0.00000000,near-additive
1000,15,"W2[3]",W2,0.00000000,0.00000000,0.00000000,16,"b2",b2,0.00000000,0.00000000,0.00000000,0.00000000,0.00000000,near-additive
3000,0,"W1[0,0]",W1,0.00000000,0.00000000,0.00000000,1,"W1[0,1]",W1,0.00000000,0.00000000,0.00000000,0.00000000,0.00000000,near-additive
3000,0,"W1[0,0]",W1,0.00000000,0.00000000,0.00000000,2,"W1[1,0]",W1,0.00000000,0.00000000,0.00000000,0.00000000,0.00000000,near-additive
3000,0,"W1[0,0]",W1,0.00000000,0.00000000,0.00000000,3,"W1[1,1]",W1,0.00000000,0.00000000,0.00000000,0.00000000,0.00000000,near-additive
3000,0,"W1[0,0]",W1,0.00000000,0.00000000,0.00000000,4,"W1[2,0]",W1,0.02000000,0.00004141,-0.00004141,-0.00004141,0.00000000,near-additive
3000,0,"W1[0,0]",W1,0.00000000,0.00000000,0.00000000,5,"W1[2,1]",W1,0.01000000,0.00008797,-0.00008797,-0.00008797,0.00000000,near-additive
3000,0,"W1[0,0]",W1,0.00000000,0.00000000,0.00000000,6,"W1[3,0]",W1,0.00000000,0.00000000,0.00000000,0.00000000,0.00000000,near-additive
3000,0,"W1[0,0]",W1,0.00000000,0.00000000,0.00000000,7,"W1[3,1]",W1,0.00000000,0.00000000,0.00000000,0.00000000,0.00000000,near-additive
3000,0,"W1[0,0]",W1,0.00000000,0.00000000,0.00000000,8,"b1[0]",b1,0.00000000,0.00000000,0.00000000,0.00000000,0.00000000,near-additive
3000,0,"W1[0,0]",W1,0.00000000,0.00000000,0.00000000,9,"b1[1]",b1,0.00000000,0.00000000,0.00000000,0.00000000,0.00000000,near-additive
3000,0,"W1[0,0]",W1,0.00000000,0.00000000,0.00000000,10,"b1[2]",b1,0.01000000,0.00004880,-0.00004880,-0.00004880,0.00000000,near-additive
3000,0,"W1[0,0]",W1,0.00000000,0.00000000,0.00000000,11,"b1[3]",b1,0.01000000,0.00002982,-0.00002982,-0.00002982,0.00000000,near-additive
3000,0,"W1[0,0]",W1,0.00000000,0.00000000,0.00000000,12,"W2[0]",W2,0.00000000,0.00000000,0.00000000,0.00000000,0.00000000,near-additive
3000,0,"W1[0,0]",W1,0.00000000,0.00000000,0.00000000,13,"W2[1]",W2,0.00000000,0.00000000,0.00000000,0.00000000,0.00000000,near-additive
3000,0,"W1[0,0]",W1,0.00000000,0.00000000,0.00000000,14,"W2[2]",W2,-0.02000000,0.00004197,-0.00004197,-0.00004197,0.00000000,near-additive
3000,0,"W1[0,0]",W1,0.00000000,0.00000000,0.00000000,15,"W2[3]",W2,0.00000000,0.00000000,0.00000000,0.00000000,0.00000000,near-additive
3000,0,"W1[0,0]",W1,0.00000000,0.00000000,0.00000000,16,"b2",b2,0.00000000,0.00000000,0.00000000,0.00000000,0.00000000,near-additive
3000,1,"W1[0,1]",W1,0.00000000,0.00000000,0.00000000,2,"W1[1,0]",W1,0.00000000,0.00000000,0.00000000,0.00000000,0.00000000,near-additive
3000,1,"W1[0,1]",W1,0.00000000,0.00000000,0.00000000,3,"W1[1,1]",W1,0.00000000,0.00000000,0.00000000,0.00000000,0.00000000,near-additive
3000,1,"W1[0,1]",W1,0.00000000,0.00000000,0.00000000,4,"W1[2,0]",W1,0.02000000,0.00004141,-0.00004141,-0.00004141,0.00000000,near-additive
3000,1,"W1[0,1]",W1,0.00000000,0.00000000,0.00000000,5,"W1[2,1]",W1,0.01000000,0.00008797,-0.00008797,-0.00008797,0.00000000,near-additive
3000,1,"W1[0,1]",W1,0.00000000,0.00000000,0.00000000,6,"W1[3,0]",W1,0.00000000,0.00000000,0.00000000,0.00000000,0.00000000,near-additive
3000,1,"W1[0,1]",W1,0.00000000,0.00000000,0.00000000,7,"W1[3,1]",W1,0.00000000,0.00000000,0.00000000,0.00000000,0.00000000,near-additive
3000,1,"W1[0,1]",W1,0.00000000,0.00000000,0.00000000,8,"b1[0]",b1,0.00000000,0.00000000,0.00000000,0.00000000,0.00000000,near-additive
3000,1,"W1[0,1]",W1,0.00000000,0.00000000,0.00000000,9,"b1[1]",b1,0.00000000,0.00000000,0.00000000,0.00000000,0.00000000,near-additive
3000,1,"W1[0,1]",W1,0.00000000,0.00000000,0.00000000,10,"b1[2]",b1,0.01000000,0.00004880,-0.00004880,-0.00004880,0.00000000,near-additive
3000,1,"W1[0,1]",W1,0.00000000,0.00000000,0.00000000,11,"b1[3]",b1,0.01000000,0.00002982,-0.00002982,-0.00002982,0.00000000,near-additive
3000,1,"W1[0,1]",W1,0.00000000,0.00000000,0.00000000,12,"W2[0]",W2,0.00000000,0.00000000,0.00000000,0.00000000,0.00000000,near-additive
3000,1,"W1[0,1]",W1,0.00000000,0.00000000,0.00000000,13,"W2[1]",W2,0.00000000,0.00000000,0.00000000,0.00000000,0.00000000,near-additive
3000,1,"W1[0,1]",W1,0.00000000,0.00000000,0.00000000,14,"W2[2]",W2,-0.02000000,0.00004197,-0.00004197,-0.00004197,0.00000000,near-additive
3000,1,"W1[0,1]",W1,0.00000000,0.00000000,0.00000000,15,"W2[3]",W2,0.00000000,0.00000000,0.00000000,0.00000000,0.00000000,near-additive
3000,1,"W1[0,1]",W1,0.00000000,0.00000000,0.00000000,16,"b2",b2,0.00000000,0.00000000,0.00000000,0.00000000,0.00000000,near-additive
3000,2,"W1[1,0]",W1,0.00000000,0.00000000,0.00000000,3,"W1[1,1]",W1,0.00000000,0.00000000,0.00000000,0.00000000,0.00000000,near-additive
3000,2,"W1[1,0]",W1,0.00000000,0.00000000,0.00000000,4,"W1[2,0]",W1,0.02000000,0.00004141,-0.00004141,-0.00004141,0.00000000,near-additive
3000,2,"W1[1,0]",W1,0.00000000,0.00000000,0.00000000,5,"W1[2,1]",W1,0.01000000,0.00008797,-0.00008797,-0.00008797,0.00000000,near-additive
3000,2,"W1[1,0]",W1,0.00000000,0.00000000,0.00000000,6,"W1[3,0]",W1,0.00000000,0.00000000,0.00000000,0.00000000,0.00000000,near-additive
3000,2,"W1[1,0]",W1,0.00000000,0.00000000,0.00000000,7,"W1[3,1]",W1,0.00000000,0.00000000,0.00000000,0.00000000,0.00000000,near-additive
3000,2,"W1[1,0]",W1,0.00000000,0.00000000,0.00000000,8,"b1[0]",b1,0.00000000,0.00000000,0.00000000,0.00000000,0.00000000,near-additive
3000,2,"W1[1,0]",W1,0.00000000,0.00000000,0.00000000,9,"b1[1]",b1,0.00000000,0.00000000,0.00000000,0.00000000,0.00000000,near-additive
3000,2,"W1[1,0]",W1,0.00000000,0.00000000,0.00000000,10,"b1[2]",b1,0.01000000,0.00004880,-0.00004880,-0.00004880,0.00000000,near-additive
3000,2,"W1[1,0]",W1,0.00000000,0.00000000,0.00000000,11,"b1[3]",b1,0.01000000,0.00002982,-0.00002982,-0.00002982,0.00000000,near-additive
3000,2,"W1[1,0]",W1,0.00000000,0.00000000,0.00000000,12,"W2[0]",W2,0.00000000,0.00000000,0.00000000,0.00000000,0.00000000,near-additive
3000,2,"W1[1,0]",W1,0.00000000,0.00000000,0.00000000,13,"W2[1]",W2,0.00000000,0.00000000,0.00000000,0.00000000,0.00000000,near-additive
3000,2,"W1[1,0]",W1,0.00000000,0.00000000,0.00000000,14,"W2[2]",W2,-0.02000000,0.00004197,-0.00004197,-0.00004197,0.00000000,near-additive
3000,2,"W1[1,0]",W1,0.00000000,0.00000000,0.00000000,15,"W2[3]",W2,0.00000000,0.00000000,0.00000000,0.00000000,0.00000000,near-additive
3000,2,"W1[1,0]",W1,0.00000000,0.00000000,0.00000000,16,"b2",b2,0.00000000,0.00000000,0.00000000,0.00000000,0.00000000,near-additive
3000,3,"W1[1,1]",W1,0.00000000,0.00000000,0.00000000,4,"W1[2,0]",W1,0.02000000,0.00004141,-0.00004141,-0.00004141,0.00000000,near-additive
3000,3,"W1[1,1]",W1,0.00000000,0.00000000,0.00000000,5,"W1[2,1]",W1,0.01000000,0.00008797,-0.00008797,-0.00008797,0.00000000,near-additive
3000,3,"W1[1,1]",W1,0.00000000,0.00000000,0.00000000,6,"W1[3,0]",W1,0.00000000,0.00000000,0.00000000,0.00000000,0.00000000,near-additive
3000,3,"W1[1,1]",W1,0.00000000,0.00000000,0.00000000,7,"W1[3,1]",W1,0.00000000,0.00000000,0.00000000,0.00000000,0.00000000,near-additive
3000,3,"W1[1,1]",W1,0.00000000,0.00000000,0.00000000,8,"b1[0]",b1,0.00000000,0.00000000,0.00000000,0.00000000,0.00000000,near-additive
3000,3,"W1[1,1]",W1,0.00000000,0.00000000,0.00000000,9,"b1[1]",b1,0.00000000,0.00000000,0.00000000,0.00000000,0.00000000,near-additive
3000,3,"W1[1,1]",W1,0.00000000,0.00000000,0.00000000,10,"b1[2]",b1,0.01000000,0.00004880,-0.00004880,-0.00004880,0.00000000,near-additive
3000,3,"W1[1,1]",W1,0.00000000,0.00000000,0.00000000,11,"b1[3]",b1,0.01000000,0.00002982,-0.00002982,-0.00002982,0.00000000,near-additive
3000,3,"W1[1,1]",W1,0.00000000,0.00000000,0.00000000,12,"W2[0]",W2,0.00000000,0.00000000,0.00000000,0.00000000,0.00000000,near-additive
3000,3,"W1[1,1]",W1,0.00000000,0.00000000,0.00000000,13,"W2[1]",W2,0.00000000,0.00000000,0.00000000,0.00000000,0.00000000,near-additive
3000,3,"W1[1,1]",W1,0.00000000,0.00000000,0.00000000,14,"W2[2]",W2,-0.02000000,0.00004197,-0.00004197,-0.00004197,0.00000000,near-additive
3000,3,"W1[1,1]",W1,0.00000000,0.00000000,0.00000000,15,"W2[3]",W2,0.00000000,0.00000000,0.00000000,0.00000000,0.00000000,near-additive
3000,3,"W1[1,1]",W1,0.00000000,0.00000000,0.00000000,16,"b2",b2,0.00000000,0.00000000,0.00000000,0.00000000,0.00000000,near-additive
3000,4,"W1[2,0]",W1,0.02000000,0.00004141,-0.00004141,5,"W1[2,1]",W1,0.01000000,0.00008797,-0.00008797,-0.00012495,0.00000442,harmful
3000,4,"W1[2,0]",W1,0.02000000,0.00004141,-0.00004141,6,"W1[3,0]",W1,0.00000000,0.00000000,0.00000000,-0.00004141,0.00000000,near-additive
3000,4,"W1[2,0]",W1,0.02000000,0.00004141,-0.00004141,7,"W1[3,1]",W1,0.00000000,0.00000000,0.00000000,-0.00004141,0.00000000,near-additive
3000,4,"W1[2,0]",W1,0.02000000,0.00004141,-0.00004141,8,"b1[0]",b1,0.00000000,0.00000000,0.00000000,-0.00004141,0.00000000,near-additive
3000,4,"W1[2,0]",W1,0.02000000,0.00004141,-0.00004141,9,"b1[1]",b1,0.00000000,0.00000000,0.00000000,-0.00004141,0.00000000,near-additive
3000,4,"W1[2,0]",W1,0.02000000,0.00004141,-0.00004141,10,"b1[2]",b1,0.01000000,0.00004880,-0.00004880,-0.00008231,0.00000789,harmful
3000,4,"W1[2,0]",W1,0.02000000,0.00004141,-0.00004141,11,"b1[3]",b1,0.01000000,0.00002982,-0.00002982,-0.00007123,0.00000000,near-additive
3000,4,"W1[2,0]",W1,0.02000000,0.00004141,-0.00004141,12,"W2[0]",W2,0.00000000,0.00000000,0.00000000,-0.00004141,0.00000000,near-additive
3000,4,"W1[2,0]",W1,0.02000000,0.00004141,-0.00004141,13,"W2[1]",W2,0.00000000,0.00000000,0.00000000,-0.00004141,0.00000000,near-additive
3000,4,"W1[2,0]",W1,0.02000000,0.00004141,-0.00004141,14,"W2[2]",W2,-0.02000000,0.00004197,-0.00004197,-0.00006664,0.00001674,harmful
3000,4,"W1[2,0]",W1,0.02000000,0.00004141,-0.00004141,15,"W2[3]",W2,0.00000000,0.00000000,0.00000000,-0.00004141,0.00000000,near-additive
3000,4,"W1[2,0]",W1,0.02000000,0.00004141,-0.00004141,16,"b2",b2,0.00000000,0.00000000,0.00000000,-0.00004141,0.00000000,near-additive
3000,5,"W1[2,1]",W1,0.01000000,0.00008797,-0.00008797,6,"W1[3,0]",W1,0.00000000,0.00000000,0.00000000,-0.00008797,0.00000000,near-additive
3000,5,"W1[2,1]",W1,0.01000000,0.00008797,-0.00008797,7,"W1[3,1]",W1,0.00000000,0.00000000,0.00000000,-0.00008797,0.00000000,near-additive
3000,5,"W1[2,1]",W1,0.01000000,0.00008797,-0.00008797,8,"b1[0]",b1,0.00000000,0.00000000,0.00000000,-0.00008797,0.00000000,near-additive
3000,5,"W1[2,1]",W1,0.01000000,0.00008797,-0.00008797,9,"b1[1]",b1,0.00000000,0.00000000,0.00000000,-0.00008797,0.00000000,near-additive
3000,5,"W1[2,1]",W1,0.01000000,0.00008797,-0.00008797,10,"b1[2]",b1,0.01000000,0.00004880,-0.00004880,0.00018002,0.00031678,harmful
3000,5,"W1[2,1]",W1,0.01000000,0.00008797,-0.00008797,11,"b1[3]",b1,0.01000000,0.00002982,-0.00002982,-0.00011778,0.00000000,near-additive
3000,5,"W1[2,1]",W1,0.01000000,0.00008797,-0.00008797,12,"W2[0]",W2,0.00000000,0.00000000,0.00000000,-0.00008797,0.00000000,near-additive
3000,5,"W1[2,1]",W1,0.01000000,0.00008797,-0.00008797,13,"W2[1]",W2,0.00000000,0.00000000,0.00000000,-0.00008797,0.00000000,near-additive
3000,5,"W1[2,1]",W1,0.01000000,0.00008797,-0.00008797,14,"W2[2]",W2,-0.02000000,0.00004197,-0.00004197,-0.00012588,0.00000406,harmful
3000,5,"W1[2,1]",W1,0.01000000,0.00008797,-0.00008797,15,"W2[3]",W2,0.00000000,0.00000000,0.00000000,-0.00008797,0.00000000,near-additive
3000,5,"W1[2,1]",W1,0.01000000,0.00008797,-0.00008797,16,"b2",b2,0.00000000,0.00000000,0.00000000,-0.00008797,0.00000000,near-additive
3000,6,"W1[3,0]",W1,0.00000000,0.00000000,0.00000000,7,"W1[3,1]",W1,0.00000000,0.00000000,0.00000000,0.00000000,0.00000000,near-additive
3000,6,"W1[3,0]",W1,0.00000000,0.00000000,0.00000000,8,"b1[0]",b1,0.00000000,0.00000000,0.00000000,0.00000000,0.00000000,near-additive
3000,6,"W1[3,0]",W1,0.00000000,0.00000000,0.00000000,9,"b1[1]",b1,0.00000000,0.00000000,0.00000000,0.00000000,0.00000000,near-additive
3000,6,"W1[3,0]",W1,0.00000000,0.00000000,0.00000000,10,"b1[2]",b1,0.01000000,0.00004880,-0.00004880,-0.00004880,0.00000000,near-additive
3000,6,"W1[3,0]",W1,0.00000000,0.00000000,0.00000000,11,"b1[3]",b1,0.01000000,0.00002982,-0.00002982,-0.00002982,0.00000000,near-additive
3000,6,"W1[3,0]",W1,0.00000000,0.00000000,0.00000000,12,"W2[0]",W2,0.00000000,0.00000000,0.00000000,0.00000000,0.00000000,near-additive
3000,6,"W1[3,0]",W1,0.00000000,0.00000000,0.00000000,13,"W2[1]",W2,0.00000000,0.00000000,0.00000000,0.00000000,0.00000000,near-additive
3000,6,"W1[3,0]",W1,0.00000000,0.00000000,0.00000000,14,"W2[2]",W2,-0.02000000,0.00004197,-0.00004197,-0.00004197,0.00000000,near-additive
3000,6,"W1[3,0]",W1,0.00000000,0.00000000,0.00000000,15,"W2[3]",W2,0.00000000,0.00000000,0.00000000,0.00000000,0.00000000,near-additive
3000,6,"W1[3,0]",W1,0.00000000,0.00000000,0.00000000,16,"b2",b2,0.00000000,0.00000000,0.00000000,0.00000000,0.00000000,near-additive
3000,7,"W1[3,1]",W1,0.00000000,0.00000000,0.00000000,8,"b1[0]",b1,0.00000000,0.00000000,0.00000000,0.00000000,0.00000000,near-additive
3000,7,"W1[3,1]",W1,0.00000000,0.00000000,0.00000000,9,"b1[1]",b1,0.00000000,0.00000000,0.00000000,0.00000000,0.00000000,near-additive
3000,7,"W1[3,1]",W1,0.00000000,0.00000000,0.00000000,10,"b1[2]",b1,0.01000000,0.00004880,-0.00004880,-0.00004880,0.00000000,near-additive
3000,7,"W1[3,1]",W1,0.00000000,0.00000000,0.00000000,11,"b1[3]",b1,0.01000000,0.00002982,-0.00002982,-0.00002982,0.00000000,near-additive
3000,7,"W1[3,1]",W1,0.00000000,0.00000000,0.00000000,12,"W2[0]",W2,0.00000000,0.00000000,0.00000000,0.00000000,0.00000000,near-additive
3000,7,"W1[3,1]",W1,0.00000000,0.00000000,0.00000000,13,"W2[1]",W2,0.00000000,0.00000000,0.00000000,0.00000000,0.00000000,near-additive
3000,7,"W1[3,1]",W1,0.00000000,0.00000000,0.00000000,14,"W2[2]",W2,-0.02000000,0.00004197,-0.00004197,-0.00004197,0.00000000,near-additive
3000,7,"W1[3,1]",W1,0.00000000,0.00000000,0.00000000,15,"W2[3]",W2,0.00000000,0.00000000,0.00000000,0.00000000,0.00000000,near-additive
3000,7,"W1[3,1]",W1,0.00000000,0.00000000,0.00000000,16,"b2",b2,0.00000000,0.00000000,0.00000000,0.00000000,0.00000000,near-additive
3000,8,"b1[0]",b1,0.00000000,0.00000000,0.00000000,9,"b1[1]",b1,0.00000000,0.00000000,0.00000000,0.00000000,0.00000000,near-additive
3000,8,"b1[0]",b1,0.00000000,0.00000000,0.00000000,10,"b1[2]",b1,0.01000000,0.00004880,-0.00004880,-0.00004880,0.00000000,near-additive
3000,8,"b1[0]",b1,0.00000000,0.00000000,0.00000000,11,"b1[3]",b1,0.01000000,0.00002982,-0.00002982,-0.00002982,0.00000000,near-additive
3000,8,"b1[0]",b1,0.00000000,0.00000000,0.00000000,12,"W2[0]",W2,0.00000000,0.00000000,0.00000000,0.00000000,0.00000000,near-additive
3000,8,"b1[0]",b1,0.00000000,0.00000000,0.00000000,13,"W2[1]",W2,0.00000000,0.00000000,0.00000000,0.00000000,0.00000000,near-additive
3000,8,"b1[0]",b1,0.00000000,0.00000000,0.00000000,14,"W2[2]",W2,-0.02000000,0.00004197,-0.00004197,-0.00004197,0.00000000,near-additive
3000,8,"b1[0]",b1,0.00000000,0.00000000,0.00000000,15,"W2[3]",W2,0.00000000,0.00000000,0.00000000,0.00000000,0.00000000,near-additive
3000,8,"b1[0]",b1,0.00000000,0.00000000,0.00000000,16,"b2",b2,0.00000000,0.00000000,0.00000000,0.00000000,0.00000000,near-additive
3000,9,"b1[1]",b1,0.00000000,0.00000000,0.00000000,10,"b1[2]",b1,0.01000000,0.00004880,-0.00004880,-0.00004880,0.00000000,near-additive
3000,9,"b1[1]",b1,0.00000000,0.00000000,0.00000000,11,"b1[3]",b1,0.01000000,0.00002982,-0.00002982,-0.00002982,0.00000000,near-additive
3000,9,"b1[1]",b1,0.00000000,0.00000000,0.00000000,12,"W2[0]",W2,0.00000000,0.00000000,0.00000000,0.00000000,0.00000000,near-additive
3000,9,"b1[1]",b1,0.00000000,0.00000000,0.00000000,13,"W2[1]",W2,0.00000000,0.00000000,0.00000000,0.00000000,0.00000000,near-additive
3000,9,"b1[1]",b1,0.00000000,0.00000000,0.00000000,14,"W2[2]",W2,-0.02000000,0.00004197,-0.00004197,-0.00004197,0.00000000,near-additive
3000,9,"b1[1]",b1,0.00000000,0.00000000,0.00000000,15,"W2[3]",W2,0.00000000,0.00000000,0.00000000,0.00000000,0.00000000,near-additive
3000,9,"b1[1]",b1,0.00000000,0.00000000,0.00000000,16,"b2",b2,0.00000000,0.00000000,0.00000000,0.00000000,0.00000000,near-additive
3000,10,"b1[2]",b1,0.01000000,0.00004880,-0.00004880,11,"b1[3]",b1,0.01000000,0.00002982,-0.00002982,-0.00007785,0.00000077,harmful
3000,10,"b1[2]",b1,0.01000000,0.00004880,-0.00004880,12,"W2[0]",W2,0.00000000,0.00000000,0.00000000,-0.00004880,0.00000000,near-additive
3000,10,"b1[2]",b1,0.01000000,0.00004880,-0.00004880,13,"W2[1]",W2,0.00000000,0.00000000,0.00000000,-0.00004880,0.00000000,near-additive
3000,10,"b1[2]",b1,0.01000000,0.00004880,-0.00004880,14,"W2[2]",W2,-0.02000000,0.00004197,-0.00004197,-0.00008259,0.00000818,harmful
3000,10,"b1[2]",b1,0.01000000,0.00004880,-0.00004880,15,"W2[3]",W2,0.00000000,0.00000000,0.00000000,-0.00004880,0.00000000,near-additive
3000,10,"b1[2]",b1,0.01000000,0.00004880,-0.00004880,16,"b2",b2,0.00000000,0.00000000,0.00000000,-0.00004880,0.00000000,near-additive
3000,11,"b1[3]",b1,0.01000000,0.00002982,-0.00002982,12,"W2[0]",W2,0.00000000,0.00000000,0.00000000,-0.00002982,0.00000000,near-additive
3000,11,"b1[3]",b1,0.01000000,0.00002982,-0.00002982,13,"W2[1]",W2,0.00000000,0.00000000,0.00000000,-0.00002982,0.00000000,near-additive
3000,11,"b1[3]",b1,0.01000000,0.00002982,-0.00002982,14,"W2[2]",W2,-0.02000000,0.00004197,-0.00004197,-0.00007176,0.00000003,near-additive
3000,11,"b1[3]",b1,0.01000000,0.00002982,-0.00002982,15,"W2[3]",W2,0.00000000,0.00000000,0.00000000,-0.00002982,0.00000000,near-additive
3000,11,"b1[3]",b1,0.01000000,0.00002982,-0.00002982,16,"b2",b2,0.00000000,0.00000000,0.00000000,-0.00002982,0.00000000,near-additive
3000,12,"W2[0]",W2,0.00000000,0.00000000,0.00000000,13,"W2[1]",W2,0.00000000,0.00000000,0.00000000,0.00000000,0.00000000,near-additive
3000,12,"W2[0]",W2,0.00000000,0.00000000,0.00000000,14,"W2[2]",W2,-0.02000000,0.00004197,-0.00004197,-0.00004197,0.00000000,near-additive
3000,12,"W2[0]",W2,0.00000000,0.00000000,0.00000000,15,"W2[3]",W2,0.00000000,0.00000000,0.00000000,0.00000000,0.00000000,near-additive
3000,12,"W2[0]",W2,0.00000000,0.00000000,0.00000000,16,"b2",b2,0.00000000,0.00000000,0.00000000,0.00000000,0.00000000,near-additive
3000,13,"W2[1]",W2,0.00000000,0.00000000,0.00000000,14,"W2[2]",W2,-0.02000000,0.00004197,-0.00004197,-0.00004197,0.00000000,near-additive
3000,13,"W2[1]",W2,0.00000000,0.00000000,0.00000000,15,"W2[3]",W2,0.00000000,0.00000000,0.00000000,0.00000000,0.00000000,near-additive
3000,13,"W2[1]",W2,0.00000000,0.00000000,0.00000000,16,"b2",b2,0.00000000,0.00000000,0.00000000,0.00000000,0.00000000,near-additive
3000,14,"W2[2]",W2,-0.02000000,0.00004197,-0.00004197,15,"W2[3]",W2,0.00000000,0.00000000,0.00000000,-0.00004197,0.00000000,near-additive
3000,14,"W2[2]",W2,-0.02000000,0.00004197,-0.00004197,16,"b2",b2,0.00000000,0.00000000,0.00000000,-0.00004197,0.00000000,near-additive
3000,15,"W2[3]",W2,0.00000000,0.00000000,0.00000000,16,"b2",b2,0.00000000,0.00000000,0.00000000,0.00000000,0.00000000,near-additive
