dataset_index,initialization_index,anchor_step,reuse_commits,method,n_streams,amortized_proxy_ns,verifier_ns,projected_total_ns,within_variance_v48,predicted_rmse_v48,observed_rmse_v48,selected_program_regret_v48
0,0,600,1,balanced_kmeans,2,2903850.00,504500.00,3408350.00,1.142845119593e-5,3.449204428538e-4,3.431961655787e-4,5.791220296487e-4
0,0,600,1,hash_placebo_mean,2,14200.00,504500.00,518700.00,1.871962404608e-5,4.415314734028e-4,4.405484816194e-4,6.022649964148e-4
0,0,600,1,nearest_centroid_quota_repair,2,2728950.00,504500.00,3233450.00,1.142845119593e-5,3.449204428538e-4,3.431961655787e-4,5.791220296487e-4
0,0,600,1,projected_order_1d,2,31950.00,504500.00,536450.00,1.404251441303e-5,3.824126572421e-4,3.880709382911e-4,6.103393209003e-4
0,0,600,1,warm_start_balanced_kmeans,2,2459450.00,504500.00,2963950.00,1.142845119593e-5,3.449204428538e-4,3.431961655787e-4,5.791220296487e-4
0,0,600,10,balanced_kmeans,2,290385.00,492750.00,783135.00,1.080718728291e-5,3.354957089178e-4,3.376094276356e-4,3.928764269525e-4
0,0,600,10,hash_placebo_mean,2,1420.00,492750.00,494170.00,1.811977592460e-5,4.342972550671e-4,4.359493191387e-4,4.064453553970e-4
0,0,600,10,nearest_centroid_quota_repair,2,272895.00,492750.00,765645.00,1.080718728291e-5,3.354957089178e-4,3.376094276356e-4,3.928764269525e-4
0,0,600,10,projected_order_1d,2,3195.00,492750.00,495945.00,1.342114189856e-5,3.738398229903e-4,3.825949396995e-4,4.150432983843e-4
0,0,600,10,warm_start_balanced_kmeans,2,245945.00,492750.00,738695.00,1.080718728291e-5,3.354957089178e-4,3.376094276356e-4,3.928764269525e-4
0,0,600,25,balanced_kmeans,2,116154.00,531200.00,647354.00,1.128645769828e-5,3.428628188920e-4,3.464517442481e-4,6.636793537211e-4
0,0,600,25,hash_placebo_mean,2,568.00,531200.00,531768.00,1.793833580485e-5,4.322281979116e-4,4.323072789268e-4,5.774985626772e-4
0,0,600,25,nearest_centroid_quota_repair,2,109158.00,531200.00,640358.00,1.128645769828e-5,3.428628188920e-4,3.464517442481e-4,6.636793537211e-4
0,0,600,25,projected_order_1d,2,1278.00,531200.00,532478.00,1.386004894298e-5,3.798610656900e-4,3.793108511235e-4,6.550851985025e-4
0,0,600,25,warm_start_balanced_kmeans,2,98378.00,531200.00,629578.00,1.128645769828e-5,3.428628188920e-4,3.464517442481e-4,6.636793537211e-4
0,0,600,50,balanced_kmeans,2,58077.00,495450.00,553527.00,1.236687693556e-5,3.588982496181e-4,3.530121084543e-4,4.434070186505e-4
0,0,600,50,hash_placebo_mean,2,284.00,495450.00,495734.00,1.981285903770e-5,4.539791273807e-4,4.501224739602e-4,4.608530715208e-4
0,0,600,50,nearest_centroid_quota_repair,2,54579.00,495450.00,550029.00,1.236687693556e-5,3.588982496181e-4,3.530121084543e-4,4.434070186505e-4
0,0,600,50,projected_order_1d,2,639.00,495450.00,496089.00,1.493359692230e-5,3.942872497502e-4,3.971679217096e-4,4.510090167666e-4
0,0,600,50,warm_start_balanced_kmeans,2,49189.00,495450.00,544639.00,1.236687693556e-5,3.588982496181e-4,3.530121084543e-4,4.434070186505e-4
0,0,600,100,balanced_kmeans,2,29038.50,503100.00,532138.50,1.238729832406e-5,3.592122527396e-4,3.555112674176e-4,4.334363247125e-4
0,0,600,100,hash_placebo_mean,2,142.00,503100.00,503242.00,2.005538126511e-5,4.569695924926e-4,4.576934109791e-4,5.338876760081e-4
0,0,600,100,nearest_centroid_quota_repair,2,27289.50,503100.00,530389.50,1.238729832406e-5,3.592122527396e-4,3.555112674176e-4,4.334363247125e-4
0,0,600,100,projected_order_1d,2,319.50,503100.00,503419.50,1.512122721672e-5,3.968507286167e-4,4.001373559588e-4,5.147357306896e-4
0,0,600,100,warm_start_balanced_kmeans,2,24594.50,503100.00,527694.50,1.238729832406e-5,3.592122527396e-4,3.555112674176e-4,4.334363247125e-4
0,0,2400,1,balanced_kmeans,2,2679200.00,535650.00,3214850.00,5.107368908446e-5,7.276901211234e-4,7.282409820943e-4,7.992402030839e-4
0,0,2400,1,hash_placebo_mean,2,0.00,535650.00,535650.00,6.403377786018e-5,8.148192733926e-4,8.186387361205e-4,8.619774078314e-4
0,0,2400,1,nearest_centroid_quota_repair,2,63550.00,535650.00,599200.00,5.335998120039e-5,7.436217497772e-4,7.398947171436e-4,8.399973444639e-4
0,0,2400,1,projected_order_1d,2,24300.00,535650.00,559950.00,5.465536634574e-5,7.525685447196e-4,7.505500878280e-4,8.073444610091e-4
0,0,2400,1,warm_start_balanced_kmeans,2,1733300.00,535650.00,2268950.00,5.118750968812e-5,7.284430258645e-4,7.141691601817e-4,7.760550193154e-4
0,0,2400,10,balanced_kmeans,2,267920.00,571350.00,839270.00,4.745715945075e-5,7.030395039071e-4,6.990631328715e-4,9.308720788965e-4
0,0,2400,10,hash_placebo_mean,2,0.00,571350.00,571350.00,6.106408618393e-5,7.975374653727e-4,8.073479389573e-4,9.553818786561e-4
0,0,2400,10,nearest_centroid_quota_repair,2,6355.00,571350.00,577705.00,4.988435303356e-5,7.207450509366e-4,7.113962889098e-4,9.301901429808e-4
0,0,2400,10,projected_order_1d,2,2430.00,571350.00,573780.00,5.093053323894e-5,7.283361759900e-4,7.329005223621e-4,9.509515836221e-4
0,0,2400,10,warm_start_balanced_kmeans,2,173330.00,571350.00,744680.00,4.755093794700e-5,7.037231436547e-4,6.968960975083e-4,9.697000735400e-4
0,0,2400,25,balanced_kmeans,2,107168.00,500650.00,607818.00,5.799223242063e-5,7.770677901594e-4,7.704110684509e-4,7.859974466555e-4
0,0,2400,25,hash_placebo_mean,2,0.00,500650.00,500650.00,7.078897277876e-5,8.584509487630e-4,8.523279264067e-4,9.156734522122e-4
0,0,2400,25,nearest_centroid_quota_repair,2,2542.00,500650.00,503192.00,5.996166490176e-5,7.900299025691e-4,8.023815527836e-4,8.551081679684e-4
0,0,2400,25,projected_order_1d,2,972.00,500650.00,501622.00,6.135151801610e-5,7.992073035306e-4,7.838004055247e-4,8.660927002495e-4
0,0,2400,25,warm_start_balanced_kmeans,2,69332.00,500650.00,569982.00,5.807949724843e-5,7.776382494609e-4,7.750386165210e-4,8.783128749883e-4
0,0,2400,50,balanced_kmeans,2,53584.00,490600.00,544184.00,5.373167159953e-5,7.475714226659e-4,7.663886112380e-4,8.580460213139e-4
0,0,2400,50,hash_placebo_mean,2,0.00,490600.00,490600.00,6.859553057451e-5,8.450957542676e-4,8.507811046267e-4,8.989289223704e-4
0,0,2400,50,nearest_centroid_quota_repair,2,1271.00,490600.00,491871.00,5.637565720636e-5,7.658391635209e-4,7.669012459171e-4,9.024906101018e-4
0,0,2400,50,projected_order_1d,2,486.00,490600.00,491086.00,5.764209472425e-5,7.743821977850e-4,7.714286556368e-4,9.816071351736e-4
0,0,2400,50,warm_start_balanced_kmeans,2,34666.00,490600.00,525266.00,5.383162144611e-5,7.482493158679e-4,7.433429144981e-4,8.728761255909e-4
0,0,2400,100,balanced_kmeans,2,26792.00,503150.00,529942.00,4.849758293473e-5,7.107446449571e-4,7.029187048758e-4,7.334838403494e-4
0,0,2400,100,hash_placebo_mean,2,0.00,503150.00,503150.00,6.181383974601e-5,8.023626336369e-4,8.139045107332e-4,8.173360298092e-4
0,0,2400,100,nearest_centroid_quota_repair,2,635.50,503150.00,503785.50,5.060354976534e-5,7.260237584139e-4,7.306138979853e-4,7.605027918292e-4
0,0,2400,100,projected_order_1d,2,243.00,503150.00,503393.00,5.139088141244e-5,7.316487422731e-4,7.380738164301e-4,8.445738985756e-4
0,0,2400,100,warm_start_balanced_kmeans,2,17333.00,503150.00,520483.00,4.854590133409e-5,7.110957454951e-4,7.307260267925e-4,7.886730737852e-4
0,1,600,1,balanced_kmeans,2,1649500.00,496900.00,2146400.00,7.907278661230e-6,2.868929020456e-4,2.848381121496e-4,2.854535183872e-4
0,1,600,1,hash_placebo_mean,2,14200.00,496900.00,511100.00,1.378718399214e-5,3.787991752689e-4,3.827804163534e-4,3.966981947734e-4
0,1,600,1,nearest_centroid_quota_repair,2,2170550.00,496900.00,2667450.00,7.907278661230e-6,2.868929020456e-4,2.848381121496e-4,2.854535183872e-4
0,1,600,1,projected_order_1d,2,22650.00,496900.00,519550.00,9.645391564410e-6,3.166580264071e-4,3.148686980084e-4,3.569919508664e-4
0,1,600,1,warm_start_balanced_kmeans,2,2080300.00,496900.00,2577200.00,7.907278661230e-6,2.868929020456e-4,2.848381121496e-4,2.854535183872e-4
0,1,600,10,balanced_kmeans,2,164950.00,505750.00,670700.00,8.278391066072e-6,2.935899491800e-4,2.920435304276e-4,3.775787240698e-4
0,1,600,10,hash_placebo_mean,2,1420.00,505750.00,507170.00,1.380950344757e-5,3.792661842454e-4,3.780655291982e-4,4.761693813324e-4
0,1,600,10,nearest_centroid_quota_repair,2,217055.00,505750.00,722805.00,8.278391066072e-6,2.935899491800e-4,2.920435304276e-4,3.775787240698e-4
0,1,600,10,projected_order_1d,2,2265.00,505750.00,508015.00,1.003900063603e-5,3.233766857942e-4,3.212709455199e-4,3.966654914223e-4
0,1,600,10,warm_start_balanced_kmeans,2,208030.00,505750.00,713780.00,8.278391066072e-6,2.935899491800e-4,2.920435304276e-4,3.775787240698e-4
0,1,600,25,balanced_kmeans,2,65980.00,500700.00,566680.00,8.403448767397e-6,2.958646903810e-4,2.985150905482e-4,3.442239142544e-4
0,1,600,25,hash_placebo_mean,2,568.00,500700.00,501268.00,1.378578426019e-5,3.789395712197e-4,3.804456294200e-4,4.111104114237e-4
0,1,600,25,nearest_centroid_quota_repair,2,86822.00,500700.00,587522.00,8.403448767397e-6,2.958646903810e-4,2.985150905482e-4,3.442239142544e-4
0,1,600,25,projected_order_1d,2,906.00,500700.00,501606.00,1.018650032394e-5,3.256373258573e-4,3.230732475827e-4,4.386858553005e-4
0,1,600,25,warm_start_balanced_kmeans,2,83212.00,500700.00,583912.00,8.403448767397e-6,2.958646903810e-4,2.985150905482e-4,3.442239142544e-4
0,1,600,50,balanced_kmeans,2,32990.00,519150.00,552140.00,7.771316205000e-6,2.844406996330e-4,2.820584214119e-4,4.196374949998e-4
0,1,600,50,hash_placebo_mean,2,284.00,519150.00,519434.00,1.316798655757e-5,3.702950517140e-4,3.662992375351e-4,4.505204340166e-4
0,1,600,50,nearest_centroid_quota_repair,2,43411.00,519150.00,562561.00,7.771316205000e-6,2.844406996330e-4,2.820584214119e-4,4.196374949998e-4
0,1,600,50,projected_order_1d,2,453.00,519150.00,519603.00,9.467129735904e-6,3.140159891060e-4,3.226393291306e-4,4.649996625972e-4
0,1,600,50,warm_start_balanced_kmeans,2,41606.00,519150.00,560756.00,7.771316205000e-6,2.844406996330e-4,2.820584214119e-4,4.196374949998e-4
0,1,600,100,balanced_kmeans,2,16495.00,535900.00,552395.00,9.745229953428e-6,3.186073246813e-4,3.199556012068e-4,3.753026204549e-4
0,1,600,100,hash_placebo_mean,2,142.00,535900.00,536042.00,1.529543003474e-5,3.990956848415e-4,3.986770097356e-4,3.770456039571e-4
0,1,600,100,nearest_centroid_quota_repair,2,21705.50,535900.00,557605.50,9.745229953428e-6,3.186073246813e-4,3.199556012068e-4,3.753026204549e-4
0,1,600,100,projected_order_1d,2,226.50,535900.00,536126.50,1.149029877207e-5,3.458715579241e-4,3.402034595208e-4,3.612377902396e-4
0,1,600,100,warm_start_balanced_kmeans,2,20803.00,535900.00,556703.00,9.745229953428e-6,3.186073246813e-4,3.199556012068e-4,3.753026204549e-4
0,1,2400,1,balanced_kmeans,2,1922900.00,531400.00,2454300.00,3.595123393162e-5,6.119239372069e-4,6.194435144852e-4,5.709700191323e-4
0,1,2400,1,hash_placebo_mean,2,0.00,531400.00,531400.00,4.341077820923e-5,6.723578991248e-4,6.790473386050e-4,4.818419314296e-4
0,1,2400,1,nearest_centroid_quota_repair,2,67050.00,531400.00,598450.00,3.687973932760e-5,6.197843356608e-4,6.215128080692e-4,5.007648471747e-4
0,1,2400,1,projected_order_1d,2,22650.00,531400.00,554050.00,3.945046041295e-5,6.409329932357e-4,6.514628140933e-4,3.731116622134e-4
0,1,2400,1,warm_start_balanced_kmeans,2,1267550.00,531400.00,1798950.00,3.576077813928e-5,6.103167768505e-4,6.145017720398e-4,4.696406398352e-4
0,1,2400,10,balanced_kmeans,2,192290.00,488300.00,680590.00,3.617857532230e-5,6.128641350276e-4,6.333906864796e-4,6.056560043817e-4
0,1,2400,10,hash_placebo_mean,2,0.00,488300.00,488300.00,4.368817193086e-5,6.737857127129e-4,6.705514579389e-4,6.016016783752e-4
0,1,2400,10,nearest_centroid_quota_repair,2,6705.00,488300.00,495005.00,3.700325325209e-5,6.197720435454e-4,6.059431304814e-4,6.424125986939e-4
0,1,2400,10,projected_order_1d,2,2265.00,488300.00,490565.00,3.923621824298e-5,6.384911204100e-4,6.326368448037e-4,5.814302354423e-4
0,1,2400,10,warm_start_balanced_kmeans,2,126755.00,488300.00,615055.00,3.601874889665e-5,6.113947596726e-4,6.080045131074e-4,5.480051401818e-4
0,1,2400,25,balanced_kmeans,2,76916.00,533850.00,610766.00,3.723639259565e-5,6.214329820454e-4,6.234227840395e-4,5.495167644654e-4
0,1,2400,25,hash_placebo_mean,2,0.00,533850.00,533850.00,4.472325998908e-5,6.818074910079e-4,6.785177675998e-4,5.502657487810e-4
0,1,2400,25,nearest_centroid_quota_repair,2,2682.00,533850.00,536532.00,3.832069938670e-5,6.304326025813e-4,6.207234824998e-4,5.619624778035e-4
0,1,2400,25,projected_order_1d,2,906.00,533850.00,534756.00,4.046584146060e-5,6.484945222179e-4,6.515942794511e-4,5.569258178753e-4
0,1,2400,25,warm_start_balanced_kmeans,2,50702.00,533850.00,584552.00,3.716064149745e-5,6.206028084970e-4,6.229801444066e-4,5.624786184342e-4
0,1,2400,50,balanced_kmeans,2,38458.00,539900.00,578358.00,3.694477425254e-5,6.202369917230e-4,6.267170920730e-4,5.452679980635e-4
0,1,2400,50,hash_placebo_mean,2,0.00,539900.00,539900.00,4.254796116980e-5,6.653965909559e-4,6.592041565076e-4,5.570871010185e-4
0,1,2400,50,nearest_centroid_quota_repair,2,1341.00,539900.00,541241.00,3.771751637022e-5,6.267381697994e-4,6.352927269196e-4,5.722183979557e-4
0,1,2400,50,projected_order_1d,2,453.00,539900.00,540353.00,3.889369816921e-5,6.363544087920e-4,6.383638702855e-4,4.978754121510e-4
0,1,2400,50,warm_start_balanced_kmeans,2,25351.00,539900.00,565251.00,3.679953400143e-5,6.190708225650e-4,6.116727632784e-4,5.191366460835e-4
0,1,2400,100,balanced_kmeans,2,19229.00,534250.00,553479.00,3.703769987349e-5,6.211285020679e-4,6.275864494682e-4,6.364036567845e-4
0,1,2400,100,hash_placebo_mean,2,0.00,534250.00,534250.00,4.345567792435e-5,6.726241763490e-4,6.664129292725e-4,6.868241458987e-4
0,1,2400,100,nearest_centroid_quota_repair,2,670.50,534250.00,534920.50,3.787010222691e-5,6.280671671079e-4,6.278289635245e-4,7.032488195664e-4
0,1,2400,100,projected_order_1d,2,226.50,534250.00,534476.50,4.007463117086e-5,6.460445350829e-4,6.344243067476e-4,5.918707415162e-4
0,1,2400,100,warm_start_balanced_kmeans,2,12675.50,534250.00,546925.50,3.673591097569e-5,6.185998125621e-4,6.097239864460e-4,6.791849425078e-4
0,2,600,1,balanced_kmeans,2,1651800.00,492150.00,2143950.00,3.125146747830e-6,1.797725190317e-4,1.767088021876e-4,2.970923997907e-4
0,2,600,1,hash_placebo_mean,2,14200.00,492150.00,506350.00,7.729000244262e-6,2.837196068732e-4,2.885034380234e-4,2.717365687523e-4
0,2,600,1,nearest_centroid_quota_repair,2,1728750.00,492150.00,2220900.00,3.125146747830e-6,1.797725190317e-4,1.767088021876e-4,2.970923997907e-4
0,2,600,1,projected_order_1d,2,19400.00,492150.00,511550.00,3.917281785983e-6,2.019983612205e-4,2.009767592625e-4,2.964416047746e-4
0,2,600,1,warm_start_balanced_kmeans,2,1646850.00,492150.00,2139000.00,3.125146747830e-6,1.797725190317e-4,1.767088021876e-4,2.970923997907e-4
0,2,600,10,balanced_kmeans,2,165180.00,502550.00,667730.00,3.360673521260e-6,1.864794176659e-4,1.856664834105e-4,4.032726671213e-4
0,2,600,10,hash_placebo_mean,2,1420.00,502550.00,503970.00,8.017986184643e-6,2.889547216784e-4,2.905692191033e-4,4.673176019674e-4
0,2,600,10,nearest_centroid_quota_repair,2,172875.00,502550.00,675425.00,3.360673521260e-6,1.864794176659e-4,1.856664834105e-4,4.032726671213e-4
0,2,600,10,projected_order_1d,2,1940.00,502550.00,504490.00,4.101258259731e-6,2.066913113811e-4,2.114343576131e-4,4.102734330829e-4
0,2,600,10,warm_start_balanced_kmeans,2,164685.00,502550.00,667235.00,3.360673521260e-6,1.864794176659e-4,1.856664834105e-4,4.032726671213e-4
0,2,600,25,balanced_kmeans,2,66072.00,490450.00,556522.00,3.509721022129e-6,1.899347534302e-4,1.931822604879e-4,2.535471762144e-4
0,2,600,25,hash_placebo_mean,2,568.00,490450.00,491018.00,8.326530686057e-6,2.943867626671e-4,2.928420795500e-4,3.533267459179e-4
0,2,600,25,nearest_centroid_quota_repair,2,69150.00,490450.00,559600.00,3.509721022129e-6,1.899347534302e-4,1.931822604879e-4,2.535471762144e-4
0,2,600,25,projected_order_1d,2,776.00,490450.00,491226.00,4.336675325206e-6,2.123208432993e-4,2.073452109881e-4,2.571512163740e-4
0,2,600,25,warm_start_balanced_kmeans,2,65874.00,490450.00,556324.00,3.509721022129e-6,1.899347534302e-4,1.931822604879e-4,2.535471762144e-4
0,2,600,50,balanced_kmeans,2,33036.00,498850.00,531886.00,4.254027400393e-6,2.094618221060e-4,2.099893333299e-4,2.615542159532e-4
0,2,600,50,hash_placebo_mean,2,284.00,498850.00,499134.00,8.909633110525e-6,3.046235170917e-4,3.078713443063e-4,3.627520201270e-4
0,2,600,50,nearest_centroid_quota_repair,2,34575.00,498850.00,533425.00,4.254027400393e-6,2.094618221060e-4,2.099893333299e-4,2.615542159532e-4
0,2,600,50,projected_order_1d,2,388.00,498850.00,499238.00,4.952965581905e-6,2.269424311797e-4,2.279869650044e-4,3.088529047659e-4
0,2,600,50,warm_start_balanced_kmeans,2,32937.00,498850.00,531787.00,4.254027400393e-6,2.094618221060e-4,2.099893333299e-4,2.615542159532e-4
0,2,600,100,balanced_kmeans,2,16518.00,522100.00,538618.00,4.841931502291e-6,2.238615907991e-4,2.257483208803e-4,2.109859289074e-4
0,2,600,100,hash_placebo_mean,2,142.00,522100.00,522242.00,1.031259683674e-5,3.277339445809e-4,3.288798094991e-4,3.080814473577e-4
0,2,600,100,nearest_centroid_quota_repair,2,17287.50,522100.00,539387.50,4.841931502291e-6,2.238615907991e-4,2.257483208803e-4,2.109859289074e-4
0,2,600,100,projected_order_1d,2,194.00,522100.00,522294.00,5.694661237017e-6,2.435062265564e-4,2.471450802703e-4,2.649938237340e-4
0,2,600,100,warm_start_balanced_kmeans,2,16468.50,522100.00,538568.50,4.841931502291e-6,2.238615907991e-4,2.257483208803e-4,2.109859289074e-4
0,2,2400,1,balanced_kmeans,2,2027150.00,527350.00,2554500.00,2.647507321620e-5,5.228803037382e-4,5.235035367762e-4,7.235524720599e-4
0,2,2400,1,hash_placebo_mean,2,0.00,527350.00,527350.00,3.450433227453e-5,5.981697881589e-4,6.016113202796e-4,6.583160279421e-4
0,2,2400,1,nearest_centroid_quota_repair,2,64000.00,527350.00,591350.00,2.707946868080e-5,5.292187611769e-4,5.264191248827e-4,7.293690071393e-4
0,2,2400,1,projected_order_1d,2,20900.00,527350.00,548250.00,3.083537182302e-5,5.649495849298e-4,5.499259568776e-4,6.532812265476e-4
0,2,2400,1,warm_start_balanced_kmeans,2,2229950.00,527350.00,2757300.00,2.651589545986e-5,5.233227787363e-4,5.088343817754e-4,6.267362499059e-4
0,2,2400,10,balanced_kmeans,2,202715.00,520800.00,723515.00,2.448918982710e-5,5.017498127913e-4,4.960437638102e-4,8.640651621477e-4
0,2,2400,10,hash_placebo_mean,2,0.00,520800.00,520800.00,3.125864385773e-5,5.680589736072e-4,5.712917111397e-4,8.957864474346e-4
0,2,2400,10,nearest_centroid_quota_repair,2,6400.00,520800.00,527200.00,2.497293967719e-5,5.073754355302e-4,5.013803820837e-4,9.692138652895e-4
0,2,2400,10,projected_order_1d,2,2090.00,520800.00,522890.00,2.846254989949e-5,5.409418752475e-4,5.360009447421e-4,8.050958982331e-4
0,2,2400,10,warm_start_balanced_kmeans,2,222995.00,520800.00,743795.00,2.438960785007e-5,5.008219459393e-4,5.019150726603e-4,9.188108440839e-4
0,2,2400,25,balanced_kmeans,2,81086.00,511000.00,592086.00,2.646674386081e-5,5.240968639089e-4,5.169787541366e-4,7.006105620917e-4
0,2,2400,25,hash_placebo_mean,2,0.00,511000.00,511000.00,3.489742198352e-5,6.018816935708e-4,6.013829556356e-4,8.270446342742e-4
0,2,2400,25,nearest_centroid_quota_repair,2,2560.00,511000.00,513560.00,2.725478042464e-5,5.319650351740e-4,5.351394561997e-4,7.143301412498e-4
0,2,2400,25,projected_order_1d,2,836.00,511000.00,511836.00,3.145614607304e-5,5.712356450037e-4,5.609314421502e-4,8.016285058119e-4
0,2,2400,25,warm_start_balanced_kmeans,2,89198.00,511000.00,600198.00,2.621325202059e-5,5.217006045832e-4,5.116962046056e-4,7.006040859920e-4
0,2,2400,50,balanced_kmeans,2,40543.00,498850.00,539393.00,2.439817948599e-5,5.018177478511e-4,4.974212209027e-4,9.073685539249e-4
0,2,2400,50,hash_placebo_mean,2,0.00,498850.00,498850.00,3.316219738126e-5,5.858139412490e-4,5.828942827765e-4,9.078161981559e-4
0,2,2400,50,nearest_centroid_quota_repair,2,1280.00,498850.00,500130.00,2.532248446763e-5,5.112051320869e-4,5.191579515312e-4,9.246115987764e-4
0,2,2400,50,projected_order_1d,2,418.00,498850.00,499268.00,2.955622148634e-5,5.515890432521e-4,5.361905674576e-4,9.066785328287e-4
0,2,2400,50,warm_start_balanced_kmeans,2,44599.00,498850.00,543449.00,2.430895565768e-5,5.009579634956e-4,4.964323850476e-4,9.447544799173e-4
0,2,2400,100,balanced_kmeans,2,20271.50,492150.00,512421.50,2.862058700560e-5,5.429029049045e-4,5.466214223720e-4,8.481966560936e-4
0,2,2400,100,hash_placebo_mean,2,0.00,492150.00,492150.00,3.794200916471e-5,6.262501000278e-4,6.312433679215e-4,8.654977848996e-4
0,2,2400,100,nearest_centroid_quota_repair,2,640.00,492150.00,492790.00,2.991161709167e-5,5.555603758501e-4,5.559611626229e-4,8.013039376920e-4
0,2,2400,100,projected_order_1d,2,209.00,492150.00,492359.00,3.415837260538e-5,5.930630198685e-4,5.794970329438e-4,8.710701213204e-4
0,2,2400,100,warm_start_balanced_kmeans,2,22299.50,492150.00,514449.50,2.845445779628e-5,5.414632556848e-4,5.416692396252e-4,7.646061300903e-4
1,0,600,1,balanced_kmeans,2,1922250.00,523500.00,2445750.00,6.068594669236e-6,2.513353179573e-4,2.536828442680e-4,2.433021043089e-4
1,0,600,1,hash_placebo_mean,2,14200.00,523500.00,537700.00,1.301088815923e-5,3.679011517875e-4,3.654425497355e-4,3.964024707832e-4
1,0,600,1,nearest_centroid_quota_repair,2,2476000.00,523500.00,2999500.00,6.068594669236e-6,2.513353179573e-4,2.536828442680e-4,2.433021043089e-4
1,0,600,1,projected_order_1d,2,21300.00,523500.00,544800.00,7.694869118378e-6,2.830273623975e-4,2.785906704600e-4,3.204837687676e-4
1,0,600,1,warm_start_balanced_kmeans,2,1870300.00,523500.00,2393800.00,6.068594669236e-6,2.513353179573e-4,2.536828442680e-4,2.433021043089e-4
1,0,600,10,balanced_kmeans,2,192225.00,496950.00,689175.00,6.305475319592e-6,2.560869371523e-4,2.529054835206e-4,3.211715529687e-4
1,0,600,10,hash_placebo_mean,2,1420.00,496950.00,498370.00,1.290392221139e-5,3.661036857387e-4,3.646831647958e-4,3.874324216362e-4
1,0,600,10,nearest_centroid_quota_repair,2,247600.00,496950.00,744550.00,6.305475319592e-6,2.560869371523e-4,2.529054835206e-4,3.211715529687e-4
1,0,600,10,projected_order_1d,2,2130.00,496950.00,499080.00,7.946673148123e-6,2.873993141246e-4,2.875689050264e-4,3.312483113618e-4
1,0,600,10,warm_start_balanced_kmeans,2,187030.00,496950.00,683980.00,6.305475319592e-6,2.560869371523e-4,2.529054835206e-4,3.211715529687e-4
1,0,600,25,balanced_kmeans,2,76890.00,493500.00,570390.00,6.903844427672e-6,2.679842658676e-4,2.674481360482e-4,3.576515849772e-4
1,0,600,25,hash_placebo_mean,2,568.00,493500.00,494068.00,1.433653298184e-5,3.859380895890e-4,3.852054516303e-4,4.083404792112e-4
1,0,600,25,nearest_centroid_quota_repair,2,99040.00,493500.00,592540.00,6.903844427672e-6,2.679842658676e-4,2.674481360482e-4,3.576515849772e-4
1,0,600,25,projected_order_1d,2,852.00,493500.00,494352.00,8.578686122842e-6,2.987579399977e-4,2.916756566989e-4,3.737258102774e-4
1,0,600,25,warm_start_balanced_kmeans,2,74812.00,493500.00,568312.00,6.903844427672e-6,2.679842658676e-4,2.674481360482e-4,3.576515849772e-4
1,0,600,50,balanced_kmeans,2,38445.00,525650.00,564095.00,6.970009648427e-6,2.694429040829e-4,2.660177783184e-4,3.266492578291e-4
1,0,600,50,hash_placebo_mean,2,284.00,525650.00,525934.00,1.503604813744e-5,3.952864470178e-4,3.997517891581e-4,5.055936879537e-4
1,0,600,50,nearest_centroid_quota_repair,2,49520.00,525650.00,575170.00,6.970009648427e-6,2.694429040829e-4,2.660177783184e-4,3.266492578291e-4
1,0,600,50,projected_order_1d,2,426.00,525650.00,526076.00,8.622961808246e-6,2.996587567396e-4,3.003783396209e-4,3.706798902741e-4
1,0,600,50,warm_start_balanced_kmeans,2,37406.00,525650.00,563056.00,6.970009648427e-6,2.694429040829e-4,2.660177783184e-4,3.266492578291e-4
1,0,600,100,balanced_kmeans,2,19222.50,541350.00,560572.50,7.542206621247e-6,2.800961411844e-4,2.833604126871e-4,4.080292451789e-4
1,0,600,100,hash_placebo_mean,2,142.00,541350.00,541492.00,1.526902083455e-5,3.984813433468e-4,4.016483649330e-4,4.445489878413e-4
1,0,600,100,nearest_centroid_quota_repair,2,24760.00,541350.00,566110.00,7.542206621247e-6,2.800961411844e-4,2.833604126871e-4,4.080292451789e-4
1,0,600,100,projected_order_1d,2,213.00,541350.00,541563.00,9.209504621636e-6,3.095543934619e-4,3.090732097380e-4,3.619073283403e-4
1,0,600,100,warm_start_balanced_kmeans,2,18703.00,541350.00,560053.00,7.542206621247e-6,2.800961411844e-4,2.833604126871e-4,4.080292451789e-4
1,0,2400,1,balanced_kmeans,2,3146550.00,542200.00,3688750.00,2.812660276347e-5,5.396493329867e-4,5.409330780859e-4,6.203211237601e-4
1,0,2400,1,hash_placebo_mean,2,0.00,542200.00,542200.00,3.847440497907e-5,6.324053922889e-4,6.315630599539e-4,6.362531622759e-4
1,0,2400,1,nearest_centroid_quota_repair,2,94750.00,542200.00,636950.00,2.981364888473e-5,5.558679540255e-4,5.514622228924e-4,6.926985014317e-4
1,0,2400,1,projected_order_1d,2,25600.00,542200.00,567800.00,3.102119302940e-5,5.675278472786e-4,5.534474274403e-4,5.692185784856e-4
1,0,2400,1,warm_start_balanced_kmeans,2,2696950.00,542200.00,3239150.00,2.770461576252e-5,5.354934228994e-4,5.422835229647e-4,6.370457614082e-4
1,0,2400,10,balanced_kmeans,2,314655.00,531800.00,846455.00,2.814609586958e-5,5.402231843782e-4,5.315466638595e-4,4.993810853762e-4
1,0,2400,10,hash_placebo_mean,2,0.00,531800.00,531800.00,3.739842417517e-5,6.237170387501e-4,6.169647372333e-4,5.549891445216e-4
1,0,2400,10,nearest_centroid_quota_repair,2,9475.00,531800.00,541275.00,2.969308168812e-5,5.553474474394e-4,5.642422073787e-4,4.658673127267e-4
1,0,2400,10,projected_order_1d,2,2560.00,531800.00,534360.00,3.161635197889e-5,5.731715350052e-4,5.737840302032e-4,5.504884879493e-4
1,0,2400,10,warm_start_balanced_kmeans,2,269695.00,531800.00,801495.00,2.772903620833e-5,5.361863430339e-4,5.340092282175e-4,4.373638544344e-4
1,0,2400,25,balanced_kmeans,2,125862.00,491400.00,617262.00,2.793829657600e-5,5.383943533452e-4,5.399991525236e-4,6.712340745878e-4
1,0,2400,25,hash_placebo_mean,2,0.00,491400.00,491400.00,3.819219114701e-5,6.306558076415e-4,6.389513373077e-4,6.904390584115e-4
1,0,2400,25,nearest_centroid_quota_repair,2,3790.00,491400.00,495190.00,2.974587701963e-5,5.558892430669e-4,5.598840294563e-4,6.322158381806e-4
1,0,2400,25,projected_order_1d,2,1024.00,491400.00,492424.00,3.183620565419e-5,5.755324502411e-4,5.644440314419e-4,6.024813068564e-4
1,0,2400,25,warm_start_balanced_kmeans,2,107878.00,491400.00,599278.00,2.752172589665e-5,5.342963786586e-4,5.314169521037e-4,6.058623409331e-4
1,0,2400,50,balanced_kmeans,2,62931.00,524200.00,587131.00,3.004170423937e-5,5.586728521868e-4,5.733095554886e-4,6.215930986375e-4
1,0,2400,50,hash_placebo_mean,2,0.00,524200.00,524200.00,3.948335095109e-5,6.411464358226e-4,6.467402946491e-4,6.476438782963e-4
1,0,2400,50,nearest_centroid_quota_repair,2,1895.00,524200.00,526095.00,3.197435214880e-5,5.765543186778e-4,5.692704183659e-4,6.394814200092e-4
1,0,2400,50,projected_order_1d,2,512.00,524200.00,524712.00,3.292127108104e-5,5.849636463633e-4,5.797233210404e-4,6.952592772755e-4
1,0,2400,50,warm_start_balanced_kmeans,2,53939.00,524200.00,578139.00,2.952602845543e-5,5.536822643404e-4,5.504203431984e-4,6.844459878828e-4
1,0,2400,100,balanced_kmeans,2,31465.50,551650.00,583115.50,3.048623639887e-5,5.632039375522e-4,5.581749922427e-4,6.375651252206e-4
1,0,2400,100,hash_placebo_mean,2,0.00,551650.00,551650.00,4.106813699283e-5,6.540296529567e-4,6.572461823769e-4,7.660802743932e-4
1,0,2400,100,nearest_centroid_quota_repair,2,947.50,551650.00,552597.50,3.224572636785e-5,5.793848539220e-4,5.816724436621e-4,6.746178613888e-4
1,0,2400,100,projected_order_1d,2,256.00,551650.00,551906.00,3.400849187832e-5,5.950499679726e-4,5.987266764513e-4,7.007371625747e-4
1,0,2400,100,warm_start_balanced_kmeans,2,26969.50,551650.00,578619.50,3.019762971141e-5,5.605885478790e-4,5.565255142225e-4,6.580646438064e-4
1,1,600,1,balanced_kmeans,2,1954350.00,577600.00,2531950.00,5.246352947708e-6,2.337553235420e-4,2.406468845610e-4,2.955631244959e-4
1,1,600,1,hash_placebo_mean,2,14200.00,577600.00,591800.00,1.144647747954e-5,3.452140812309e-4,3.483863610081e-4,4.255995360403e-4
1,1,600,1,nearest_centroid_quota_repair,2,1773050.00,577600.00,2350650.00,5.246352947708e-6,2.337553235420e-4,2.406468845610e-4,2.955631244959e-4
1,1,600,1,projected_order_1d,2,25200.00,577600.00,602800.00,7.275024712025e-6,2.750221461351e-4,2.738552750740e-4,3.842238936613e-4
1,1,600,1,warm_start_balanced_kmeans,2,1936100.00,577600.00,2513700.00,5.246352947708e-6,2.337553235420e-4,2.406468845610e-4,2.955631244959e-4
1,1,600,10,balanced_kmeans,2,195435.00,590500.00,785935.00,4.928559726664e-6,2.265766328088e-4,2.284445160811e-4,3.229847610609e-4
1,1,600,10,hash_placebo_mean,2,1420.00,590500.00,591920.00,1.115878140117e-5,3.408371304156e-4,3.408202257966e-4,3.274707318810e-4
1,1,600,10,nearest_centroid_quota_repair,2,177305.00,590500.00,767805.00,4.928559726664e-6,2.265766328088e-4,2.284445160811e-4,3.229847610609e-4
1,1,600,10,projected_order_1d,2,2520.00,590500.00,593020.00,6.969732139524e-6,2.693077313425e-4,2.605124214373e-4,3.297254407606e-4
1,1,600,10,warm_start_balanced_kmeans,2,193610.00,590500.00,784110.00,4.928559726664e-6,2.265766328088e-4,2.284445160811e-4,3.229847610609e-4
1,1,600,25,balanced_kmeans,2,78174.00,588000.00,666174.00,5.077173476491e-6,2.298189689399e-4,2.268700487755e-4,3.311626436169e-4
1,1,600,25,hash_placebo_mean,2,568.00,588000.00,588568.00,1.151358365737e-5,3.462969871748e-4,3.447803196913e-4,3.875558340811e-4
1,1,600,25,nearest_centroid_quota_repair,2,70922.00,588000.00,658922.00,5.077173476491e-6,2.298189689399e-4,2.268700487755e-4,3.311626436169e-4
1,1,600,25,projected_order_1d,2,1008.00,588000.00,589008.00,7.052362206822e-6,2.710369320040e-4,2.709425883417e-4,3.512850757410e-4
1,1,600,25,warm_start_balanced_kmeans,2,77444.00,588000.00,665444.00,5.077173476491e-6,2.298189689399e-4,2.268700487755e-4,3.311626436169e-4
1,1,600,50,balanced_kmeans,2,39087.00,524900.00,563987.00,5.236213760923e-6,2.335454551711e-4,2.349994908005e-4,2.977121605099e-4
1,1,600,50,hash_placebo_mean,2,284.00,524900.00,525184.00,1.139201519007e-5,3.443593343176e-4,3.452212481467e-4,2.710024448473e-4
1,1,600,50,nearest_centroid_quota_repair,2,35461.00,524900.00,560361.00,5.236213760923e-6,2.335454551711e-4,2.349994908005e-4,2.977121605099e-4
1,1,600,50,projected_order_1d,2,504.00,524900.00,525404.00,6.986462722389e-6,2.697130656179e-4,2.676200361319e-4,3.066117237260e-4
1,1,600,50,warm_start_balanced_kmeans,2,38722.00,524900.00,563622.00,5.236213760923e-6,2.335454551711e-4,2.349994908005e-4,2.977121605099e-4
1,1,600,100,balanced_kmeans,2,19543.50,542300.00,561843.50,5.726044217515e-6,2.440497159608e-4,2.462691512998e-4,3.599111520831e-4
1,1,600,100,hash_placebo_mean,2,142.00,542300.00,542442.00,1.208147931325e-5,3.542463632812e-4,3.537294160891e-4,4.081464355028e-4
1,1,600,100,nearest_centroid_quota_repair,2,17730.50,542300.00,560030.50,5.726044217515e-6,2.440497159608e-4,2.462691512998e-4,3.599111520831e-4
1,1,600,100,projected_order_1d,2,252.00,542300.00,542552.00,7.924544157478e-6,2.866212109823e-4,2.976999529040e-4,4.293015343659e-4
1,1,600,100,warm_start_balanced_kmeans,2,19361.00,542300.00,561661.00,5.726044217515e-6,2.440497159608e-4,2.462691512998e-4,3.599111520831e-4
1,1,2400,1,balanced_kmeans,2,3840250.00,520300.00,4360550.00,2.792132164203e-5,5.376193527517e-4,5.253838247142e-4,7.501380372901e-4
1,1,2400,1,hash_placebo_mean,2,0.00,520300.00,520300.00,3.931478599740e-5,6.390587478819e-4,6.417085898701e-4,7.573745076148e-4
1,1,2400,1,nearest_centroid_quota_repair,2,97350.00,520300.00,617650.00,2.929486387657e-5,5.511189704120e-4,5.420326028714e-4,6.784019466757e-4
1,1,2400,1,projected_order_1d,2,25650.00,520300.00,545950.00,3.310327011966e-5,5.865798696511e-4,5.892585224657e-4,7.129050622758e-4
1,1,2400,1,warm_start_balanced_kmeans,2,2476300.00,520300.00,2996600.00,2.772793753976e-5,5.359338313627e-4,5.422315756090e-4,7.365835070949e-4
1,1,2400,10,balanced_kmeans,2,384025.00,492500.00,876525.00,2.791992680348e-5,5.377901957048e-4,5.307341205800e-4,4.074381777617e-4
1,1,2400,10,hash_placebo_mean,2,0.00,492500.00,492500.00,3.977050136366e-5,6.424574482369e-4,6.375032803514e-4,4.862051024513e-4
1,1,2400,10,nearest_centroid_quota_repair,2,9735.00,492500.00,502235.00,2.929586225129e-5,5.512025230576e-4,5.436559216779e-4,4.150849778384e-4
1,1,2400,10,projected_order_1d,2,2565.00,492500.00,495065.00,3.388962324590e-5,5.935640787901e-4,6.015427436858e-4,3.859799541788e-4
1,1,2400,10,warm_start_balanced_kmeans,2,247630.00,492500.00,740130.00,2.776959520798e-5,5.365912537889e-4,5.384352318776e-4,4.300313737833e-4
1,1,2400,25,balanced_kmeans,2,153610.00,531600.00,685210.00,3.053186995635e-5,5.634531342204e-4,5.675917832588e-4,6.659282673738e-4
1,1,2400,25,hash_placebo_mean,2,0.00,531600.00,531600.00,4.353628846605e-5,6.728899053218e-4,6.683034108458e-4,6.503290757243e-4
1,1,2400,25,nearest_centroid_quota_repair,2,3894.00,531600.00,535494.00,3.173079554147e-5,5.745574815836e-4,5.632058819959e-4,6.517386036933e-4
1,1,2400,25,projected_order_1d,2,1026.00,531600.00,532626.00,3.775866335286e-5,6.270035231624e-4,6.344767493301e-4,6.384716495056e-4
1,1,2400,25,warm_start_balanced_kmeans,2,99052.00,531600.00,630652.00,3.010354809769e-5,5.596644182668e-4,5.510213214651e-4,7.679349731511e-4
1,1,2400,50,balanced_kmeans,2,76805.00,532050.00,608855.00,3.070476435236e-5,5.646309594958e-4,5.640506631474e-4,5.384815206639e-4
1,1,2400,50,hash_placebo_mean,2,0.00,532050.00,532050.00,4.433736355013e-5,6.785544458280e-4,6.886715985034e-4,5.177226337647e-4
1,1,2400,50,nearest_centroid_quota_repair,2,1947.00,532050.00,533997.00,3.222508830154e-5,5.786421206218e-4,5.853628850909e-4,4.704997516001e-4
1,1,2400,50,projected_order_1d,2,513.00,532050.00,532563.00,3.834224629767e-5,6.316562785203e-4,6.366547350157e-4,4.102526533529e-4
1,1,2400,50,warm_start_balanced_kmeans,2,49526.00,532050.00,581576.00,3.035176883139e-5,5.616847947255e-4,5.582837560677e-4,5.131612019227e-4
1,1,2400,100,balanced_kmeans,2,38402.50,621150.00,659552.50,3.020864133831e-5,5.605585544309e-4,5.629867748360e-4,5.994771918836e-4
1,1,2400,100,hash_placebo_mean,2,0.00,621150.00,621150.00,4.284086008643e-5,6.678390466661e-4,6.624865252778e-4,6.120919424417e-4
1,1,2400,100,nearest_centroid_quota_repair,2,973.50,621150.00,622123.50,3.157437568448e-5,5.732892532073e-4,5.749639343511e-4,5.218069228405e-4
1,1,2400,100,projected_order_1d,2,256.50,621150.00,621406.50,3.649193797892e-5,6.165293899635e-4,6.428476104727e-4,5.220201178631e-4
1,1,2400,100,warm_start_balanced_kmeans,2,24763.00,621150.00,645913.00,2.998331882668e-5,5.585911100517e-4,5.568153276991e-4,5.143006329860e-4
1,2,600,1,balanced_kmeans,2,1851050.00,526600.00,2377650.00,4.835905893679e-6,2.227990564595e-4,2.206379409387e-4,2.894215531057e-4
1,2,600,1,hash_placebo_mean,2,14200.00,526600.00,540800.00,9.945746932666e-6,3.207831169334e-4,3.215835404663e-4,3.330587973913e-4
1,2,600,1,nearest_centroid_quota_repair,2,1757050.00,526600.00,2283650.00,4.835905893679e-6,2.227990564595e-4,2.206379409387e-4,2.894215531057e-4
1,2,600,1,projected_order_1d,2,26600.00,526600.00,553200.00,6.193896720778e-6,2.528376810785e-4,2.521082399507e-4,2.886760331364e-4
1,2,600,1,warm_start_balanced_kmeans,2,1935500.00,526600.00,2462100.00,4.835905893679e-6,2.227990564595e-4,2.206379409387e-4,2.894215531057e-4
1,2,600,10,balanced_kmeans,2,185105.00,519450.00,704555.00,4.503246189537e-6,2.154637793588e-4,2.161153083319e-4,3.538765371331e-4
1,2,600,10,hash_placebo_mean,2,1420.00,519450.00,520870.00,9.514406644486e-6,3.140275522322e-4,3.163377584719e-4,4.732160496221e-4
1,2,600,10,nearest_centroid_quota_repair,2,175705.00,519450.00,695155.00,4.503246189537e-6,2.154637793588e-4,2.161153083319e-4,3.538765371331e-4
1,2,600,10,projected_order_1d,2,2660.00,519450.00,522110.00,5.891664250943e-6,2.471203502485e-4,2.549767410980e-4,3.410285862628e-4
1,2,600,10,warm_start_balanced_kmeans,2,193550.00,519450.00,713000.00,4.503246189537e-6,2.154637793588e-4,2.161153083319e-4,3.538765371331e-4
1,2,600,25,balanced_kmeans,2,74042.00,568050.00,642092.00,5.039768622874e-6,2.272193073212e-4,2.260585004810e-4,3.152096428920e-4
1,2,600,25,hash_placebo_mean,2,568.00,568050.00,568618.00,1.043898171483e-5,3.284231943555e-4,3.294755595522e-4,4.464595879003e-4
1,2,600,25,nearest_centroid_quota_repair,2,70282.00,568050.00,638332.00,5.039768622874e-6,2.272193073212e-4,2.260585004810e-4,3.152096428920e-4
1,2,600,25,projected_order_1d,2,1064.00,568050.00,569114.00,6.722994635014e-6,2.631484265318e-4,2.574388208530e-4,3.689124951904e-4
1,2,600,25,warm_start_balanced_kmeans,2,77420.00,568050.00,645470.00,5.039768622874e-6,2.272193073212e-4,2.260585004810e-4,3.152096428920e-4
1,2,600,50,balanced_kmeans,2,37021.00,530100.00,567121.00,5.363212091046e-6,2.331494309436e-4,2.363055336453e-4,2.040080081187e-4
1,2,600,50,hash_placebo_mean,2,284.00,530100.00,530384.00,1.062696804685e-5,3.304934987504e-4,3.323182635971e-4,5.041306088218e-4
1,2,600,50,nearest_centroid_quota_repair,2,35141.00,530100.00,565241.00,5.363212091046e-6,2.331494309436e-4,2.363055336453e-4,2.040080081187e-4
1,2,600,50,projected_order_1d,2,532.00,530100.00,530632.00,6.915372406641e-6,2.654717912756e-4,2.638462622732e-4,4.679862659387e-4
1,2,600,50,warm_start_balanced_kmeans,2,38710.00,530100.00,568810.00,5.363212091046e-6,2.331494309436e-4,2.363055336453e-4,2.040080081187e-4
1,2,600,100,balanced_kmeans,2,18510.50,535450.00,553960.50,6.680124118683e-6,2.585413833674e-4,2.593250015976e-4,1.987986136296e-4
1,2,600,100,hash_placebo_mean,2,142.00,535450.00,535592.00,1.233665384220e-5,3.547564008304e-4,3.528755393792e-4,2.948255227730e-4
1,2,600,100,nearest_centroid_quota_repair,2,17570.50,535450.00,553020.50,6.680124118683e-6,2.585413833674e-4,2.593250015976e-4,1.987986136296e-4
1,2,600,100,projected_order_1d,2,266.00,535450.00,535716.00,8.229405336898e-6,2.883383650873e-4,2.960554732410e-4,2.707298450098e-4
1,2,600,100,warm_start_balanced_kmeans,2,19355.00,535450.00,554805.00,6.680124118683e-6,2.585413833674e-4,2.593250015976e-4,1.987986136296e-4
1,2,2400,1,balanced_kmeans,2,2505950.00,554350.00,3060300.00,3.005381224781e-5,5.586227621034e-4,5.519433477958e-4,6.713708802879e-4
1,2,2400,1,hash_placebo_mean,2,0.00,554350.00,554350.00,3.841268193025e-5,6.320901110587e-4,6.322830858925e-4,7.914724612611e-4
1,2,2400,1,nearest_centroid_quota_repair,2,92650.00,554350.00,647000.00,3.075507847579e-5,5.654822326755e-4,5.631708787614e-4,6.902749773490e-4
1,2,2400,1,projected_order_1d,2,24600.00,554350.00,578950.00,3.461209626431e-5,6.001266435096e-4,5.981131935423e-4,6.309224311276e-4
1,2,2400,1,warm_start_balanced_kmeans,2,2354550.00,554350.00,2908900.00,3.014259946638e-5,5.594816381118e-4,5.687896736825e-4,7.653867130082e-4
1,2,2400,10,balanced_kmeans,2,250595.00,531900.00,782495.00,3.264426723194e-5,5.828451928910e-4,5.748080878899e-4,6.059670958081e-4
1,2,2400,10,hash_placebo_mean,2,0.00,531900.00,531900.00,4.223792830076e-5,6.632521336282e-4,6.647533862905e-4,5.780957799244e-4
1,2,2400,10,nearest_centroid_quota_repair,2,9265.00,531900.00,541165.00,3.375013578033e-5,5.927737190810e-4,5.972853707393e-4,5.746842938343e-4
1,2,2400,10,projected_order_1d,2,2460.00,531900.00,534360.00,3.842309246202e-5,6.326361257991e-4,6.365027203612e-4,5.119792048092e-4
1,2,2400,10,warm_start_balanced_kmeans,2,235455.00,531900.00,767355.00,3.275801611259e-5,5.838864079891e-4,5.858448567015e-4,5.951896747902e-4
1,2,2400,25,balanced_kmeans,2,100238.00,562500.00,662738.00,3.195083219954e-5,5.764330454608e-4,5.796386403373e-4,5.455765688112e-4
1,2,2400,25,hash_placebo_mean,2,0.00,562500.00,562500.00,4.065637828447e-5,6.505118025594e-4,6.553932385516e-4,5.883941298199e-4
1,2,2400,25,nearest_centroid_quota_repair,2,3706.00,562500.00,566206.00,3.332850025132e-5,5.888132212847e-4,5.842492250178e-4,6.010146040154e-4
1,2,2400,25,projected_order_1d,2,984.00,562500.00,563484.00,3.695378510574e-5,6.203138736400e-4,6.276359246274e-4,6.399533158117e-4
1,2,2400,25,warm_start_balanced_kmeans,2,94182.00,562500.00,656682.00,3.209650281471e-5,5.778000965733e-4,5.539559254918e-4,5.509126189622e-4
1,2,2400,50,balanced_kmeans,2,50119.00,553700.00,603819.00,3.169963543398e-5,5.739105903972e-4,5.817173953380e-4,6.938094272875e-4
1,2,2400,50,hash_placebo_mean,2,0.00,553700.00,553700.00,4.048536987651e-5,6.492279798809e-4,6.525168304799e-4,5.845193009330e-4
1,2,2400,50,nearest_centroid_quota_repair,2,1853.00,553700.00,555553.00,3.255236565412e-5,5.819002791751e-4,5.927599828704e-4,6.443582449549e-4
1,2,2400,50,projected_order_1d,2,492.00,553700.00,554192.00,3.645381814640e-5,6.160398350430e-4,6.097719774870e-4,5.842502697533e-4
1,2,2400,50,warm_start_balanced_kmeans,2,47091.00,553700.00,600791.00,3.182079655946e-5,5.750653595097e-4,5.725275087622e-4,6.360839258384e-4
1,2,2400,100,balanced_kmeans,2,25059.50,554700.00,579759.50,3.621915975989e-5,6.128068810502e-4,6.180973533479e-4,5.626028173964e-4
1,2,2400,100,hash_placebo_mean,2,0.00,554700.00,554700.00,4.420782191629e-5,6.777294436874e-4,6.806153147486e-4,5.575788570553e-4
1,2,2400,100,nearest_centroid_quota_repair,2,926.50,554700.00,555626.50,3.678916500031e-5,6.178733733583e-4,6.199856555091e-4,4.578959730708e-4
1,2,2400,100,projected_order_1d,2,246.00,554700.00,554946.00,4.035809649605e-5,6.474578543341e-4,6.422873821751e-4,5.486880688466e-4
1,2,2400,100,warm_start_balanced_kmeans,2,23545.50,554700.00,578245.50,3.628617934040e-5,6.134084317820e-4,6.116790736816e-4,5.231425905521e-4
2,0,600,1,balanced_kmeans,2,1952750.00,618050.00,2570800.00,8.109980731557e-6,2.897511695618e-4,2.940463937521e-4,3.489208124847e-4
2,0,600,1,hash_placebo_mean,2,14200.00,618050.00,632250.00,1.399351343657e-5,3.809004519533e-4,3.856248521720e-4,3.384259455146e-4
2,0,600,1,nearest_centroid_quota_repair,2,2202650.00,618050.00,2820700.00,8.109980731557e-6,2.897511695618e-4,2.940463937521e-4,3.489208124847e-4
2,0,600,1,projected_order_1d,2,26900.00,618050.00,644950.00,1.072878205071e-5,3.335721648852e-4,3.344397137799e-4,2.755677558923e-4
2,0,600,1,warm_start_balanced_kmeans,2,1900650.00,618050.00,2518700.00,8.109980731557e-6,2.897511695618e-4,2.940463937521e-4,3.489208124847e-4
2,0,600,10,balanced_kmeans,2,195275.00,571300.00,766575.00,8.012716408634e-6,2.880960230429e-4,2.861977735201e-4,5.087730364615e-4
2,0,600,10,hash_placebo_mean,2,1420.00,571300.00,572720.00,1.507615419536e-5,3.955867837006e-4,4.009672982458e-4,4.517432738413e-4
2,0,600,10,nearest_centroid_quota_repair,2,220265.00,571300.00,791565.00,8.012716408634e-6,2.880960230429e-4,2.861977735201e-4,5.087730364615e-4
2,0,600,10,projected_order_1d,2,2690.00,571300.00,573990.00,1.136269435569e-5,3.434266887461e-4,3.518632662254e-4,3.957678937585e-4
2,0,600,10,warm_start_balanced_kmeans,2,190065.00,571300.00,761365.00,8.012716408634e-6,2.880960230429e-4,2.861977735201e-4,5.087730364615e-4
2,0,600,25,balanced_kmeans,2,78110.00,554650.00,632760.00,7.883846178405e-6,2.864395552097e-4,2.879288567639e-4,4.387306122027e-4
2,0,600,25,hash_placebo_mean,2,568.00,554650.00,555218.00,1.512148667101e-5,3.968664038915e-4,3.996398131093e-4,4.039581803426e-4
2,0,600,25,nearest_centroid_quota_repair,2,88106.00,554650.00,642756.00,7.883846178405e-6,2.864395552097e-4,2.879288567639e-4,4.387306122027e-4
2,0,600,25,projected_order_1d,2,1076.00,554650.00,555726.00,1.123712086150e-5,3.420981304967e-4,3.540674508644e-4,3.951420985402e-4
2,0,600,25,warm_start_balanced_kmeans,2,76026.00,554650.00,630676.00,7.883846178405e-6,2.864395552097e-4,2.879288567639e-4,4.387306122027e-4
2,0,600,50,balanced_kmeans,2,39055.00,593700.00,632755.00,8.646652376099e-6,2.999848255577e-4,3.004935483781e-4,3.920878143759e-4
2,0,600,50,hash_placebo_mean,2,284.00,593700.00,593984.00,1.555299598270e-5,4.024094406302e-4,4.009335667232e-4,4.856074949462e-4
2,0,600,50,nearest_centroid_quota_repair,2,44053.00,593700.00,637753.00,8.646652376099e-6,2.999848255577e-4,3.004935483781e-4,3.920878143759e-4
2,0,600,50,projected_order_1d,2,538.00,593700.00,594238.00,1.186028920864e-5,3.513786896166e-4,3.612000511697e-4,4.757002697886e-4
2,0,600,50,warm_start_balanced_kmeans,2,38013.00,593700.00,631713.00,8.646652376099e-6,2.999848255577e-4,3.004935483781e-4,3.920878143759e-4
2,0,600,100,balanced_kmeans,2,19527.50,521900.00,541427.50,9.128927802441e-6,3.083080419178e-4,3.067657816375e-4,3.460930806298e-4
2,0,600,100,hash_placebo_mean,2,142.00,521900.00,522042.00,1.610254251275e-5,4.095168590672e-4,4.083010221254e-4,3.274330565457e-4
2,0,600,100,nearest_centroid_quota_repair,2,22026.50,521900.00,543926.50,9.128927802441e-6,3.083080419178e-4,3.067657816375e-4,3.460930806298e-4
2,0,600,100,projected_order_1d,2,269.00,521900.00,522169.00,1.256309590833e-5,3.616978640073e-4,3.625049840874e-4,2.815572729986e-4
2,0,600,100,warm_start_balanced_kmeans,2,19006.50,521900.00,540906.50,9.128927802441e-6,3.083080419178e-4,3.067657816375e-4,3.460930806298e-4
2,0,2400,1,balanced_kmeans,2,2643050.00,542550.00,3185600.00,3.535746124263e-5,6.064918248346e-4,5.995371301599e-4,6.851426671375e-4
2,0,2400,1,hash_placebo_mean,2,0.00,542550.00,542550.00,4.950587624226e-5,7.170283805852e-4,7.205875434684e-4,7.577687142168e-4
2,0,2400,1,nearest_centroid_quota_repair,2,87300.00,542550.00,629850.00,3.792513427968e-5,6.280570255128e-4,6.199797180692e-4,7.727044533539e-4
2,0,2400,1,projected_order_1d,2,27950.00,542550.00,570500.00,4.337955303431e-5,6.708857259083e-4,6.928700153023e-4,8.246607432483e-4
2,0,2400,1,warm_start_balanced_kmeans,2,1989050.00,542550.00,2531600.00,3.479495565633e-5,6.015026494011e-4,5.995807155534e-4,7.562955123319e-4
2,0,2400,10,balanced_kmeans,2,264305.00,562700.00,827005.00,3.333854241425e-5,5.890439661415e-4,5.798245818889e-4,6.609631009269e-4
2,0,2400,10,hash_placebo_mean,2,0.00,562700.00,562700.00,4.681007434142e-5,6.977482203660e-4,6.992170084760e-4,7.495158652873e-4
2,0,2400,10,nearest_centroid_quota_repair,2,8730.00,562700.00,571430.00,3.688996139988e-5,6.195441923109e-4,6.198142181930e-4,6.928097969308e-4
2,0,2400,10,projected_order_1d,2,2795.00,562700.00,565495.00,4.096618411872e-5,6.525197087041e-4,6.571379670342e-4,8.087859415298e-4
2,0,2400,10,warm_start_balanced_kmeans,2,198905.00,562700.00,761605.00,3.288448339360e-5,5.848330918894e-4,5.736181755714e-4,7.050444686882e-4
2,0,2400,25,balanced_kmeans,2,105722.00,526700.00,632422.00,3.637833106686e-5,6.137995599854e-4,6.084542608239e-4,6.616048846979e-4
2,0,2400,25,hash_placebo_mean,2,0.00,526700.00,526700.00,4.890551148096e-5,7.116648942259e-4,7.064079044000e-4,6.765661292381e-4
2,0,2400,25,nearest_centroid_quota_repair,2,3492.00,526700.00,530192.00,3.975213326694e-5,6.411449404535e-4,6.410783022889e-4,6.789919994930e-4
2,0,2400,25,projected_order_1d,2,1118.00,526700.00,527818.00,4.414844470783e-5,6.752795715535e-4,6.528605904933e-4,6.908255936651e-4
2,0,2400,25,warm_start_balanced_kmeans,2,79562.00,526700.00,606262.00,3.587011848586e-5,6.089965519774e-4,6.125763154215e-4,6.711957470458e-4
2,0,2400,50,balanced_kmeans,2,52861.00,575050.00,627911.00,3.295984687746e-5,5.854994046101e-4,5.924904836640e-4,7.394177763089e-4
2,0,2400,50,hash_placebo_mean,2,0.00,575050.00,575050.00,4.578448295253e-5,6.901333797541e-4,6.915877873876e-4,6.954708261588e-4
2,0,2400,50,nearest_centroid_quota_repair,2,1746.00,575050.00,576796.00,3.586545012554e-5,6.106050151903e-4,5.978086406616e-4,7.027409682578e-4
2,0,2400,50,projected_order_1d,2,559.00,575050.00,575609.00,4.074146248559e-5,6.509228816304e-4,6.518882549726e-4,6.693221784317e-4
2,0,2400,50,warm_start_balanced_kmeans,2,39781.00,575050.00,614831.00,3.249018776574e-5,5.810406134923e-4,5.843004837060e-4,7.444654175330e-4
2,0,2400,100,balanced_kmeans,2,26430.50,525600.00,552030.50,3.587868129911e-5,6.113376022984e-4,6.094990827271e-4,5.367372124923e-4
2,0,2400,100,hash_placebo_mean,2,0.00,525600.00,525600.00,4.768773552315e-5,7.047551072049e-4,7.080524480738e-4,5.874591916797e-4
2,0,2400,100,nearest_centroid_quota_repair,2,873.00,525600.00,526473.00,3.893379288036e-5,6.368355923886e-4,6.402459911908e-4,5.940390291990e-4
2,0,2400,100,projected_order_1d,2,279.50,525600.00,525879.50,4.226939659788e-5,6.634695936981e-4,6.657580548514e-4,5.665656028881e-4
2,0,2400,100,warm_start_balanced_kmeans,2,19890.50,525600.00,545490.50,3.582728081296e-5,6.108953234160e-4,6.097499050808e-4,5.813880178209e-4
2,1,600,1,balanced_kmeans,2,2094250.00,505200.00,2599450.00,4.871686349763e-6,2.244859503563e-4,2.234940896534e-4,3.646102339063e-4
2,1,600,1,hash_placebo_mean,2,14200.00,505200.00,519400.00,9.884971618707e-6,3.203374041401e-4,3.192277263861e-4,4.117222546653e-4
2,1,600,1,nearest_centroid_quota_repair,2,1931350.00,505200.00,2436550.00,4.871686349763e-6,2.244859503563e-4,2.234940896534e-4,3.646102339063e-4
2,1,600,1,projected_order_1d,2,26150.00,505200.00,531350.00,7.340153192541e-6,2.757861882022e-4,2.809019629695e-4,4.149813112377e-4
2,1,600,1,warm_start_balanced_kmeans,2,2330850.00,505200.00,2836050.00,4.871686349763e-6,2.244859503563e-4,2.234940896534e-4,3.646102339063e-4
2,1,600,10,balanced_kmeans,2,209425.00,529650.00,739075.00,5.547104110327e-6,2.401170921104e-4,2.468235433858e-4,4.288994195498e-4
2,1,600,10,hash_placebo_mean,2,1420.00,529650.00,531070.00,1.088591938958e-5,3.366331812355e-4,3.347618710548e-4,3.434579670660e-4
2,1,600,10,nearest_centroid_quota_repair,2,193135.00,529650.00,722785.00,5.547104110327e-6,2.401170921104e-4,2.468235433858e-4,4.288994195498e-4
2,1,600,10,projected_order_1d,2,2615.00,529650.00,532265.00,8.243986938783e-6,2.927756581446e-4,2.888033915779e-4,3.303009949285e-4
2,1,600,10,warm_start_balanced_kmeans,2,233085.00,529650.00,762735.00,5.547104110327e-6,2.401170921104e-4,2.468235433858e-4,4.288994195498e-4
2,1,600,25,balanced_kmeans,2,83770.00,519650.00,603420.00,5.689832556725e-6,2.432474134787e-4,2.504976746475e-4,2.285384913421e-4
2,1,600,25,hash_placebo_mean,2,568.00,519650.00,520218.00,1.157454375993e-5,3.471351767541e-4,3.475264223863e-4,3.082879522953e-4
2,1,600,25,nearest_centroid_quota_repair,2,77254.00,519650.00,596904.00,5.689832556725e-6,2.432474134787e-4,2.504976746475e-4,2.285384913421e-4
2,1,600,25,projected_order_1d,2,1046.00,519650.00,520696.00,8.556210783753e-6,2.983820608523e-4,2.961430273627e-4,2.837044766011e-4
2,1,600,25,warm_start_balanced_kmeans,2,93234.00,519650.00,612884.00,5.689832556725e-6,2.432474134787e-4,2.504976746475e-4,2.285384913421e-4
2,1,600,50,balanced_kmeans,2,41885.00,533350.00,575235.00,5.254652878744e-6,2.339162491703e-4,2.308301689474e-4,3.833910292315e-4
2,1,600,50,hash_placebo_mean,2,284.00,533350.00,533634.00,1.052995944717e-5,3.310719084764e-4,3.319025841093e-4,3.909454792606e-4
2,1,600,50,nearest_centroid_quota_repair,2,38627.00,533350.00,571977.00,5.254652878744e-6,2.339162491703e-4,2.308301689474e-4,3.833910292315e-4
2,1,600,50,projected_order_1d,2,523.00,533350.00,533873.00,7.984041687125e-6,2.881802335715e-4,2.874097851277e-4,3.954827268728e-4
2,1,600,50,warm_start_balanced_kmeans,2,46617.00,533350.00,579967.00,5.254652878744e-6,2.339162491703e-4,2.308301689474e-4,3.833910292315e-4
2,1,600,100,balanced_kmeans,2,20942.50,544400.00,565342.50,6.961691118634e-6,2.679841062044e-4,2.679921032620e-4,5.499873569050e-4
2,1,600,100,hash_placebo_mean,2,142.00,544400.00,544542.00,1.256245078111e-5,3.603109092880e-4,3.651539722922e-4,5.769147974568e-4
2,1,600,100,nearest_centroid_quota_repair,2,19313.50,544400.00,563713.50,6.961691118634e-6,2.679841062044e-4,2.679921032620e-4,5.499873569050e-4
2,1,600,100,projected_order_1d,2,261.50,544400.00,544661.50,9.888780029844e-6,3.190064793278e-4,3.225690996962e-4,5.786835973112e-4
2,1,600,100,warm_start_balanced_kmeans,2,23308.50,544400.00,567708.50,6.961691118634e-6,2.679841062044e-4,2.679921032620e-4,5.499873569050e-4
2,1,2400,1,balanced_kmeans,2,3509750.00,554700.00,4064450.00,2.378008281953e-5,4.968792156480e-4,4.947371659635e-4,5.065929679517e-4
2,1,2400,1,hash_placebo_mean,2,0.00,554700.00,554700.00,3.294011517131e-5,5.850500365063e-4,5.831814278812e-4,5.284841330919e-4
2,1,2400,1,nearest_centroid_quota_repair,2,79000.00,554700.00,633700.00,2.455914196770e-5,5.049502699465e-4,4.848604043632e-4,4.862185163574e-4
2,1,2400,1,projected_order_1d,2,25450.00,554700.00,580150.00,2.803863788604e-5,5.392703939884e-4,5.228704779085e-4,5.481161021805e-4
2,1,2400,1,warm_start_balanced_kmeans,2,3074050.00,554700.00,3628750.00,2.401934084808e-5,4.994237920960e-4,5.062554045165e-4,5.274138338223e-4
2,1,2400,10,balanced_kmeans,2,350975.00,556550.00,907525.00,2.479295706893e-5,5.058135851955e-4,5.046337218834e-4,3.919557405823e-4
2,1,2400,10,hash_placebo_mean,2,0.00,556550.00,556550.00,3.385309010418e-5,5.916296937824e-4,5.945066891525e-4,4.145562487101e-4
2,1,2400,10,nearest_centroid_quota_repair,2,7900.00,556550.00,564450.00,2.555484137410e-5,5.137767936081e-4,5.070163639142e-4,3.637281548468e-4
2,1,2400,10,projected_order_1d,2,2545.00,556550.00,559095.00,2.837533421283e-5,5.413922196835e-4,5.440040936535e-4,4.116246972306e-4
2,1,2400,10,warm_start_balanced_kmeans,2,307405.00,556550.00,863955.00,2.496474796659e-5,5.076694157410e-4,5.066342728226e-4,3.904863833668e-4
2,1,2400,25,balanced_kmeans,2,140390.00,567700.00,708090.00,2.534321824921e-5,5.127563356028e-4,5.150924875421e-4,5.259566900317e-4
2,1,2400,25,hash_placebo_mean,2,0.00,567700.00,567700.00,3.407287645852e-5,5.951177190898e-4,5.951302932656e-4,5.610838222234e-4
2,1,2400,25,nearest_centroid_quota_repair,2,3160.00,567700.00,570860.00,2.598574946373e-5,5.193395739390e-4,5.160646768331e-4,5.297091972238e-4
2,1,2400,25,projected_order_1d,2,1018.00,567700.00,568718.00,2.934762930307e-5,5.521436225361e-4,5.595567206467e-4,5.810775153172e-4
2,1,2400,25,warm_start_balanced_kmeans,2,122962.00,567700.00,690662.00,2.541257460372e-5,5.132793085174e-4,5.164826838136e-4,5.512022980092e-4
2,1,2400,50,balanced_kmeans,2,70195.00,568850.00,639045.00,2.643973999482e-5,5.212249764751e-4,5.231856752837e-4,4.376137882289e-4
2,1,2400,50,hash_placebo_mean,2,0.00,568850.00,568850.00,3.521696893053e-5,6.025820690006e-4,5.939513869645e-4,4.644567614700e-4
2,1,2400,50,nearest_centroid_quota_repair,2,1580.00,568850.00,570430.00,2.717104172990e-5,5.287554705895e-4,5.286597798849e-4,5.295615417609e-4
2,1,2400,50,projected_order_1d,2,509.00,568850.00,569359.00,2.970918428488e-5,5.533362912687e-4,5.376033922303e-4,4.909477193422e-4
2,1,2400,50,warm_start_balanced_kmeans,2,61481.00,568850.00,630331.00,2.666806332161e-5,5.236142021132e-4,5.242675173291e-4,4.116796326130e-4
2,1,2400,100,balanced_kmeans,2,35097.50,607100.00,642197.50,2.960476158830e-5,5.517313054002e-4,5.610631959490e-4,5.481928432545e-4
2,1,2400,100,hash_placebo_mean,2,0.00,607100.00,607100.00,3.919818112272e-5,6.363979487106e-4,6.357245739088e-4,5.040173247028e-4
2,1,2400,100,nearest_centroid_quota_repair,2,790.00,607100.00,607890.00,3.066797586034e-5,5.616417043407e-4,5.652254603136e-4,5.633831599567e-4
2,1,2400,100,projected_order_1d,2,254.50,607100.00,607354.50,3.338326784514e-5,5.865775032666e-4,5.831150377705e-4,4.500094772766e-4
2,1,2400,100,warm_start_balanced_kmeans,2,30740.50,607100.00,637840.50,3.004991607127e-5,5.557798680901e-4,5.462199416247e-4,5.138799048865e-4
2,2,600,1,balanced_kmeans,2,2639350.00,570800.00,3210150.00,3.551739885172e-6,1.923315773546e-4,1.933433075035e-4,2.718282897192e-4
2,2,600,1,hash_placebo_mean,2,14200.00,570800.00,585000.00,8.020178456944e-6,2.889693707583e-4,2.849430728608e-4,3.094217137258e-4
2,2,600,1,nearest_centroid_quota_repair,2,2800100.00,570800.00,3370900.00,3.551739885172e-6,1.923315773546e-4,1.933433075035e-4,2.718282897192e-4
2,2,600,1,projected_order_1d,2,28800.00,570800.00,599600.00,4.487882834481e-6,2.161748956334e-4,2.242177507470e-4,2.361802932569e-4
2,2,600,1,warm_start_balanced_kmeans,2,2540350.00,570800.00,3111150.00,3.551739885172e-6,1.923315773546e-4,1.933433075035e-4,2.718282897192e-4
2,2,600,10,balanced_kmeans,2,263935.00,596750.00,860685.00,3.338054086777e-6,1.864686099164e-4,1.804844555428e-4,3.377365606241e-4
2,2,600,10,hash_placebo_mean,2,1420.00,596750.00,598170.00,7.527753206150e-6,2.798703708523e-4,2.830613468180e-4,4.087592255537e-4
2,2,600,10,nearest_centroid_quota_repair,2,280010.00,596750.00,876760.00,3.338054086777e-6,1.864686099164e-4,1.804844555428e-4,3.377365606241e-4
2,2,600,10,projected_order_1d,2,2880.00,596750.00,599630.00,4.250781847736e-6,2.104248263393e-4,2.045683990789e-4,3.374527910296e-4
2,2,600,10,warm_start_balanced_kmeans,2,254035.00,596750.00,850785.00,3.338054086777e-6,1.864686099164e-4,1.804844555428e-4,3.377365606241e-4
2,2,600,25,balanced_kmeans,2,105574.00,563100.00,668674.00,3.519736516611e-6,1.914524329468e-4,1.926907532585e-4,3.624977821453e-4
2,2,600,25,hash_placebo_mean,2,568.00,563100.00,563668.00,8.144539382682e-6,2.912378144112e-4,2.926871736791e-4,3.991203910212e-4
2,2,600,25,nearest_centroid_quota_repair,2,112004.00,563100.00,675104.00,3.519736516611e-6,1.914524329468e-4,1.926907532585e-4,3.624977821453e-4
2,2,600,25,projected_order_1d,2,1152.00,563100.00,564252.00,4.670226088285e-6,2.205230756786e-4,2.209644915343e-4,3.485925603499e-4
2,2,600,25,warm_start_balanced_kmeans,2,101614.00,563100.00,664714.00,3.519736516611e-6,1.914524329468e-4,1.926907532585e-4,3.624977821453e-4
2,2,600,50,balanced_kmeans,2,52787.00,554350.00,607137.00,3.736612906503e-6,1.972879570820e-4,1.942886870362e-4,3.015492535496e-4
2,2,600,50,hash_placebo_mean,2,284.00,554350.00,554634.00,8.492690548606e-6,2.970131506419e-4,2.945398265947e-4,3.618498646345e-4
2,2,600,50,nearest_centroid_quota_repair,2,56002.00,554350.00,610352.00,3.736612906503e-6,1.972879570820e-4,1.942886870362e-4,3.015492535496e-4
2,2,600,50,projected_order_1d,2,576.00,554350.00,554926.00,4.859750301186e-6,2.249329960355e-4,2.275899309507e-4,3.476506121842e-4
2,2,600,50,warm_start_balanced_kmeans,2,50807.00,554350.00,605157.00,3.736612906503e-6,1.972879570820e-4,1.942886870362e-4,3.015492535496e-4
2,2,600,100,balanced_kmeans,2,26393.50,544400.00,570793.50,4.421111163675e-6,2.143793732659e-4,2.167456471960e-4,3.108296546230e-4
2,2,600,100,hash_placebo_mean,2,142.00,544400.00,544542.00,9.329419707210e-6,3.114731967429e-4,3.102508872018e-4,2.908466018630e-4
2,2,600,100,nearest_centroid_quota_repair,2,28001.00,544400.00,572401.00,4.421111163675e-6,2.143793732659e-4,2.167456471960e-4,3.108296546230e-4
2,2,600,100,projected_order_1d,2,288.00,544400.00,544688.00,5.491033957437e-6,2.389965717048e-4,2.340339478723e-4,2.700912523110e-4
2,2,600,100,warm_start_balanced_kmeans,2,25403.50,544400.00,569803.50,4.421111163675e-6,2.143793732659e-4,2.167456471960e-4,3.108296546230e-4
2,2,2400,1,balanced_kmeans,2,3580150.00,564550.00,4144700.00,2.035848129420e-5,4.599840625707e-4,4.591325978495e-4,5.552556875443e-4
2,2,2400,1,hash_placebo_mean,2,0.00,564550.00,564550.00,2.920394752208e-5,5.506356935913e-4,5.471983684789e-4,5.657548829499e-4
2,2,2400,1,nearest_centroid_quota_repair,2,106650.00,564550.00,671200.00,2.091991632953e-5,4.661629288310e-4,4.651427056052e-4,5.192818500532e-4
2,2,2400,1,projected_order_1d,2,27750.00,564550.00,592300.00,2.410263712234e-5,5.000610299344e-4,4.949421522056e-4,4.734246407381e-4
2,2,2400,1,warm_start_balanced_kmeans,2,1881150.00,564550.00,2445700.00,2.021434788349e-5,4.584212072808e-4,4.571475895349e-4,4.474243946717e-4
2,2,2400,10,balanced_kmeans,2,358015.00,551200.00,909215.00,1.777402867440e-5,4.300883042389e-4,4.333937152855e-4,5.054591200917e-4
2,2,2400,10,hash_placebo_mean,2,0.00,551200.00,551200.00,2.506840344357e-5,5.107465429346e-4,5.079655302062e-4,5.325713264570e-4
2,2,2400,10,nearest_centroid_quota_repair,2,10665.00,551200.00,561865.00,1.797748131723e-5,4.325477625272e-4,4.189845175179e-4,5.093408196828e-4
2,2,2400,10,projected_order_1d,2,2775.00,551200.00,553975.00,2.058797764837e-5,4.626580919866e-4,4.639818102198e-4,5.983323759509e-4
2,2,2400,10,warm_start_balanced_kmeans,2,188115.00,551200.00,739315.00,1.774791826454e-5,4.298096917718e-4,4.308136888526e-4,4.358990549989e-4
2,2,2400,25,balanced_kmeans,2,143206.00,535200.00,678406.00,2.059773923626e-5,4.627525927914e-4,4.495096703804e-4,6.770047073807e-4
2,2,2400,25,hash_placebo_mean,2,0.00,535200.00,535200.00,2.844114926826e-5,5.437473978655e-4,5.434939361098e-4,6.350044612558e-4
2,2,2400,25,nearest_centroid_quota_repair,2,4266.00,535200.00,539466.00,2.098215661545e-5,4.669784471116e-4,4.620174316477e-4,6.348063228856e-4
2,2,2400,25,projected_order_1d,2,1110.00,535200.00,536310.00,2.328402788471e-5,4.917644317184e-4,4.960626249945e-4,7.435408661429e-4
2,2,2400,25,warm_start_balanced_kmeans,2,75246.00,535200.00,610446.00,2.055337273513e-5,4.623119081295e-4,4.483201024023e-4,6.256864423015e-4
2,2,2400,50,balanced_kmeans,2,71603.00,562750.00,634353.00,1.961646533931e-5,4.519526546292e-4,4.506667586822e-4,4.717388474518e-4
2,2,2400,50,hash_placebo_mean,2,0.00,562750.00,562750.00,2.683106286955e-5,5.282133955304e-4,5.271463162587e-4,4.765176240582e-4
2,2,2400,50,nearest_centroid_quota_repair,2,2133.00,562750.00,564883.00,1.969916121903e-5,4.528896359878e-4,4.504411501305e-4,5.246171322284e-4
2,2,2400,50,projected_order_1d,2,555.00,562750.00,563305.00,2.225966168430e-5,4.812183046319e-4,4.764775735976e-4,4.029863427775e-4
2,2,2400,50,warm_start_balanced_kmeans,2,37623.00,562750.00,600373.00,1.954644829857e-5,4.511645359685e-4,4.506393296762e-4,4.558777686157e-4
2,2,2400,100,balanced_kmeans,2,35801.50,568850.00,604651.50,2.088270256713e-5,4.662548048942e-4,4.667567447166e-4,5.652632697917e-4
2,2,2400,100,hash_placebo_mean,2,0.00,568850.00,568850.00,2.732488406768e-5,5.334753366951e-4,5.315846952734e-4,5.322113753152e-4
2,2,2400,100,nearest_centroid_quota_repair,2,1066.50,568850.00,569916.50,2.110149824614e-5,4.686660049749e-4,4.637086603648e-4,4.897068290575e-4
2,2,2400,100,projected_order_1d,2,277.50,568850.00,569127.50,2.334033179879e-5,4.929990626347e-4,4.901291309590e-4,4.747515868786e-4
2,2,2400,100,warm_start_balanced_kmeans,2,18811.50,568850.00,587661.50,2.075916411521e-5,4.648247639312e-4,4.689973617353e-4,5.035516045808e-4
