dataset_index,initialization_index,stream_seed,arm,refresh_slot,partition_epoch,hash_partition_id,partition_fingerprint,feature_ns,ordering_or_hash_ns
0,0,a303ea0000000001,projected_order_1d,0,0,,661e415eabee640d,7500,24800
0,0,a303ea0000000001,projected_order_1d,100,1,,bca257729a31370d,7400,8300
0,0,a303ea0000000001,projected_order_1d,200,2,,f3a9ab10cea29705,7400,7300
0,0,a303ea0000000001,projected_order_1d,300,3,,498e527c0abd7fed,8900,11500
0,0,a303ea0000000001,projected_order_1d,400,4,,c9fe4bf961697525,7900,7900
0,0,a303ea0000000001,projected_order_1d,500,5,,1d5ecb499d7f5a39,7300,7300
0,0,a303ea0000000001,projected_order_1d,600,6,,18c2c9c4f3af94cd,7500,7500
0,0,a303ea0000000001,projected_order_1d,700,7,,4888a5b742cf758d,7400,8000
0,0,a303ea0000000001,projected_order_1d,800,8,,9be74bfbffbdb6e5,7500,8000
0,0,a303ea0000000001,projected_order_1d,900,9,,ca1a0ed856316b95,7300,6900
0,0,a303ea0000000001,projected_order_1d,1000,10,,a3bcc71e8fac9bb5,7300,7800
0,0,a303ea0000000001,projected_order_1d,1100,11,,431cd2de2cd036b5,7400,7800
0,0,a303ea0000000001,projected_order_1d,1200,12,,f038d51f2e2cd4c5,7200,8000
0,0,a303ea0000000001,projected_order_1d,1300,13,,584f0b9823a015b5,7300,7200
0,0,a303ea0000000001,projected_order_1d,1400,14,,6ea721abc5a0d17d,7200,7100
0,0,a303ea0000000001,projected_order_1d,1500,15,,c706975b0f01396d,7000,7300
0,0,a303ea0000000001,projected_order_1d,1600,16,,b32b5c4de1283421,7200,7600
0,0,a303ea0000000001,projected_order_1d,1700,17,,5d34db01263ba935,7200,7500
0,0,a303ea0000000001,projected_order_1d,1800,18,,5f9a14c219186a6d,7600,7800
0,0,a303ea0000000001,projected_order_1d,1900,19,,07688486a95b4429,7400,8300
0,0,a303ea0000000001,projected_order_1d,2000,20,,b6e371581a8ecd79,7600,7600
0,0,a303ea0000000001,projected_order_1d,2100,21,,120e5ee551d5aef5,7400,7800
0,0,a303ea0000000001,projected_order_1d,2200,22,,1e3c9a2914e4940d,7400,7800
0,0,a303ea0000000001,projected_order_1d,2300,23,,b6c78d0980f519e9,7500,7400
0,0,a303ea0000000001,projected_order_1d,2400,24,,dbeae24334d752a1,7400,7400
0,0,a303ea0000000001,projected_order_1d,2500,25,,b0024ef13f930a2d,7300,7600
0,0,a303ea0000000001,projected_order_1d,2600,26,,18c6c9504f632649,7400,7900
0,0,a303ea0000000001,projected_order_1d,2700,27,,620fbdbcbdab2665,7400,7700
0,0,a303ea0000000001,projected_order_1d,2800,28,,7e5cc4aac342d5ad,7300,7700
0,0,a303ea0000000001,projected_order_1d,2900,29,,3363aa8fd8e23981,7200,7300
0,0,a303ea0000000001,projected_order_1d,3000,30,,fe74ad260a97bd55,7700,7600
0,0,a303ea0000000001,projected_order_1d,3100,31,,4ef83f349391e30d,7500,8200
0,0,a303ea0000000001,projected_order_1d,3200,32,,08185d395fafdc91,7200,7200
0,0,a303ea0000000001,projected_order_1d,3300,33,,14e6c88773718d49,6900,7500
0,0,a303ea0000000001,projected_order_1d,3400,34,,4ce470a41a63fc39,6900,7800
0,0,a303ea0000000001,projected_order_1d,3500,35,,8097d8b1132d53b1,7300,8300
0,0,a303ea0000000001,projected_order_1d,3600,36,,2b5e761162c266e1,7300,7700
0,0,a303ea0000000001,projected_order_1d,3700,37,,e4a65235587ae1d9,7200,7000
0,0,a303ea0000000001,projected_order_1d,3800,38,,8dd57964b1ea5509,7300,7800
0,0,a303ea0000000001,projected_order_1d,3900,39,,2d7fe8d276500451,7600,7400
0,0,a303ea0000000001,projected_order_1d,4000,40,,e596090b78426f85,7300,7500
0,0,a303ea0000000001,projected_order_1d,4100,41,,64264731e90fb99d,7400,7700
0,0,a303ea0000000001,hash_placebo,0,0,0,800d700550ef4109,0,4100
0,0,a303ea0000000002,projected_order_1d,0,0,,661e415eabee640d,7500,8200
0,0,a303ea0000000002,projected_order_1d,100,1,,56e57b9f4518a9cd,8200,12500
0,0,a303ea0000000002,projected_order_1d,200,2,,9c4f1effedbd0e85,7500,8400
0,0,a303ea0000000002,projected_order_1d,300,3,,90a90f0dd0b1a341,7400,7800
0,0,a303ea0000000002,projected_order_1d,400,4,,9a93257820290115,7400,8100
0,0,a303ea0000000002,projected_order_1d,500,5,,23266c40745f5271,7300,10600
0,0,a303ea0000000002,projected_order_1d,600,6,,28ee56aff00aa315,7400,8000
0,0,a303ea0000000002,projected_order_1d,700,7,,28cf8c6f104e6069,7800,11100
0,0,a303ea0000000002,projected_order_1d,800,8,,ae7d5e8eb231e179,7300,8000
0,0,a303ea0000000002,projected_order_1d,900,9,,c220735ef31294bd,7500,7900
0,0,a303ea0000000002,projected_order_1d,1000,10,,9cced429034b9cc1,7400,7800
0,0,a303ea0000000002,projected_order_1d,1100,11,,9b95a44b37fa4101,7300,7600
0,0,a303ea0000000002,projected_order_1d,1200,12,,3a9ddb57ca1ec56d,7700,8000
0,0,a303ea0000000002,projected_order_1d,1300,13,,653d26af346d3c79,7500,8000
0,0,a303ea0000000002,projected_order_1d,1400,14,,78ada77cc1052351,7500,8100
0,0,a303ea0000000002,projected_order_1d,1500,15,,3f4eb1f489e10e8d,7300,8000
0,0,a303ea0000000002,projected_order_1d,1600,16,,fee2bc31b51fc215,7500,8000
0,0,a303ea0000000002,projected_order_1d,1700,17,,e5139bf1ab528465,7400,8200
0,0,a303ea0000000002,projected_order_1d,1800,18,,9e077dadfe5b1b09,7600,8100
0,0,a303ea0000000002,projected_order_1d,1900,19,,973fac0ceae32175,7700,8200
0,0,a303ea0000000002,projected_order_1d,2000,20,,f6ee662890b24a85,7500,7800
0,0,a303ea0000000002,projected_order_1d,2100,21,,15fd6329f2d235d9,7300,8100
0,0,a303ea0000000002,projected_order_1d,2200,22,,7e63e72e35c8b659,7300,7800
0,0,a303ea0000000002,projected_order_1d,2300,23,,744cea54774cb539,7600,7400
0,0,a303ea0000000002,projected_order_1d,2400,24,,683b56c7f2267809,7500,7800
0,0,a303ea0000000002,projected_order_1d,2500,25,,bd97372343ba0e45,8100,11500
0,0,a303ea0000000002,projected_order_1d,2600,26,,0dca373055e0f1cd,7900,8300
0,0,a303ea0000000002,projected_order_1d,2700,27,,0928281517c48d6d,7600,8300
0,0,a303ea0000000002,projected_order_1d,2800,28,,cec63c3531f3df6d,7500,7800
0,0,a303ea0000000002,projected_order_1d,2900,29,,251eb4ba1228a4d1,7400,7800
0,0,a303ea0000000002,projected_order_1d,3000,30,,8b03397fd48f8f41,7400,8700
0,0,a303ea0000000002,projected_order_1d,3100,31,,6d1c584766048fa5,8300,12600
0,0,a303ea0000000002,projected_order_1d,3200,32,,6df16e6f8fbc1541,7300,8600
0,0,a303ea0000000002,projected_order_1d,3300,33,,cd9e8130762286bd,7400,8100
0,0,a303ea0000000002,projected_order_1d,3400,34,,b9fd849b43c39831,7400,8200
0,0,a303ea0000000002,projected_order_1d,3500,35,,b5b326a41609bd05,7300,8200
0,0,a303ea0000000002,projected_order_1d,3600,36,,742f1154b6839441,7300,7800
0,0,a303ea0000000002,projected_order_1d,3700,37,,02a71065392b17f9,7400,8000
0,0,a303ea0000000002,projected_order_1d,3800,38,,ee5a3d5bd5c87395,7800,8200
0,0,a303ea0000000002,projected_order_1d,3900,39,,1fe6f3a3dfd434b1,7400,8100
0,0,a303ea0000000002,projected_order_1d,4000,40,,be39395f7a165659,7300,8500
0,0,a303ea0000000002,projected_order_1d,4100,41,,930b2f279d195ad1,7600,8600
0,0,a303ea0000000002,hash_placebo,0,0,4,20c93c293c11f9f1,0,6000
0,1,a303ea0000000003,projected_order_1d,0,0,,f0a1b42974218295,7800,8200
0,1,a303ea0000000003,projected_order_1d,100,1,,a7ae1d771f664625,7400,8000
0,1,a303ea0000000003,projected_order_1d,200,2,,ae5faa79da1626f9,7500,8100
0,1,a303ea0000000003,projected_order_1d,300,3,,985eceac53df0285,7600,8200
0,1,a303ea0000000003,projected_order_1d,400,4,,fe40c3921c8e9ebd,7600,8300
0,1,a303ea0000000003,projected_order_1d,500,5,,70f86859fe6f942d,7600,8500
0,1,a303ea0000000003,projected_order_1d,600,6,,bc225d47e8fabf19,7600,8200
0,1,a303ea0000000003,projected_order_1d,700,7,,88e9e3b693c71b39,7600,8200
0,1,a303ea0000000003,projected_order_1d,800,8,,4ada3fec7ce20069,8700,12000
0,1,a303ea0000000003,projected_order_1d,900,9,,4c7e7d27837d7b05,7600,8600
0,1,a303ea0000000003,projected_order_1d,1000,10,,392f3d9db1244839,7500,8100
0,1,a303ea0000000003,projected_order_1d,1100,11,,543a1916fb773265,7400,8400
0,1,a303ea0000000003,projected_order_1d,1200,12,,0cda41ad29afa655,7700,8600
0,1,a303ea0000000003,projected_order_1d,1300,13,,83d1f342064bfb05,7900,8800
0,1,a303ea0000000003,projected_order_1d,1400,14,,77892ed56a277171,7900,10300
0,1,a303ea0000000003,projected_order_1d,1500,15,,2eaceae498d31799,7800,8300
0,1,a303ea0000000003,projected_order_1d,1600,16,,b6e13ac9c6a5a2d5,7800,8000
0,1,a303ea0000000003,projected_order_1d,1700,17,,c2bac96f32bd886d,7800,8200
0,1,a303ea0000000003,projected_order_1d,1800,18,,b4e89108a4fc50d1,8500,21900
0,1,a303ea0000000003,projected_order_1d,1900,19,,b815d0f0fd39da49,7600,7900
0,1,a303ea0000000003,projected_order_1d,2000,20,,738d44a9076c2889,7600,8100
0,1,a303ea0000000003,projected_order_1d,2100,21,,5cfa24810526fadd,8500,9900
0,1,a303ea0000000003,projected_order_1d,2200,22,,d53bda91cf61e431,7400,8200
0,1,a303ea0000000003,projected_order_1d,2300,23,,984e7706c6cd4ed5,7400,8000
0,1,a303ea0000000003,projected_order_1d,2400,24,,e80241f980cfd385,7500,8500
0,1,a303ea0000000003,projected_order_1d,2500,25,,8e23db35abc0f59d,7600,8700
0,1,a303ea0000000003,projected_order_1d,2600,26,,3e769f2e7a13671d,7300,8200
0,1,a303ea0000000003,projected_order_1d,2700,27,,73bad466fb69cf39,7700,8300
0,1,a303ea0000000003,projected_order_1d,2800,28,,f6f918b8e7911351,8000,8300
0,1,a303ea0000000003,projected_order_1d,2900,29,,e52db632ceee549d,7500,8100
0,1,a303ea0000000003,projected_order_1d,3000,30,,4c9cd191d01df215,8600,11500
0,1,a303ea0000000003,projected_order_1d,3100,31,,942f2d26504826b1,8200,9700
0,1,a303ea0000000003,projected_order_1d,3200,32,,c8c3ebbb7519c401,7400,7900
0,1,a303ea0000000003,projected_order_1d,3300,33,,d5df35a14b6f377d,8200,9700
0,1,a303ea0000000003,projected_order_1d,3400,34,,98169e19e67afb49,7400,8100
0,1,a303ea0000000003,projected_order_1d,3500,35,,04514020f81cd1c5,7500,8300
0,1,a303ea0000000003,projected_order_1d,3600,36,,0cbdf38d256218e9,7800,7800
0,1,a303ea0000000003,projected_order_1d,3700,37,,04572c563de95421,7700,9000
0,1,a303ea0000000003,projected_order_1d,3800,38,,f997e67e55c38065,7500,7900
0,1,a303ea0000000003,projected_order_1d,3900,39,,312f8326e90070b5,7900,8400
0,1,a303ea0000000003,projected_order_1d,4000,40,,48c8f13b032aa585,7500,7900
0,1,a303ea0000000003,projected_order_1d,4100,41,,1efd3b77788f6be9,8000,7700
0,1,a303ea0000000003,hash_placebo,0,0,3,8e228c41c267e92d,0,4600
0,1,a303ea0000000004,projected_order_1d,0,0,,f0a1b42974218295,7500,7800
0,1,a303ea0000000004,projected_order_1d,100,1,,677a9bd5138f5dd1,7700,8600
0,1,a303ea0000000004,projected_order_1d,200,2,,b2187acba070b42d,7500,8500
0,1,a303ea0000000004,projected_order_1d,300,3,,0e17a952cd904279,7300,8200
0,1,a303ea0000000004,projected_order_1d,400,4,,0c0c15868fa6496d,7500,8200
0,1,a303ea0000000004,projected_order_1d,500,5,,4c37ea71f3f94db9,7700,8000
0,1,a303ea0000000004,projected_order_1d,600,6,,96fcdf766144e731,7700,8300
0,1,a303ea0000000004,projected_order_1d,700,7,,202fc1842877fd9d,7400,8100
0,1,a303ea0000000004,projected_order_1d,800,8,,abf959d572d502b5,7500,8200
0,1,a303ea0000000004,projected_order_1d,900,9,,23976907ce6598e5,7400,8100
0,1,a303ea0000000004,projected_order_1d,1000,10,,8e53c30311b44fd5,7500,8200
0,1,a303ea0000000004,projected_order_1d,1100,11,,a836023b9306f5a9,7500,9200
0,1,a303ea0000000004,projected_order_1d,1200,12,,8a16613c18d87985,7500,8200
0,1,a303ea0000000004,projected_order_1d,1300,13,,06b0de02dcdbae05,7800,8100
0,1,a303ea0000000004,projected_order_1d,1400,14,,1de8b4a7e9d5a409,7400,8200
0,1,a303ea0000000004,projected_order_1d,1500,15,,6e666c57777a2db9,7500,7900
0,1,a303ea0000000004,projected_order_1d,1600,16,,36122f20a7a565f9,7400,8600
0,1,a303ea0000000004,projected_order_1d,1700,17,,1614aa5d2b746a5d,7400,7800
0,1,a303ea0000000004,projected_order_1d,1800,18,,60913a05b1b287a5,7700,8000
0,1,a303ea0000000004,projected_order_1d,1900,19,,39275904ea14f835,7400,8600
0,1,a303ea0000000004,projected_order_1d,2000,20,,620f17261e0828dd,7700,7800
0,1,a303ea0000000004,projected_order_1d,2100,21,,34d1f3844a95ec81,7500,7900
0,1,a303ea0000000004,projected_order_1d,2200,22,,ad6fbc52f3289759,7600,8200
0,1,a303ea0000000004,projected_order_1d,2300,23,,99b9fd80c4fb43b1,7900,8200
0,1,a303ea0000000004,projected_order_1d,2400,24,,de42803fd781ac25,7400,8300
0,1,a303ea0000000004,projected_order_1d,2500,25,,93fb52e50a4a166d,7600,8900
0,1,a303ea0000000004,projected_order_1d,2600,26,,07ec1b2e21c072dd,7400,8100
0,1,a303ea0000000004,projected_order_1d,2700,27,,4358416232488241,7400,8200
0,1,a303ea0000000004,projected_order_1d,2800,28,,fb1dd4642b1afb1d,7700,8500
0,1,a303ea0000000004,projected_order_1d,2900,29,,a916c70be6d954dd,9200,7900
0,1,a303ea0000000004,projected_order_1d,3000,30,,188924ed58fadf3d,7400,8000
0,1,a303ea0000000004,projected_order_1d,3100,31,,4db7fb97f9cc5ea9,7500,7800
0,1,a303ea0000000004,projected_order_1d,3200,32,,eb2a08bdca99f389,7500,7800
0,1,a303ea0000000004,projected_order_1d,3300,33,,bc698f1d3a6e5449,7700,7800
0,1,a303ea0000000004,projected_order_1d,3400,34,,a4be70d10cc274a1,7300,8000
0,1,a303ea0000000004,projected_order_1d,3500,35,,0ce715c3bb8f6e39,7500,8000
0,1,a303ea0000000004,projected_order_1d,3600,36,,0dd29148595f4c71,7700,8100
0,1,a303ea0000000004,projected_order_1d,3700,37,,1671f7472d5cb56d,7500,8200
0,1,a303ea0000000004,projected_order_1d,3800,38,,8f054e77cb5b67cd,7400,8500
0,1,a303ea0000000004,projected_order_1d,3900,39,,b5b1c2d9d9574db5,7300,8000
0,1,a303ea0000000004,projected_order_1d,4000,40,,589df04cf1cc3491,7400,7900
0,1,a303ea0000000004,projected_order_1d,4100,41,,3aac19e86bbe8161,7700,8500
0,1,a303ea0000000004,hash_placebo,0,0,7,6dc24e9a85dcc575,0,4100
0,2,a303ea0000000005,projected_order_1d,0,0,,6274fda924b63279,8400,10600
0,2,a303ea0000000005,projected_order_1d,100,1,,84b93743112193e5,7300,8100
0,2,a303ea0000000005,projected_order_1d,200,2,,ec157b5d7b29efb5,7800,8200
0,2,a303ea0000000005,projected_order_1d,300,3,,376ea93167314e65,7600,8800
0,2,a303ea0000000005,projected_order_1d,400,4,,8a4d05e4c7882035,8100,11100
0,2,a303ea0000000005,projected_order_1d,500,5,,ab2da5cb610f9f1d,7300,7400
0,2,a303ea0000000005,projected_order_1d,600,6,,c8e7c45e2f025ce5,7400,8100
0,2,a303ea0000000005,projected_order_1d,700,7,,2885d30609b108cd,7400,7800
0,2,a303ea0000000005,projected_order_1d,800,8,,3ed0574cd8820961,7400,7700
0,2,a303ea0000000005,projected_order_1d,900,9,,d33ff4f66ca3f4bd,7300,8400
0,2,a303ea0000000005,projected_order_1d,1000,10,,12cd47505e088585,7400,8300
0,2,a303ea0000000005,projected_order_1d,1100,11,,b9b05fd9dc8b715d,7400,7800
0,2,a303ea0000000005,projected_order_1d,1200,12,,f083c7809e839899,8200,9200
0,2,a303ea0000000005,projected_order_1d,1300,13,,56f591bfe18993dd,7700,8000
0,2,a303ea0000000005,projected_order_1d,1400,14,,28cf1eb12724de15,7400,7900
0,2,a303ea0000000005,projected_order_1d,1500,15,,9f9c02bd8512eced,7500,7800
0,2,a303ea0000000005,projected_order_1d,1600,16,,7c5bce9ce37ad01d,7400,7900
0,2,a303ea0000000005,projected_order_1d,1700,17,,bc59ade742773d29,7300,8600
0,2,a303ea0000000005,projected_order_1d,1800,18,,026839bd3a6627e9,7700,8300
0,2,a303ea0000000005,projected_order_1d,1900,19,,b148713d307f2231,7300,7800
0,2,a303ea0000000005,projected_order_1d,2000,20,,b78347b4e7a267b5,7600,8000
0,2,a303ea0000000005,projected_order_1d,2100,21,,9f44b65506993b7d,7700,8200
0,2,a303ea0000000005,projected_order_1d,2200,22,,b04b7aa2e2c9d43d,7400,7800
0,2,a303ea0000000005,projected_order_1d,2300,23,,3686ccaa76f76921,7500,8200
0,2,a303ea0000000005,projected_order_1d,2400,24,,2754ba1a74bd7d71,7400,8000
0,2,a303ea0000000005,projected_order_1d,2500,25,,9b3d5cc11df49eed,7700,7900
0,2,a303ea0000000005,projected_order_1d,2600,26,,f25b585763be8c6d,7500,7800
0,2,a303ea0000000005,projected_order_1d,2700,27,,0eeb6e32f1937495,7300,7900
0,2,a303ea0000000005,projected_order_1d,2800,28,,59f834cd48676799,7200,8400
0,2,a303ea0000000005,projected_order_1d,2900,29,,ca4790c23827f60d,7400,8300
0,2,a303ea0000000005,projected_order_1d,3000,30,,35f188d0e6c42c89,7500,7800
0,2,a303ea0000000005,projected_order_1d,3100,31,,ca94ef6347b48ce5,7900,8000
0,2,a303ea0000000005,projected_order_1d,3200,32,,58c867f3fa507291,8200,12800
0,2,a303ea0000000005,projected_order_1d,3300,33,,15025bf0b8465005,7400,7800
0,2,a303ea0000000005,projected_order_1d,3400,34,,c83ad639b80260b9,7500,8100
0,2,a303ea0000000005,projected_order_1d,3500,35,,0a37fafb96c1df8d,7400,8100
0,2,a303ea0000000005,projected_order_1d,3600,36,,1c4c52e596f32879,7500,7900
0,2,a303ea0000000005,projected_order_1d,3700,37,,4a5497aa75f01491,7600,8100
0,2,a303ea0000000005,projected_order_1d,3800,38,,83c3e536a261ef75,7400,8100
0,2,a303ea0000000005,projected_order_1d,3900,39,,e660cfdb0a21676d,7300,7700
0,2,a303ea0000000005,projected_order_1d,4000,40,,16bf7ee97b2faf7d,7500,8400
0,2,a303ea0000000005,projected_order_1d,4100,41,,38154c63fea254cd,7400,7800
0,2,a303ea0000000005,hash_placebo,0,0,6,136f7bc9ccab051d,0,5200
0,2,a303ea0000000006,projected_order_1d,0,0,,6274fda924b63279,8400,11600
0,2,a303ea0000000006,projected_order_1d,100,1,,44174bf335460df5,8200,11700
0,2,a303ea0000000006,projected_order_1d,200,2,,1ebcfa2cec9127a1,7300,7900
0,2,a303ea0000000006,projected_order_1d,300,3,,b7246fbbe154f675,7500,7700
0,2,a303ea0000000006,projected_order_1d,400,4,,eb963b4155766e95,7500,8000
0,2,a303ea0000000006,projected_order_1d,500,5,,d59f6c63f677402d,7300,7800
0,2,a303ea0000000006,projected_order_1d,600,6,,28f5739c898ec249,7500,8500
0,2,a303ea0000000006,projected_order_1d,700,7,,f2913121b8ed0c1d,7500,8300
0,2,a303ea0000000006,projected_order_1d,800,8,,02aa0527243a2015,7500,8200
0,2,a303ea0000000006,projected_order_1d,900,9,,9d8bb732de704bcd,7400,8300
0,2,a303ea0000000006,projected_order_1d,1000,10,,229e38aea2dd5bc9,9300,12800
0,2,a303ea0000000006,projected_order_1d,1100,11,,db3ec7548f33cb71,7500,8500
0,2,a303ea0000000006,projected_order_1d,1200,12,,b49e23a71f1ccbe5,7400,8300
0,2,a303ea0000000006,projected_order_1d,1300,13,,c36bddd4714e915d,7400,8100
0,2,a303ea0000000006,projected_order_1d,1400,14,,e26c56fa2503fa5d,84000,8400
0,2,a303ea0000000006,projected_order_1d,1500,15,,8293130950b1c515,7500,8100
0,2,a303ea0000000006,projected_order_1d,1600,16,,69143ba34f2ecb15,7400,8500
0,2,a303ea0000000006,projected_order_1d,1700,17,,4a460a4d5c7322f9,7500,8200
0,2,a303ea0000000006,projected_order_1d,1800,18,,123461ab7a0e0e7d,7900,8900
0,2,a303ea0000000006,projected_order_1d,1900,19,,9da2061a2b31771d,7400,8400
0,2,a303ea0000000006,projected_order_1d,2000,20,,fda2d02c6c89a2d9,7500,8900
0,2,a303ea0000000006,projected_order_1d,2100,21,,e674ac98bca1f3c1,7500,9200
0,2,a303ea0000000006,projected_order_1d,2200,22,,d0af71349bff40d5,7500,8200
0,2,a303ea0000000006,projected_order_1d,2300,23,,bbe3aeaaf37ba6a5,7600,8800
0,2,a303ea0000000006,projected_order_1d,2400,24,,f67ac01fddcb555d,7400,8900
0,2,a303ea0000000006,projected_order_1d,2500,25,,6ce7c7abceac8e71,7600,8200
0,2,a303ea0000000006,projected_order_1d,2600,26,,128aabd28ca7259d,7500,8500
0,2,a303ea0000000006,projected_order_1d,2700,27,,78f744b0952129f5,7400,8000
0,2,a303ea0000000006,projected_order_1d,2800,28,,76e631a1823d0685,7700,7900
0,2,a303ea0000000006,projected_order_1d,2900,29,,49493ee8754a32b5,7400,8100
0,2,a303ea0000000006,projected_order_1d,3000,30,,f4db6cc92420ce0d,7600,8000
0,2,a303ea0000000006,projected_order_1d,3100,31,,007c6c192531e605,7300,8000
0,2,a303ea0000000006,projected_order_1d,3200,32,,b597eef987e68379,7400,8700
0,2,a303ea0000000006,projected_order_1d,3300,33,,7e8547793e8ab42d,7400,8100
0,2,a303ea0000000006,projected_order_1d,3400,34,,38bcb6d651053d75,7400,8300
0,2,a303ea0000000006,projected_order_1d,3500,35,,251fe17e6fc9a411,7400,7700
0,2,a303ea0000000006,projected_order_1d,3600,36,,fdc52d6a8c88da41,7500,8600
0,2,a303ea0000000006,projected_order_1d,3700,37,,79bdbce43d008a31,7500,7900
0,2,a303ea0000000006,projected_order_1d,3800,38,,083b1c6fb52f2f9d,7400,8100
0,2,a303ea0000000006,projected_order_1d,3900,39,,4f1f16124b380f71,7600,8300
0,2,a303ea0000000006,projected_order_1d,4000,40,,e4b1c955e517c281,7600,7800
0,2,a303ea0000000006,projected_order_1d,4100,41,,97769237a7650b8d,7300,8100
0,2,a303ea0000000006,hash_placebo,0,0,2,8ec04bf49bf34a6d,0,4300
1,0,a303ea0000000007,projected_order_1d,0,0,,e5bfca898e63a1a1,7400,7700
1,0,a303ea0000000007,projected_order_1d,100,1,,2dfb7304e7fa5d71,7300,8100
1,0,a303ea0000000007,projected_order_1d,200,2,,b4b4dba6b1d63f71,7400,7800
1,0,a303ea0000000007,projected_order_1d,300,3,,fc9cdceb44c02005,7600,7900
1,0,a303ea0000000007,projected_order_1d,400,4,,a1fcc9942d6c5941,7500,8100
1,0,a303ea0000000007,projected_order_1d,500,5,,09ee416d334583a5,7300,8100
1,0,a303ea0000000007,projected_order_1d,600,6,,c841b95cb11b4c29,7600,8100
1,0,a303ea0000000007,projected_order_1d,700,7,,892fb37597fd25f9,7500,7900
1,0,a303ea0000000007,projected_order_1d,800,8,,5f07df76a0d7a91d,8400,11000
1,0,a303ea0000000007,projected_order_1d,900,9,,4f95973535739e5d,7500,8100
1,0,a303ea0000000007,projected_order_1d,1000,10,,b79b5aca2eb580e9,7800,8200
1,0,a303ea0000000007,projected_order_1d,1100,11,,1f8bdc299549fd0d,7300,7700
1,0,a303ea0000000007,projected_order_1d,1200,12,,d2bd0f15714f7b8d,7300,7900
1,0,a303ea0000000007,projected_order_1d,1300,13,,e37ef74d23937e49,8500,11500
1,0,a303ea0000000007,projected_order_1d,1400,14,,3e3ef411decc3d81,7600,8100
1,0,a303ea0000000007,projected_order_1d,1500,15,,d26158085eeb18f5,7500,7900
1,0,a303ea0000000007,projected_order_1d,1600,16,,2c80efa858c531a9,7500,8000
1,0,a303ea0000000007,projected_order_1d,1700,17,,646e13338be0a1c9,7300,8300
1,0,a303ea0000000007,projected_order_1d,1800,18,,e2b8ee87dc5e6d99,7400,8000
1,0,a303ea0000000007,projected_order_1d,1900,19,,170bfb2b938046c1,7500,8100
1,0,a303ea0000000007,projected_order_1d,2000,20,,caa0f9b8585f7711,7400,8100
1,0,a303ea0000000007,projected_order_1d,2100,21,,0e86c94da7f1c10d,7500,8200
1,0,a303ea0000000007,projected_order_1d,2200,22,,e6f8f38c3b973bed,7500,8000
1,0,a303ea0000000007,projected_order_1d,2300,23,,f26775226a7aa471,7600,8000
1,0,a303ea0000000007,projected_order_1d,2400,24,,6b190e23786755f9,7400,8000
1,0,a303ea0000000007,projected_order_1d,2500,25,,aa35d65e24f48d69,7400,8000
1,0,a303ea0000000007,projected_order_1d,2600,26,,dfb20fe9a0f8fad5,7500,8100
1,0,a303ea0000000007,projected_order_1d,2700,27,,d429970df8811919,7500,8100
1,0,a303ea0000000007,projected_order_1d,2800,28,,011f37826bfe9585,7300,8800
1,0,a303ea0000000007,projected_order_1d,2900,29,,7fdd55c1f50f6fb5,7400,8600
1,0,a303ea0000000007,projected_order_1d,3000,30,,7732e92ab51bbf25,7500,8200
1,0,a303ea0000000007,projected_order_1d,3100,31,,3970a17a535c9065,7300,8000
1,0,a303ea0000000007,projected_order_1d,3200,32,,597b59ed14c9634d,7300,8700
1,0,a303ea0000000007,projected_order_1d,3300,33,,7fac075c5d178071,7600,8300
1,0,a303ea0000000007,projected_order_1d,3400,34,,702e260efa8d3405,7300,8300
1,0,a303ea0000000007,projected_order_1d,3500,35,,5ec28d072f854a09,7500,8100
1,0,a303ea0000000007,projected_order_1d,3600,36,,ab172e003c545ef9,7400,8000
1,0,a303ea0000000007,projected_order_1d,3700,37,,fbe4ddc12a79220d,7700,8100
1,0,a303ea0000000007,projected_order_1d,3800,38,,534e64bc8b690e39,7200,8100
1,0,a303ea0000000007,projected_order_1d,3900,39,,646963360d69aba9,7300,7700
1,0,a303ea0000000007,projected_order_1d,4000,40,,ce4ba4ac34e4d4ed,7400,8000
1,0,a303ea0000000007,projected_order_1d,4100,41,,aafbbcad7d306199,7200,8100
1,0,a303ea0000000007,hash_placebo,0,0,1,08d2d3f44d694801,0,4300
1,0,a303ea0000000008,projected_order_1d,0,0,,e5bfca898e63a1a1,7700,8000
1,0,a303ea0000000008,projected_order_1d,100,1,,a5429edd6c242549,7400,8000
1,0,a303ea0000000008,projected_order_1d,200,2,,cc95c9acd0fa249d,7500,8200
1,0,a303ea0000000008,projected_order_1d,300,3,,17191dc0225c1299,7300,7600
1,0,a303ea0000000008,projected_order_1d,400,4,,55e6ab869e491e25,7200,7700
1,0,a303ea0000000008,projected_order_1d,500,5,,7477c003969d7a0d,7300,7800
1,0,a303ea0000000008,projected_order_1d,600,6,,201d5565ab23b129,7300,8200
1,0,a303ea0000000008,projected_order_1d,700,7,,f58decb0df0085d9,7500,8200
1,0,a303ea0000000008,projected_order_1d,800,8,,1b40ab27b8074935,7700,8100
1,0,a303ea0000000008,projected_order_1d,900,9,,ebae465e211d65b5,7500,7700
1,0,a303ea0000000008,projected_order_1d,1000,10,,2aa066c433ab50ad,7200,7200
1,0,a303ea0000000008,projected_order_1d,1100,11,,d6a3fb862ea09845,7300,7900
1,0,a303ea0000000008,projected_order_1d,1200,12,,9d4f70ce3f5d8025,7400,8400
1,0,a303ea0000000008,projected_order_1d,1300,13,,728f142dd3e54f75,7200,7900
1,0,a303ea0000000008,projected_order_1d,1400,14,,16da5ed06c6cce21,8100,7600
1,0,a303ea0000000008,projected_order_1d,1500,15,,3e0db7606d8b7fdd,7100,7800
1,0,a303ea0000000008,projected_order_1d,1600,16,,464603d76786e939,7300,8000
1,0,a303ea0000000008,projected_order_1d,1700,17,,1d778f7f2709f959,7700,8400
1,0,a303ea0000000008,projected_order_1d,1800,18,,aed3aa43e5a1094d,7400,8300
1,0,a303ea0000000008,projected_order_1d,1900,19,,f700e7d9290c94b5,7300,7600
1,0,a303ea0000000008,projected_order_1d,2000,20,,f1f5d46456048b45,8100,11200
1,0,a303ea0000000008,projected_order_1d,2100,21,,291a2e29a78c4549,7900,9300
1,0,a303ea0000000008,projected_order_1d,2200,22,,ed1894548b15de4d,7300,7500
1,0,a303ea0000000008,projected_order_1d,2300,23,,d54fa5c5f2e6e3b5,7300,8300
1,0,a303ea0000000008,projected_order_1d,2400,24,,ee5eecef9c774589,7900,19500
1,0,a303ea0000000008,projected_order_1d,2500,25,,d1faddc056514af9,7400,7700
1,0,a303ea0000000008,projected_order_1d,2600,26,,d1a993820676bced,7600,8100
1,0,a303ea0000000008,projected_order_1d,2700,27,,212c813ee727a649,7300,7500
1,0,a303ea0000000008,projected_order_1d,2800,28,,85bb5e8a4547e1a1,7300,7200
1,0,a303ea0000000008,projected_order_1d,2900,29,,e2c0fc05a0afb565,7600,8400
1,0,a303ea0000000008,projected_order_1d,3000,30,,f1a5dcca32854f21,7600,8500
1,0,a303ea0000000008,projected_order_1d,3100,31,,0a65d466c1db002d,7900,8300
1,0,a303ea0000000008,projected_order_1d,3200,32,,31f9f0826ba9f2c5,7600,8100
1,0,a303ea0000000008,projected_order_1d,3300,33,,7b0bb7f81c418d49,7400,8500
1,0,a303ea0000000008,projected_order_1d,3400,34,,ceebc97fa5144a71,7600,8200
1,0,a303ea0000000008,projected_order_1d,3500,35,,b01a506ebcb7e5bd,7900,8300
1,0,a303ea0000000008,projected_order_1d,3600,36,,a59561ed182b3075,7600,8100
1,0,a303ea0000000008,projected_order_1d,3700,37,,5f03f24aa79ded1d,7800,8200
1,0,a303ea0000000008,projected_order_1d,3800,38,,597edef6045c67cd,7600,9000
1,0,a303ea0000000008,projected_order_1d,3900,39,,7c3f6ba78b67662d,8200,12400
1,0,a303ea0000000008,projected_order_1d,4000,40,,0a998b047523ee0d,7500,8300
1,0,a303ea0000000008,projected_order_1d,4100,41,,9f6dd9bdd8776ca9,7400,8200
1,0,a303ea0000000008,hash_placebo,0,0,5,e19b80df552ce8f9,0,4600
1,1,a303ea0000000009,projected_order_1d,0,0,,6b2b440b05681879,7500,7800
1,1,a303ea0000000009,projected_order_1d,100,1,,39d81dd1d77e795d,7500,8000
1,1,a303ea0000000009,projected_order_1d,200,2,,c32e9fa7f22f639d,8200,12000
1,1,a303ea0000000009,projected_order_1d,300,3,,b1b58fd0c6a77559,7700,7800
1,1,a303ea0000000009,projected_order_1d,400,4,,6fcb9d9e6e856031,7700,8000
1,1,a303ea0000000009,projected_order_1d,500,5,,b69876812afc3d79,10000,8800
1,1,a303ea0000000009,projected_order_1d,600,6,,7d2f240773660609,7400,8400
1,1,a303ea0000000009,projected_order_1d,700,7,,7f33f1622fd55e21,7500,8000
1,1,a303ea0000000009,projected_order_1d,800,8,,dfa41e46b525bfa5,7500,8300
1,1,a303ea0000000009,projected_order_1d,900,9,,ff10dd6d72a18d69,7300,8100
1,1,a303ea0000000009,projected_order_1d,1000,10,,90b261ab3dcecb4d,7500,7900
1,1,a303ea0000000009,projected_order_1d,1100,11,,d12a143121d099f5,7400,8300
1,1,a303ea0000000009,projected_order_1d,1200,12,,208a07745f148f45,8200,11600
1,1,a303ea0000000009,projected_order_1d,1300,13,,b000f6b4bd244091,7400,7800
1,1,a303ea0000000009,projected_order_1d,1400,14,,caac7e50cc311cb9,7400,8100
1,1,a303ea0000000009,projected_order_1d,1500,15,,ef84287f5dc8e8e5,7400,8700
1,1,a303ea0000000009,projected_order_1d,1600,16,,35739b8dd85a0e75,8300,10900
1,1,a303ea0000000009,projected_order_1d,1700,17,,ec7b811afc5db301,7500,8200
1,1,a303ea0000000009,projected_order_1d,1800,18,,4ed9543f4b04f0c9,7700,8200
1,1,a303ea0000000009,projected_order_1d,1900,19,,9083bd038ae7d73d,7500,9800
1,1,a303ea0000000009,projected_order_1d,2000,20,,9deade394c3d3485,7500,8500
1,1,a303ea0000000009,projected_order_1d,2100,21,,77f3f3d9b628b5a5,7300,8000
1,1,a303ea0000000009,projected_order_1d,2200,22,,1edb48fa5880da19,7600,7900
1,1,a303ea0000000009,projected_order_1d,2300,23,,f2e10adb46044bfd,7600,7900
1,1,a303ea0000000009,projected_order_1d,2400,24,,c91f882444f143e1,7500,8000
1,1,a303ea0000000009,projected_order_1d,2500,25,,695c918b4f855d65,7400,8200
1,1,a303ea0000000009,projected_order_1d,2600,26,,95b40d0f8252bfc1,7500,8300
1,1,a303ea0000000009,projected_order_1d,2700,27,,2c43f8f51fe86511,7500,8300
1,1,a303ea0000000009,projected_order_1d,2800,28,,5647246950537bc9,7300,8200
1,1,a303ea0000000009,projected_order_1d,2900,29,,a723fd0a79ba77c5,7500,8000
1,1,a303ea0000000009,projected_order_1d,3000,30,,5a068325d7913b91,7500,8700
1,1,a303ea0000000009,projected_order_1d,3100,31,,41d4d239dc27d52d,7500,8400
1,1,a303ea0000000009,projected_order_1d,3200,32,,6fba9953d51500bd,7500,8100
1,1,a303ea0000000009,projected_order_1d,3300,33,,91d9ec0062ff72cd,7400,9800
1,1,a303ea0000000009,projected_order_1d,3400,34,,90c08a836ea84bc1,7600,8200
1,1,a303ea0000000009,projected_order_1d,3500,35,,86c04728a3d46701,7800,8200
1,1,a303ea0000000009,projected_order_1d,3600,36,,54a480d7684cbab9,7900,8700
1,1,a303ea0000000009,projected_order_1d,3700,37,,a089778bf954b5c9,7900,8200
1,1,a303ea0000000009,projected_order_1d,3800,38,,838064850df7fee1,7400,8200
1,1,a303ea0000000009,projected_order_1d,3900,39,,9c7cb483e4485cd9,7800,7900
1,1,a303ea0000000009,projected_order_1d,4000,40,,e8c11ad1e409d0e1,7500,8900
1,1,a303ea0000000009,projected_order_1d,4100,41,,e94bee6471f58435,7500,8600
1,1,a303ea0000000009,hash_placebo,0,0,4,20c93c293c11f9f1,0,3800
1,1,a303ea000000000a,projected_order_1d,0,0,,6b2b440b05681879,7500,7700
1,1,a303ea000000000a,projected_order_1d,100,1,,6ac09db1b55273c5,7400,8200
1,1,a303ea000000000a,projected_order_1d,200,2,,5a6ea171bc1074e1,7400,8000
1,1,a303ea000000000a,projected_order_1d,300,3,,f5b6e43ec58cefbd,7500,8100
1,1,a303ea000000000a,projected_order_1d,400,4,,a5e9a5c5669ea83d,7600,7800
1,1,a303ea000000000a,projected_order_1d,500,5,,c00bcc5d5ed27051,7400,7800
1,1,a303ea000000000a,projected_order_1d,600,6,,772d9c22f835c8bd,7500,8200
1,1,a303ea000000000a,projected_order_1d,700,7,,45809c0754065b2d,7400,8000
1,1,a303ea000000000a,projected_order_1d,800,8,,ce3c39cecf4a15c9,7400,8300
1,1,a303ea000000000a,projected_order_1d,900,9,,ce041fb11ce4f385,7500,8100
1,1,a303ea000000000a,projected_order_1d,1000,10,,b410a559c6f86561,7400,7800
1,1,a303ea000000000a,projected_order_1d,1100,11,,6499c887beac760d,7400,8400
1,1,a303ea000000000a,projected_order_1d,1200,12,,7fccc5a566bb4b3d,7400,8300
1,1,a303ea000000000a,projected_order_1d,1300,13,,8064056d0171b041,8100,10700
1,1,a303ea000000000a,projected_order_1d,1400,14,,ea764c9fb916d791,8300,10800
1,1,a303ea000000000a,projected_order_1d,1500,15,,448e5e02912fa68d,8300,10300
1,1,a303ea000000000a,projected_order_1d,1600,16,,e8d33be10e44fc65,7300,8200
1,1,a303ea000000000a,projected_order_1d,1700,17,,43eacf251365b535,7500,8400
1,1,a303ea000000000a,projected_order_1d,1800,18,,78f9b41352943c45,7700,8300
1,1,a303ea000000000a,projected_order_1d,1900,19,,eb033a62bdf0007d,8700,12200
1,1,a303ea000000000a,projected_order_1d,2000,20,,eeebb4bc29301bed,7500,8100
1,1,a303ea000000000a,projected_order_1d,2100,21,,e7daddc6ae907971,7400,8300
1,1,a303ea000000000a,projected_order_1d,2200,22,,a8d0cc8807cb68cd,7800,8100
1,1,a303ea000000000a,projected_order_1d,2300,23,,4cdb40ca469d9091,7700,8200
1,1,a303ea000000000a,projected_order_1d,2400,24,,e3e75f8df7e76419,7300,8200
1,1,a303ea000000000a,projected_order_1d,2500,25,,b318a597e17d2c99,7400,8100
1,1,a303ea000000000a,projected_order_1d,2600,26,,96f653c53b2c8895,7500,8000
1,1,a303ea000000000a,projected_order_1d,2700,27,,fb12aba102a43c81,7400,8100
1,1,a303ea000000000a,projected_order_1d,2800,28,,872cc7247571d545,7600,8500
1,1,a303ea000000000a,projected_order_1d,2900,29,,dd23f7c572e7d7fd,8300,11800
1,1,a303ea000000000a,projected_order_1d,3000,30,,2c30d9eb05bbfb2d,7800,8200
1,1,a303ea000000000a,projected_order_1d,3100,31,,ce6b8506c433a6b9,7800,7900
1,1,a303ea000000000a,projected_order_1d,3200,32,,15c18bb34ff0a5d5,7300,7800
1,1,a303ea000000000a,projected_order_1d,3300,33,,c594bb6f72651b25,8400,10100
1,1,a303ea000000000a,projected_order_1d,3400,34,,ee31007d2ed381f1,8200,15000
1,1,a303ea000000000a,projected_order_1d,3500,35,,0a0fb94d355dbb9d,7300,8200
1,1,a303ea000000000a,projected_order_1d,3600,36,,dbb3ef9e4db78961,7400,8200
1,1,a303ea000000000a,projected_order_1d,3700,37,,9cafa517c6e2c701,7700,8300
1,1,a303ea000000000a,projected_order_1d,3800,38,,93295b8669f33601,7500,8300
1,1,a303ea000000000a,projected_order_1d,3900,39,,e691ecf5d5948c0d,8600,12300
1,1,a303ea000000000a,projected_order_1d,4000,40,,a0761cf535708969,7400,8100
1,1,a303ea000000000a,projected_order_1d,4100,41,,642c3e58f61646f5,8500,11400
1,1,a303ea000000000a,hash_placebo,0,0,0,800d700550ef4109,0,4600
1,2,a303ea000000000b,projected_order_1d,0,0,,45d63770e0828011,7500,8000
1,2,a303ea000000000b,projected_order_1d,100,1,,f566fb5247be7d95,7700,8000
1,2,a303ea000000000b,projected_order_1d,200,2,,8e20a3143d18e171,7500,7900
1,2,a303ea000000000b,projected_order_1d,300,3,,0d50356c2aa2333d,7500,8000
1,2,a303ea000000000b,projected_order_1d,400,4,,6f4bcfe77eea8721,7700,8300
1,2,a303ea000000000b,projected_order_1d,500,5,,f59363e0da08ff59,8200,12100
1,2,a303ea000000000b,projected_order_1d,600,6,,f739e8ad548a43b9,7400,8200
1,2,a303ea000000000b,projected_order_1d,700,7,,baa1ec011f72df11,7500,8200
1,2,a303ea000000000b,projected_order_1d,800,8,,8d91fec759ef6725,6900,7400
1,2,a303ea000000000b,projected_order_1d,900,9,,9626d3d8ff9e02f1,7900,11300
1,2,a303ea000000000b,projected_order_1d,1000,10,,58556783303289b9,7400,8000
1,2,a303ea000000000b,projected_order_1d,1100,11,,38249f1fdf9bf615,7500,8000
1,2,a303ea000000000b,projected_order_1d,1200,12,,39cf0f1ac14ac6a1,7300,8000
1,2,a303ea000000000b,projected_order_1d,1300,13,,d59be24ea4f29d19,7300,8100
1,2,a303ea000000000b,projected_order_1d,1400,14,,b9e364471e230d95,7400,8100
1,2,a303ea000000000b,projected_order_1d,1500,15,,541b387737474791,7600,7800
1,2,a303ea000000000b,projected_order_1d,1600,16,,0e6c391036fa2365,7800,8200
1,2,a303ea000000000b,projected_order_1d,1700,17,,b1e75e27d1fee49d,7400,8200
1,2,a303ea000000000b,projected_order_1d,1800,18,,a419cd6321ec94a1,7400,8000
1,2,a303ea000000000b,projected_order_1d,1900,19,,0c66ec712c4f4e2d,7200,7700
1,2,a303ea000000000b,projected_order_1d,2000,20,,302f1c50e0c41929,7300,8200
1,2,a303ea000000000b,projected_order_1d,2100,21,,ffc5f298b53d3985,7200,8700
1,2,a303ea000000000b,projected_order_1d,2200,22,,36522c3e00a7b4f9,7400,8400
1,2,a303ea000000000b,projected_order_1d,2300,23,,f0d25e1a71abd9d5,7500,8200
1,2,a303ea000000000b,projected_order_1d,2400,24,,2b0fdddffa836fb9,8600,11200
1,2,a303ea000000000b,projected_order_1d,2500,25,,aa0c5fa7816fa645,7100,7300
1,2,a303ea000000000b,projected_order_1d,2600,26,,2e002bbb685fb7f5,7100,7700
1,2,a303ea000000000b,projected_order_1d,2700,27,,70f11beb909f4165,7600,8200
1,2,a303ea000000000b,projected_order_1d,2800,28,,50beb95d2c658f85,7500,8400
1,2,a303ea000000000b,projected_order_1d,2900,29,,28895f3ef53837f5,7500,8300
1,2,a303ea000000000b,projected_order_1d,3000,30,,1f9664ba33b6a281,7300,7600
1,2,a303ea000000000b,projected_order_1d,3100,31,,f72ef263e8a5b0ed,7500,7500
1,2,a303ea000000000b,projected_order_1d,3200,32,,78f2d0e4561ba455,7300,8000
1,2,a303ea000000000b,projected_order_1d,3300,33,,48be6af2fcecb581,7300,7700
1,2,a303ea000000000b,projected_order_1d,3400,34,,06bbe5938b9893c5,7200,7900
1,2,a303ea000000000b,projected_order_1d,3500,35,,bb8f79a167edc5c1,7400,8100
1,2,a303ea000000000b,projected_order_1d,3600,36,,efa350351ed079f5,7500,8000
1,2,a303ea000000000b,projected_order_1d,3700,37,,5223e0f36b79175d,7400,8100
1,2,a303ea000000000b,projected_order_1d,3800,38,,6586497d6a753c3d,7200,7700
1,2,a303ea000000000b,projected_order_1d,3900,39,,df053169d904ca81,7300,7600
1,2,a303ea000000000b,projected_order_1d,4000,40,,84c89fd6c9dc54c5,7300,7100
1,2,a303ea000000000b,projected_order_1d,4100,41,,a4cb0bf0bb041b3d,7600,7900
1,2,a303ea000000000b,hash_placebo,0,0,7,6dc24e9a85dcc575,0,4500
1,2,a303ea000000000c,projected_order_1d,0,0,,45d63770e0828011,7400,7800
1,2,a303ea000000000c,projected_order_1d,100,1,,1761c273b6cc1d15,7200,7200
1,2,a303ea000000000c,projected_order_1d,200,2,,eb178f68994c0b1d,8500,12000
1,2,a303ea000000000c,projected_order_1d,300,3,,5a8b76554f2a75a1,7500,8500
1,2,a303ea000000000c,projected_order_1d,400,4,,530db67f00a3e96d,7400,8100
1,2,a303ea000000000c,projected_order_1d,500,5,,45b2698dade355c5,7300,8400
1,2,a303ea000000000c,projected_order_1d,600,6,,9f91c585697f8d29,7700,8100
1,2,a303ea000000000c,projected_order_1d,700,7,,bf633fea6cd733cd,7700,8400
1,2,a303ea000000000c,projected_order_1d,800,8,,c586e11e8be8d095,8100,13000
1,2,a303ea000000000c,projected_order_1d,900,9,,83f84e17a743a7bd,7400,8100
1,2,a303ea000000000c,projected_order_1d,1000,10,,d273cf571957ab6d,7400,8100
1,2,a303ea000000000c,projected_order_1d,1100,11,,ef8fb6faca598019,7500,8400
1,2,a303ea000000000c,projected_order_1d,1200,12,,917f317997b7d00d,18900,8000
1,2,a303ea000000000c,projected_order_1d,1300,13,,6f2225f66845b18d,7700,11400
1,2,a303ea000000000c,projected_order_1d,1400,14,,27061338f291954d,7800,7900
1,2,a303ea000000000c,projected_order_1d,1500,15,,ebd81b0de174795d,7300,7500
1,2,a303ea000000000c,projected_order_1d,1600,16,,5032a7ca443fba95,7400,7800
1,2,a303ea000000000c,projected_order_1d,1700,17,,335714c18616be09,7600,7800
1,2,a303ea000000000c,projected_order_1d,1800,18,,a293209313da1465,7500,7800
1,2,a303ea000000000c,projected_order_1d,1900,19,,0f7242e00bd9b0f5,7600,7400
1,2,a303ea000000000c,projected_order_1d,2000,20,,9edbda7b09d39599,7300,7500
1,2,a303ea000000000c,projected_order_1d,2100,21,,59c6c3d46c3b8351,7600,8100
1,2,a303ea000000000c,projected_order_1d,2200,22,,9ce48ea1839a9241,7400,8300
1,2,a303ea000000000c,projected_order_1d,2300,23,,89fca6ca14365099,7300,7700
1,2,a303ea000000000c,projected_order_1d,2400,24,,a80aae9d58174a35,7300,8100
1,2,a303ea000000000c,projected_order_1d,2500,25,,702f2f36d3cada85,7500,10200
1,2,a303ea000000000c,projected_order_1d,2600,26,,7f1978bf772217e1,7400,8000
1,2,a303ea000000000c,projected_order_1d,2700,27,,9f59b778afcd53e5,7400,7600
1,2,a303ea000000000c,projected_order_1d,2800,28,,2a5a84c2efccb809,7300,7800
1,2,a303ea000000000c,projected_order_1d,2900,29,,90a917700aecf0f5,8200,12000
1,2,a303ea000000000c,projected_order_1d,3000,30,,1ccb542303beebcd,7500,8000
1,2,a303ea000000000c,projected_order_1d,3100,31,,af23dd3968c82209,7900,10500
1,2,a303ea000000000c,projected_order_1d,3200,32,,cb9ade769116ac69,7500,8000
1,2,a303ea000000000c,projected_order_1d,3300,33,,69243d175f80b4a9,7700,8200
1,2,a303ea000000000c,projected_order_1d,3400,34,,f9e3bb3e99b80859,7700,8500
1,2,a303ea000000000c,projected_order_1d,3500,35,,18d36b3028661f11,7600,8200
1,2,a303ea000000000c,projected_order_1d,3600,36,,d3112966c277605d,7400,8100
1,2,a303ea000000000c,projected_order_1d,3700,37,,ae745519c3109159,7700,8200
1,2,a303ea000000000c,projected_order_1d,3800,38,,5bb9cb746b9bfb89,7300,7200
1,2,a303ea000000000c,projected_order_1d,3900,39,,4869cb4284da3059,7700,8100
1,2,a303ea000000000c,projected_order_1d,4000,40,,1ce50da4c262e08d,7800,7900
1,2,a303ea000000000c,projected_order_1d,4100,41,,f5ec6bdb568845c5,11300,8000
1,2,a303ea000000000c,hash_placebo,0,0,3,8e228c41c267e92d,0,4200
2,0,a303ea000000000d,projected_order_1d,0,0,,77355d5eab804125,7400,7600
2,0,a303ea000000000d,projected_order_1d,100,1,,6302283a14405249,7500,11200
2,0,a303ea000000000d,projected_order_1d,200,2,,419c1eb56f09d7c1,7300,8100
2,0,a303ea000000000d,projected_order_1d,300,3,,9c90e019f11244ed,7300,7700
2,0,a303ea000000000d,projected_order_1d,400,4,,276ccc09b57f3251,7400,7600
2,0,a303ea000000000d,projected_order_1d,500,5,,640948012b35fa65,13000,11900
2,0,a303ea000000000d,projected_order_1d,600,6,,c36b3c3b8d5dcb69,7500,8300
2,0,a303ea000000000d,projected_order_1d,700,7,,395d5fd9bb30e3a5,7700,8800
2,0,a303ea000000000d,projected_order_1d,800,8,,988f134f696b1d89,7600,8500
2,0,a303ea000000000d,projected_order_1d,900,9,,655ad84583a52f55,7400,8100
2,0,a303ea000000000d,projected_order_1d,1000,10,,25bdd6d9610ee5f1,8000,7900
2,0,a303ea000000000d,projected_order_1d,1100,11,,95c5ba3c3dacad89,7900,8600
2,0,a303ea000000000d,projected_order_1d,1200,12,,a963e881a6b75295,7700,8400
2,0,a303ea000000000d,projected_order_1d,1300,13,,688e683dfe0efc31,7700,8100
2,0,a303ea000000000d,projected_order_1d,1400,14,,3e3875815525dcf1,8000,8900
2,0,a303ea000000000d,projected_order_1d,1500,15,,8d853d86fd67fa5d,7700,8100
2,0,a303ea000000000d,projected_order_1d,1600,16,,4777dd0beff217ad,7400,8100
2,0,a303ea000000000d,projected_order_1d,1700,17,,d96b66e974bbd2f9,7700,8500
2,0,a303ea000000000d,projected_order_1d,1800,18,,498e6d6bf55671a9,7500,8100
2,0,a303ea000000000d,projected_order_1d,1900,19,,f64f89f3dee9b219,8800,12400
2,0,a303ea000000000d,projected_order_1d,2000,20,,66fd31ad27b152d1,7700,8500
2,0,a303ea000000000d,projected_order_1d,2100,21,,f0ebb8ff42f2a085,7500,8400
2,0,a303ea000000000d,projected_order_1d,2200,22,,f29162f8751ee081,7600,8000
2,0,a303ea000000000d,projected_order_1d,2300,23,,b0dc4cf0778679a5,7700,8100
2,0,a303ea000000000d,projected_order_1d,2400,24,,6fe4ac4a234aa125,7500,7900
2,0,a303ea000000000d,projected_order_1d,2500,25,,6997d21c77cfcf59,7500,7900
2,0,a303ea000000000d,projected_order_1d,2600,26,,dc9d453fe499e675,7500,8000
2,0,a303ea000000000d,projected_order_1d,2700,27,,8d2ea76d7f92ada1,8500,8100
2,0,a303ea000000000d,projected_order_1d,2800,28,,2df7a739e9a44b39,7500,8400
2,0,a303ea000000000d,projected_order_1d,2900,29,,4df2e51eba86b751,7600,8900
2,0,a303ea000000000d,projected_order_1d,3000,30,,60450d16e3b438dd,7400,8300
2,0,a303ea000000000d,projected_order_1d,3100,31,,471bcb8114cfcac5,7500,8500
2,0,a303ea000000000d,projected_order_1d,3200,32,,e1f34ffe909a5291,7500,7900
2,0,a303ea000000000d,projected_order_1d,3300,33,,2acd6fc6dd090c15,7300,8000
2,0,a303ea000000000d,projected_order_1d,3400,34,,ad5377ed7429c9e5,7600,7900
2,0,a303ea000000000d,projected_order_1d,3500,35,,7e0085a03e4cca89,7500,8200
2,0,a303ea000000000d,projected_order_1d,3600,36,,bf193ddf09b1ee81,7600,8000
2,0,a303ea000000000d,projected_order_1d,3700,37,,1a2e6e595b0c0a15,7400,8100
2,0,a303ea000000000d,projected_order_1d,3800,38,,1c0107fe1ecb9745,7600,8100
2,0,a303ea000000000d,projected_order_1d,3900,39,,434a3a3fa5e62bf1,7700,8000
2,0,a303ea000000000d,projected_order_1d,4000,40,,d1f11a7d4d69a159,7800,8200
2,0,a303ea000000000d,projected_order_1d,4100,41,,c21a305c98a1a6d1,7500,8300
2,0,a303ea000000000d,hash_placebo,0,0,2,8ec04bf49bf34a6d,0,4000
2,0,a303ea000000000e,projected_order_1d,0,0,,77355d5eab804125,7400,7700
2,0,a303ea000000000e,projected_order_1d,100,1,,110b77f4a06f52a9,7600,7900
2,0,a303ea000000000e,projected_order_1d,200,2,,f3d6407598027d05,7300,7700
2,0,a303ea000000000e,projected_order_1d,300,3,,12763fce4392c0e1,7400,8100
2,0,a303ea000000000e,projected_order_1d,400,4,,d86056169afed755,7400,8200
2,0,a303ea000000000e,projected_order_1d,500,5,,57022c5c98d31915,7500,8200
2,0,a303ea000000000e,projected_order_1d,600,6,,6e50d55044eacc49,7300,8100
2,0,a303ea000000000e,projected_order_1d,700,7,,52402661f577fd09,7900,8400
2,0,a303ea000000000e,projected_order_1d,800,8,,7d8312eea30c7c35,7600,8400
2,0,a303ea000000000e,projected_order_1d,900,9,,a2fb56d399ae9bf9,7400,7900
2,0,a303ea000000000e,projected_order_1d,1000,10,,40425a6aefc62859,7700,8000
2,0,a303ea000000000e,projected_order_1d,1100,11,,a406a2416c0319c1,7900,11900
2,0,a303ea000000000e,projected_order_1d,1200,12,,a6b7cc5226602831,7600,8600
2,0,a303ea000000000e,projected_order_1d,1300,13,,ace8ef4ff739ad81,7600,8200
2,0,a303ea000000000e,projected_order_1d,1400,14,,67926a18c4f4081d,7800,9100
2,0,a303ea000000000e,projected_order_1d,1500,15,,5617609e85b94f11,7800,8900
2,0,a303ea000000000e,projected_order_1d,1600,16,,7a4d745430046699,7500,8400
2,0,a303ea000000000e,projected_order_1d,1700,17,,9831055d10ef869d,7500,8400
2,0,a303ea000000000e,projected_order_1d,1800,18,,d02098c536892f9d,7400,8400
2,0,a303ea000000000e,projected_order_1d,1900,19,,6ee3886b0f55bfa9,8300,12100
2,0,a303ea000000000e,projected_order_1d,2000,20,,0220f47c6553bfb1,7800,10900
2,0,a303ea000000000e,projected_order_1d,2100,21,,dd772e3497f7aba5,7700,8100
2,0,a303ea000000000e,projected_order_1d,2200,22,,3a286d1d9f777d55,7600,8200
2,0,a303ea000000000e,projected_order_1d,2300,23,,31414e427e7c06d9,7500,8000
2,0,a303ea000000000e,projected_order_1d,2400,24,,ad8ce84fa1c4f979,7400,8400
2,0,a303ea000000000e,projected_order_1d,2500,25,,7c651a4c7627b105,7400,8400
2,0,a303ea000000000e,projected_order_1d,2600,26,,36bbfc0cc5cff399,7500,8300
2,0,a303ea000000000e,projected_order_1d,2700,27,,5f972c2a9742eec5,7700,8100
2,0,a303ea000000000e,projected_order_1d,2800,28,,4dd2bce24c8667e9,7400,8600
2,0,a303ea000000000e,projected_order_1d,2900,29,,546f3967d490e875,7400,8300
2,0,a303ea000000000e,projected_order_1d,3000,30,,cb3c8171253a23a5,7600,8100
2,0,a303ea000000000e,projected_order_1d,3100,31,,7a0f50afcdf7afb5,7900,11100
2,0,a303ea000000000e,projected_order_1d,3200,32,,91f677e261b3b41d,7500,8500
2,0,a303ea000000000e,projected_order_1d,3300,33,,bb9147b3951fd085,7600,8000
2,0,a303ea000000000e,projected_order_1d,3400,34,,65c75957d3acf4a1,7500,8200
2,0,a303ea000000000e,projected_order_1d,3500,35,,4bc2101937640649,8500,12400
2,0,a303ea000000000e,projected_order_1d,3600,36,,c81df581ec824add,7400,8500
2,0,a303ea000000000e,projected_order_1d,3700,37,,807a95b749f47c15,8300,10300
2,0,a303ea000000000e,projected_order_1d,3800,38,,6f7861a4607ef115,7400,8100
2,0,a303ea000000000e,projected_order_1d,3900,39,,2deaffaf59627461,7600,8800
2,0,a303ea000000000e,projected_order_1d,4000,40,,062660c90113dc79,7600,8000
2,0,a303ea000000000e,projected_order_1d,4100,41,,c92ec6cd46311375,7400,7900
2,0,a303ea000000000e,hash_placebo,0,0,6,136f7bc9ccab051d,0,4400
2,1,a303ea000000000f,projected_order_1d,0,0,,7e824b6029089239,7600,7700
2,1,a303ea000000000f,projected_order_1d,100,1,,573004fc54d34fc5,8500,10300
2,1,a303ea000000000f,projected_order_1d,200,2,,0cbafcc7a7f4704d,7600,7900
2,1,a303ea000000000f,projected_order_1d,300,3,,f42fa774d24e8bd5,7600,8200
2,1,a303ea000000000f,projected_order_1d,400,4,,5de55e005f620139,7400,8800
2,1,a303ea000000000f,projected_order_1d,500,5,,d68f7a6958b9e2f5,7500,7800
2,1,a303ea000000000f,projected_order_1d,600,6,,d9ddf94c0c360155,7800,8300
2,1,a303ea000000000f,projected_order_1d,700,7,,501b787be165e955,7600,8100
2,1,a303ea000000000f,projected_order_1d,800,8,,5edb5687bfd1bf79,7500,8100
2,1,a303ea000000000f,projected_order_1d,900,9,,14de99f28d37bc09,7500,8300
2,1,a303ea000000000f,projected_order_1d,1000,10,,108c7dfeb7ed640d,8000,8200
2,1,a303ea000000000f,projected_order_1d,1100,11,,c21727b0892df3c9,7700,8100
2,1,a303ea000000000f,projected_order_1d,1200,12,,c74de8056f8e23cd,8400,12600
2,1,a303ea000000000f,projected_order_1d,1300,13,,e4113afb465c97ad,8000,10100
2,1,a303ea000000000f,projected_order_1d,1400,14,,c548723aca259881,8800,12600
2,1,a303ea000000000f,projected_order_1d,1500,15,,8e1c0073e59933b5,8400,56100
2,1,a303ea000000000f,projected_order_1d,1600,16,,59df5da8e95eed15,8600,13100
2,1,a303ea000000000f,projected_order_1d,1700,17,,3b0e63d3e144a1ad,7600,8500
2,1,a303ea000000000f,projected_order_1d,1800,18,,3b4d0eb0008efc79,9200,11200
2,1,a303ea000000000f,projected_order_1d,1900,19,,1243eced5ba3581d,7500,7900
2,1,a303ea000000000f,projected_order_1d,2000,20,,dcebd3b7a8a14839,7500,8100
2,1,a303ea000000000f,projected_order_1d,2100,21,,6834757ee564c429,8500,12500
2,1,a303ea000000000f,projected_order_1d,2200,22,,7730926379408941,7500,8500
2,1,a303ea000000000f,projected_order_1d,2300,23,,2743d2f6c20d6305,8100,8200
2,1,a303ea000000000f,projected_order_1d,2400,24,,b44bf92b55a1ef91,8700,13000
2,1,a303ea000000000f,projected_order_1d,2500,25,,c2e8e78f6d94acbd,7500,8200
2,1,a303ea000000000f,projected_order_1d,2600,26,,d97da9e3777419fd,7600,8300
2,1,a303ea000000000f,projected_order_1d,2700,27,,dc638591dce95ead,8500,12300
2,1,a303ea000000000f,projected_order_1d,2800,28,,2b0353332b323621,8300,13400
2,1,a303ea000000000f,projected_order_1d,2900,29,,392217968cfff81d,8500,12300
2,1,a303ea000000000f,projected_order_1d,3000,30,,a6a5cb523fa1da1d,7400,8500
2,1,a303ea000000000f,projected_order_1d,3100,31,,327f132adeaa0b91,8500,10400
2,1,a303ea000000000f,projected_order_1d,3200,32,,8f330375e06b749d,7700,8300
2,1,a303ea000000000f,projected_order_1d,3300,33,,da1c558d6bdb4299,7600,8500
2,1,a303ea000000000f,projected_order_1d,3400,34,,5d78d707c1ba30a1,7700,8200
2,1,a303ea000000000f,projected_order_1d,3500,35,,43ba22289eaf68d9,7600,8400
2,1,a303ea000000000f,projected_order_1d,3600,36,,7384a378079787e5,7500,8200
2,1,a303ea000000000f,projected_order_1d,3700,37,,2423e95487389465,9000,10400
2,1,a303ea000000000f,projected_order_1d,3800,38,,4fe9128150f4c391,7400,8100
2,1,a303ea000000000f,projected_order_1d,3900,39,,2f300d86b6473f99,7800,8400
2,1,a303ea000000000f,projected_order_1d,4000,40,,3b9e1c77f2baf675,7400,8200
2,1,a303ea000000000f,projected_order_1d,4100,41,,f80624499f475315,7400,8200
2,1,a303ea000000000f,hash_placebo,0,0,5,e19b80df552ce8f9,0,4000
2,1,a303ea0000000010,projected_order_1d,0,0,,7e824b6029089239,7500,7700
2,1,a303ea0000000010,projected_order_1d,100,1,,c9c8729585760ccd,7400,8100
2,1,a303ea0000000010,projected_order_1d,200,2,,1354fe83aec233a5,7900,7900
2,1,a303ea0000000010,projected_order_1d,300,3,,af6d6714723c61f5,7300,7300
2,1,a303ea0000000010,projected_order_1d,400,4,,e29cea9d71f1d971,7300,7600
2,1,a303ea0000000010,projected_order_1d,500,5,,8ed6e41440a947b5,7400,8300
2,1,a303ea0000000010,projected_order_1d,600,6,,f6e7764260825525,7500,8200
2,1,a303ea0000000010,projected_order_1d,700,7,,8c264372cd1e94b1,7300,7900
2,1,a303ea0000000010,projected_order_1d,800,8,,b5c2049005418b69,7600,7800
2,1,a303ea0000000010,projected_order_1d,900,9,,2dab73970524f511,7600,7600
2,1,a303ea0000000010,projected_order_1d,1000,10,,86b1a64050369b1d,7400,8000
2,1,a303ea0000000010,projected_order_1d,1100,11,,aeea6e877fc2af79,7300,7500
2,1,a303ea0000000010,projected_order_1d,1200,12,,f01ce05907a9dbc5,7300,7700
2,1,a303ea0000000010,projected_order_1d,1300,13,,da53fb622aaa0585,7500,8100
2,1,a303ea0000000010,projected_order_1d,1400,14,,8d68fef93490ce1d,7500,8400
2,1,a303ea0000000010,projected_order_1d,1500,15,,c6cf4a831511bfad,7500,8100
2,1,a303ea0000000010,projected_order_1d,1600,16,,a555626553c8f6dd,7400,7800
2,1,a303ea0000000010,projected_order_1d,1700,17,,a6d480afe349ba11,7500,7800
2,1,a303ea0000000010,projected_order_1d,1800,18,,aea78c9f7a054055,7100,7100
2,1,a303ea0000000010,projected_order_1d,1900,19,,bd18d2c61e19c5a1,7200,8000
2,1,a303ea0000000010,projected_order_1d,2000,20,,710fe05035ff79b9,7400,8500
2,1,a303ea0000000010,projected_order_1d,2100,21,,b19ab76cf3aebb39,7500,7500
2,1,a303ea0000000010,projected_order_1d,2200,22,,f956ebeb20eca395,7100,7300
2,1,a303ea0000000010,projected_order_1d,2300,23,,c354fe2c9fc5c839,7200,8200
2,1,a303ea0000000010,projected_order_1d,2400,24,,2cb3daef6555df39,7300,7700
2,1,a303ea0000000010,projected_order_1d,2500,25,,b31a8bc1cdb1d289,7400,8000
2,1,a303ea0000000010,projected_order_1d,2600,26,,7ffe13561bb1b865,7200,7500
2,1,a303ea0000000010,projected_order_1d,2700,27,,5de5f293186af4f9,7400,7500
2,1,a303ea0000000010,projected_order_1d,2800,28,,fd9a21125472f825,7800,7900
2,1,a303ea0000000010,projected_order_1d,2900,29,,cb698adcc858a6f5,7600,7700
2,1,a303ea0000000010,projected_order_1d,3000,30,,9f597e1be94d1e9d,7900,11100
2,1,a303ea0000000010,projected_order_1d,3100,31,,69f9cb604a1a83d9,7300,7700
2,1,a303ea0000000010,projected_order_1d,3200,32,,8556d59c774ebe01,7800,8100
2,1,a303ea0000000010,projected_order_1d,3300,33,,27700b1211a2176d,7400,7800
2,1,a303ea0000000010,projected_order_1d,3400,34,,0819c4aeb766eb4d,7900,11400
2,1,a303ea0000000010,projected_order_1d,3500,35,,f46988671e573911,7000,7200
2,1,a303ea0000000010,projected_order_1d,3600,36,,b646fe8a6afe2519,7400,7900
2,1,a303ea0000000010,projected_order_1d,3700,37,,743cb09b26ed926d,7700,8200
2,1,a303ea0000000010,projected_order_1d,3800,38,,ecbc9b9880f2bbd9,16400,7800
2,1,a303ea0000000010,projected_order_1d,3900,39,,2c44e583b030d53d,7400,8300
2,1,a303ea0000000010,projected_order_1d,4000,40,,0512d956b300cca1,7200,7600
2,1,a303ea0000000010,projected_order_1d,4100,41,,b63d8288da451a05,7200,8000
2,1,a303ea0000000010,hash_placebo,0,0,1,08d2d3f44d694801,0,4500
2,2,a303ea0000000011,projected_order_1d,0,0,,461693fbc01ed7b1,7500,7900
2,2,a303ea0000000011,projected_order_1d,100,1,,48ba1d14b10f0701,7400,7900
2,2,a303ea0000000011,projected_order_1d,200,2,,ab86caffda127e19,7300,8000
2,2,a303ea0000000011,projected_order_1d,300,3,,cd6f41930943a419,7300,7800
2,2,a303ea0000000011,projected_order_1d,400,4,,c50f5adfe77c2365,7500,7700
2,2,a303ea0000000011,projected_order_1d,500,5,,792de8edbdcb7e61,7100,7400
2,2,a303ea0000000011,projected_order_1d,600,6,,e8a15ba9bc00ea15,7600,8100
2,2,a303ea0000000011,projected_order_1d,700,7,,9b07dcc329cc60d5,7400,8000
2,2,a303ea0000000011,projected_order_1d,800,8,,9da4ed0570c5973d,7800,7900
2,2,a303ea0000000011,projected_order_1d,900,9,,7d00234ee7406d35,7500,8400
2,2,a303ea0000000011,projected_order_1d,1000,10,,93d78d2a25b5c2f5,7500,8200
2,2,a303ea0000000011,projected_order_1d,1100,11,,bfb761f98bcda085,8000,10800
2,2,a303ea0000000011,projected_order_1d,1200,12,,bec9c34b36e06429,7300,8100
2,2,a303ea0000000011,projected_order_1d,1300,13,,c8b9c6f782d6ae3d,7400,8300
2,2,a303ea0000000011,projected_order_1d,1400,14,,1a4ef30dee8ad411,7300,7700
2,2,a303ea0000000011,projected_order_1d,1500,15,,3543b5bac71d90fd,7400,7900
2,2,a303ea0000000011,projected_order_1d,1600,16,,56eeaa2b6c70e67d,7400,8000
2,2,a303ea0000000011,projected_order_1d,1700,17,,861ba8db1d3abe91,7400,7900
2,2,a303ea0000000011,projected_order_1d,1800,18,,7d72ef40b73b47b5,7400,10500
2,2,a303ea0000000011,projected_order_1d,1900,19,,63df538c2461f6ad,7400,8200
2,2,a303ea0000000011,projected_order_1d,2000,20,,d2c8a32b3f4de081,7400,7800
2,2,a303ea0000000011,projected_order_1d,2100,21,,747bbff054550105,7400,7700
2,2,a303ea0000000011,projected_order_1d,2200,22,,986813c40486ac01,7400,7800
2,2,a303ea0000000011,projected_order_1d,2300,23,,e83727a08ee5a029,7400,7700
2,2,a303ea0000000011,projected_order_1d,2400,24,,00d2e7cfe49d7899,7500,7700
2,2,a303ea0000000011,projected_order_1d,2500,25,,4020ce270fdd8119,8400,11100
2,2,a303ea0000000011,projected_order_1d,2600,26,,4dfe3528e81e4a09,7500,8300
2,2,a303ea0000000011,projected_order_1d,2700,27,,36b89b44f8b69389,7300,8100
2,2,a303ea0000000011,projected_order_1d,2800,28,,f6c670f258e7494d,7400,8200
2,2,a303ea0000000011,projected_order_1d,2900,29,,29558a5c8f060961,7500,8200
2,2,a303ea0000000011,projected_order_1d,3000,30,,b1cf6b652961bcb9,7400,8400
2,2,a303ea0000000011,projected_order_1d,3100,31,,763f80cb1e816d5d,7700,7900
2,2,a303ea0000000011,projected_order_1d,3200,32,,6bd324dc97b89f05,7300,7600
2,2,a303ea0000000011,projected_order_1d,3300,33,,98fbca0b467787dd,7400,7100
2,2,a303ea0000000011,projected_order_1d,3400,34,,f895aee8b26098b1,7000,7400
2,2,a303ea0000000011,projected_order_1d,3500,35,,1fb105aeccb23cc9,7600,7600
2,2,a303ea0000000011,projected_order_1d,3600,36,,bc8fa3610a03aae5,8100,11400
2,2,a303ea0000000011,projected_order_1d,3700,37,,35c911e5591ea2a5,7400,7600
2,2,a303ea0000000011,projected_order_1d,3800,38,,2cf4530459fec0b9,7200,8000
2,2,a303ea0000000011,projected_order_1d,3900,39,,a364bd34ef11a78d,7300,8000
2,2,a303ea0000000011,projected_order_1d,4000,40,,03b2398dffc70601,7600,8100
2,2,a303ea0000000011,projected_order_1d,4100,41,,a14eba89cdffa3f9,8400,11800
2,2,a303ea0000000011,hash_placebo,0,0,0,800d700550ef4109,0,4700
2,2,a303ea0000000012,projected_order_1d,0,0,,461693fbc01ed7b1,7900,7900
2,2,a303ea0000000012,projected_order_1d,100,1,,a34c458e291bb8c9,8000,11800
2,2,a303ea0000000012,projected_order_1d,200,2,,3893766be47ac2c9,8700,11200
2,2,a303ea0000000012,projected_order_1d,300,3,,6a7ac182a96170ed,7200,8000
2,2,a303ea0000000012,projected_order_1d,400,4,,8b90f274c23d8f69,7500,7800
2,2,a303ea0000000012,projected_order_1d,500,5,,061e7501428b7b61,7800,8000
2,2,a303ea0000000012,projected_order_1d,600,6,,dbc9b4a4597940a1,7300,7900
2,2,a303ea0000000012,projected_order_1d,700,7,,86679a5834544101,7600,8200
2,2,a303ea0000000012,projected_order_1d,800,8,,160fd3a2ea47b6b5,7400,8100
2,2,a303ea0000000012,projected_order_1d,900,9,,9842a4d28547819d,7600,8200
2,2,a303ea0000000012,projected_order_1d,1000,10,,fdec922e3d9cf415,7500,8200
2,2,a303ea0000000012,projected_order_1d,1100,11,,d2623886e5bde1f5,7500,8200
2,2,a303ea0000000012,projected_order_1d,1200,12,,78ed4201c937cc99,7700,8300
2,2,a303ea0000000012,projected_order_1d,1300,13,,c83d6a9d9f663915,8000,7900
2,2,a303ea0000000012,projected_order_1d,1400,14,,6b82679c169349a9,7500,7900
2,2,a303ea0000000012,projected_order_1d,1500,15,,46710552684de261,7500,8700
2,2,a303ea0000000012,projected_order_1d,1600,16,,9b39150778bb884d,7200,7900
2,2,a303ea0000000012,projected_order_1d,1700,17,,e2a3a000555ffeb5,8100,11200
2,2,a303ea0000000012,projected_order_1d,1800,18,,bee608ae9862026d,8400,12400
2,2,a303ea0000000012,projected_order_1d,1900,19,,36bb81a4bfdd2485,7400,7800
2,2,a303ea0000000012,projected_order_1d,2000,20,,904f532d888e6039,7400,7900
2,2,a303ea0000000012,projected_order_1d,2100,21,,5f49f0b82c4a337d,8300,12100
2,2,a303ea0000000012,projected_order_1d,2200,22,,8e0adf3a5bd9bd9d,7400,8400
2,2,a303ea0000000012,projected_order_1d,2300,23,,a886858b1511dcb5,8200,11600
2,2,a303ea0000000012,projected_order_1d,2400,24,,45046a576646c00d,7700,8500
2,2,a303ea0000000012,projected_order_1d,2500,25,,394829ad57d7fcc5,7400,8300
2,2,a303ea0000000012,projected_order_1d,2600,26,,00e8c07106c1964d,7300,8200
2,2,a303ea0000000012,projected_order_1d,2700,27,,1208d495cd00fa85,7400,8000
2,2,a303ea0000000012,projected_order_1d,2800,28,,e31703b7a0bdd561,7400,8100
2,2,a303ea0000000012,projected_order_1d,2900,29,,30eec606c290be01,8100,11200
2,2,a303ea0000000012,projected_order_1d,3000,30,,4f8478703eb701dd,7400,8000
2,2,a303ea0000000012,projected_order_1d,3100,31,,d3ebcb232f9d06b9,7300,8300
2,2,a303ea0000000012,projected_order_1d,3200,32,,72b6ee6cf77e6f8d,7500,8100
2,2,a303ea0000000012,projected_order_1d,3300,33,,d4251e0e5c552f31,7600,8000
2,2,a303ea0000000012,projected_order_1d,3400,34,,e656deef8eca9b71,7400,8200
2,2,a303ea0000000012,projected_order_1d,3500,35,,aa2f3a31bd14f7c1,7300,8200
2,2,a303ea0000000012,projected_order_1d,3600,36,,5fd45aa3a547a071,7700,7900
2,2,a303ea0000000012,projected_order_1d,3700,37,,1d2f18148ee9d355,7500,8400
2,2,a303ea0000000012,projected_order_1d,3800,38,,7ed0e75de40e1f69,7500,8400
2,2,a303ea0000000012,projected_order_1d,3900,39,,25ca7e91ab672f21,7400,8100
2,2,a303ea0000000012,projected_order_1d,4000,40,,b77b16d5eaac0431,7300,7800
2,2,a303ea0000000012,projected_order_1d,4100,41,,b5193db754c4d1d1,7500,7800
2,2,a303ea0000000012,hash_placebo,0,0,4,20c93c293c11f9f1,0,4900
