seed,global_commit,block_count,best_utility,selected_block_utility,selected_program_utility,selected_block_regret,selected_program_regret,selected_block_rank,selected_present,near_abs_1e5,near_abs_1e4,near_abs_1e3,near_abs_1e2,near_relative_1pct,near_relative_5pct,positive_blocks,neutral_blocks,harmful_blocks,selected_block_near_1pct,selected_block_near_5pct,selected_block_positive,selected_block_harmful,selected_program_positive,selected_program_harmful
2b7e151628aed2a6,0,62,0.00104666,0.00096989,0.00096989,0.00007677,0.00007677,2,true,1,2,25,62,1,1,33,21,8,false,false,true,false,true,false
2b7e151628aed2a6,50,62,0.00043988,0.00032699,0.00032341,0.00011289,0.00011647,2,true,1,1,62,62,1,1,38,23,1,false,false,true,false,true,false
2b7e151628aed2a6,100,62,0.00060034,0.00060034,0.00060034,0.00000000,0.00000000,1,true,1,2,62,62,1,1,36,13,13,true,true,true,false,true,false
2b7e151628aed2a6,150,62,0.00067842,0.00051415,0.00051415,0.00016427,0.00016427,5,true,1,2,62,62,1,1,38,10,14,false,false,true,false,true,false
2b7e151628aed2a6,200,62,0.00105512,0.00104606,0.00104606,0.00000906,0.00000906,2,true,2,2,29,62,2,2,34,11,17,true,true,true,false,true,false
2b7e151628aed2a6,250,62,0.00078160,0.00078160,0.00078160,0.00000000,0.00000000,1,true,2,4,62,62,2,2,45,11,6,true,true,true,false,true,false
2b7e151628aed2a6,300,62,0.00071901,-0.00014001,-0.00034600,0.00085902,0.00106502,60,true,1,1,62,62,1,1,43,9,10,false,false,false,true,false,true
2b7e151628aed2a6,350,62,0.00099289,0.00087309,0.00087309,0.00011981,0.00011981,2,true,1,1,58,62,1,1,47,11,4,false,false,true,false,true,false
2b7e151628aed2a6,400,62,0.00074917,0.00066572,0.00066572,0.00008345,0.00008345,2,true,1,2,60,62,1,1,30,8,24,false,false,true,false,true,false
2b7e151628aed2a6,450,62,0.00078279,0.00067598,0.00067598,0.00010681,0.00010681,4,true,1,2,60,62,1,1,34,10,18,false,false,true,false,true,false
2b7e151628aed2a6,500,62,0.00104094,0.00046289,0.00046289,0.00057805,0.00057805,5,true,1,1,24,62,1,1,27,10,25,false,false,true,false,true,false
2b7e151628aed2a6,550,62,0.00080657,0.00050831,0.00050831,0.00029826,0.00029826,3,true,1,2,51,62,1,1,29,7,26,false,false,true,false,true,false
2b7e151628aed2a6,600,62,0.00119537,0.00119537,0.00119537,0.00000000,0.00000000,1,true,1,1,20,62,1,1,37,11,14,true,true,true,false,true,false
2b7e151628aed2a6,650,62,0.00096327,0.00000530,-0.00007999,0.00095797,0.00104326,36,true,1,3,41,62,1,1,33,8,21,false,false,false,false,false,true
2b7e151628aed2a6,700,62,0.00101739,0.00056678,0.00056374,0.00045061,0.00045365,5,true,1,1,39,62,1,1,39,10,13,false,false,true,false,true,false
2b7e151628aed2a6,750,62,0.00057107,0.00047833,0.00047833,0.00009274,0.00009274,2,true,1,2,57,62,1,1,27,5,30,false,false,true,false,true,false
2b7e151628aed2a6,800,62,0.00093663,0.00093663,0.00093663,0.00000000,0.00000000,1,true,1,2,48,62,1,1,33,9,20,true,true,true,false,true,false
2b7e151628aed2a6,850,62,0.00070482,0.00048983,0.00048983,0.00021499,0.00021499,2,true,1,1,56,62,1,1,28,8,26,false,false,true,false,true,false
2b7e151628aed2a6,900,62,0.00144559,0.00096124,0.00096124,0.00048435,0.00048435,3,true,1,1,12,62,1,1,49,4,9,false,false,true,false,true,false
2b7e151628aed2a6,950,62,0.00104743,-0.00008500,-0.00020283,0.00113243,0.00125027,60,true,1,1,48,62,1,1,52,6,4,false,false,false,true,false,true
2b7e151628aed2a6,1000,62,0.00139284,0.00139284,0.00139284,0.00000000,0.00000000,1,true,1,1,16,62,1,1,43,6,13,true,true,true,false,true,false
2b7e151628aed2a6,1050,62,0.00180662,0.00058472,0.00058472,0.00122190,0.00122190,6,true,1,1,3,62,1,1,47,9,6,false,false,true,false,true,false
2b7e151628aed2a6,1100,62,0.00054884,0.00051260,0.00044626,0.00003624,0.00010258,2,true,1,2,60,62,1,1,19,9,34,false,false,true,false,true,false
2b7e151628aed2a6,1150,62,0.00130111,0.00120384,-0.00116915,0.00009727,0.00247025,3,true,1,3,18,62,1,2,41,8,13,false,false,true,false,false,true
2b7e151628aed2a6,1200,62,0.00074023,-0.00010848,-0.00020832,0.00084871,0.00094855,52,true,1,1,58,62,1,1,30,6,26,false,false,false,true,false,true
2b7e151628aed2a6,1250,62,0.00066489,0.00063667,0.00063667,0.00002822,0.00002822,2,true,1,2,53,62,1,2,16,7,39,false,true,true,false,true,false
2b7e151628aed2a6,1300,62,0.00091863,0.00075796,0.00075796,0.00016066,0.00016066,3,true,1,1,44,62,1,1,29,5,28,false,false,true,false,true,false
2b7e151628aed2a6,1350,62,0.00086337,-0.00075012,-0.00160545,0.00161350,0.00246882,62,true,1,2,47,62,1,1,26,6,30,false,false,false,true,false,true
2b7e151628aed2a6,1400,62,0.00076538,0.00013241,-0.00000694,0.00063297,0.00077233,32,true,2,2,61,62,2,2,51,5,6,false,false,true,false,false,false
2b7e151628aed2a6,1450,62,0.00149524,0.00017104,0.00017104,0.00132421,0.00132421,30,true,1,1,11,62,1,1,47,2,13,false,false,true,false,true,false
2b7e151628aed2a6,1500,62,0.00066885,-0.00043374,-0.00099042,0.00110260,0.00165927,58,true,2,2,56,62,2,2,23,6,33,false,false,false,true,false,true
2b7e151628aed2a6,1550,62,0.00167704,0.00062591,0.00062591,0.00105113,0.00105113,9,true,1,1,7,62,1,1,33,4,25,false,false,true,false,true,false
2b7e151628aed2a6,1600,62,0.00115716,0.00073862,0.00073862,0.00041854,0.00041854,7,true,1,1,28,62,1,1,49,5,8,false,false,true,false,true,false
2b7e151628aed2a6,1650,62,0.00111848,0.00111848,0.00111848,0.00000000,0.00000000,1,true,1,1,14,62,1,1,25,4,33,true,true,true,false,true,false
2b7e151628aed2a6,1700,62,0.00172281,0.00107655,0.00107655,0.00064626,0.00064626,5,true,1,2,7,62,1,1,30,3,29,false,false,true,false,true,false
2b7e151628aed2a6,1750,62,0.00064006,0.00036663,0.00036094,0.00027344,0.00027913,5,true,2,2,59,62,2,2,27,6,29,false,false,true,false,true,false
2b7e151628aed2a6,1800,62,0.00125816,0.00108150,0.00108150,0.00017667,0.00017667,4,true,1,2,28,62,1,1,49,5,8,false,false,true,false,true,false
2b7e151628aed2a6,1850,62,0.00079954,0.00066414,0.00066414,0.00013539,0.00013539,5,true,1,3,59,62,1,1,39,4,19,false,false,true,false,true,false
2b7e151628aed2a6,1900,62,0.00150892,0.00150892,0.00150892,0.00000000,0.00000000,1,true,1,1,2,62,1,1,31,5,26,true,true,true,false,true,false
2b7e151628aed2a6,1950,62,0.00059722,0.00030367,0.00030367,0.00029355,0.00029355,6,true,1,2,61,62,1,2,27,8,27,false,false,true,false,true,false
2b7e151628aed2a6,2000,62,0.00088672,-0.00059398,-0.00161476,0.00148070,0.00250149,61,true,1,1,46,62,1,1,26,6,30,false,false,false,true,false,true
2b7e151628aed2a6,2050,62,0.00081658,0.00074780,0.00074780,0.00006878,0.00006878,2,true,1,2,55,62,1,1,33,5,24,false,false,true,false,true,false
2b7e151628aed2a6,2100,62,0.00112812,0.00018832,0.00018832,0.00093980,0.00093980,14,true,1,1,15,62,1,1,24,1,37,false,false,true,false,true,false
2b7e151628aed2a6,2150,62,0.00083311,-0.00046797,-0.00112255,0.00130108,0.00195566,61,true,1,1,59,62,1,1,45,4,13,false,false,false,true,false,true
2b7e151628aed2a6,2200,62,0.00074361,-0.00035386,-0.00173497,0.00109747,0.00247858,59,true,1,4,55,62,1,1,31,5,26,false,false,false,true,false,true
2b7e151628aed2a6,2250,62,0.00076742,0.00012703,0.00010681,0.00064039,0.00066061,14,true,1,1,57,62,1,1,32,7,23,false,false,true,false,true,false
2b7e151628aed2a6,2300,62,0.00129937,0.00129937,0.00093359,0.00000000,0.00036578,1,true,1,1,8,62,1,1,34,3,25,true,true,true,false,true,false
2b7e151628aed2a6,2350,62,0.00076088,0.00046209,0.00046209,0.00029880,0.00029880,4,true,1,2,60,62,1,1,34,7,21,false,false,true,false,true,false
2b7e151628aed2a6,2400,62,0.00164513,0.00054626,0.00037925,0.00109887,0.00126588,7,true,1,1,6,62,1,1,45,6,11,false,false,true,false,true,false
2b7e151628aed2a6,2450,62,0.00064856,0.00064856,0.00064856,0.00000000,0.00000000,1,true,1,3,57,62,1,1,34,5,23,true,true,true,false,true,false
2b7e151628aed2a6,2500,62,0.00042295,-0.00001276,-0.00007173,0.00043571,0.00049469,36,true,1,2,62,62,1,1,25,10,27,false,false,false,true,false,true
2b7e151628aed2a6,2550,62,0.00101483,0.00036070,0.00036070,0.00065413,0.00065413,5,true,1,1,21,62,1,1,21,9,32,false,false,true,false,true,false
2b7e151628aed2a6,2600,62,0.00199208,0.00199208,0.00199208,0.00000000,0.00000000,1,true,1,1,1,62,1,1,29,9,24,true,true,true,false,true,false
2b7e151628aed2a6,2650,62,0.00037980,0.00028002,0.00028002,0.00009978,0.00009978,4,true,1,4,61,62,1,1,26,9,27,false,false,true,false,true,false
2b7e151628aed2a6,2700,62,0.00168496,0.00168496,0.00168496,0.00000000,0.00000000,1,true,1,1,7,62,1,1,39,4,19,true,true,true,false,true,false
2b7e151628aed2a6,2750,62,0.00042874,0.00002088,0.00002088,0.00040785,0.00040785,16,true,1,2,61,62,1,1,18,11,33,false,false,true,false,true,false
2b7e151628aed2a6,2800,62,0.00085309,0.00052492,0.00052492,0.00032818,0.00032818,5,true,1,2,56,62,1,1,34,5,23,false,false,true,false,true,false
2b7e151628aed2a6,2850,62,0.00192653,0.00031553,0.00031553,0.00161099,0.00161099,9,true,1,2,4,62,1,2,36,5,21,false,false,true,false,true,false
2b7e151628aed2a6,2900,62,0.00163474,0.00041366,0.00041366,0.00122108,0.00122108,10,true,1,1,8,62,1,1,42,5,15,false,false,true,false,true,false
2b7e151628aed2a6,2950,62,0.00083014,0.00012984,-0.00013184,0.00070030,0.00096198,17,true,1,1,61,62,1,1,36,8,18,false,false,true,false,false,true
2b7e151628aed2a6,3000,62,0.00013582,0.00013582,0.00013582,0.00000000,0.00000000,1,true,1,9,62,62,1,1,17,10,35,true,true,true,false,true,false
2b7e151628aed2a6,3050,62,0.00133965,-0.00029135,-0.00062958,0.00163100,0.00196923,55,true,1,1,4,62,1,1,21,6,35,false,false,false,true,false,true
2b7e151628aed2a6,3100,62,0.00033364,0.00022870,0.00008070,0.00010493,0.00025293,6,true,1,5,61,62,1,1,33,7,22,false,false,true,false,true,false
2b7e151628aed2a6,3150,62,0.00228975,-0.00014621,-0.00037938,0.00243596,0.00266913,43,true,1,1,1,62,1,1,15,5,42,false,false,false,true,false,true
2b7e151628aed2a6,3200,62,0.00146554,0.00146554,0.00146554,0.00000000,0.00000000,1,true,1,1,7,62,1,1,39,6,17,true,true,true,false,true,false
2b7e151628aed2a6,3250,62,0.00027119,-0.00000344,-0.00015152,0.00027463,0.00042270,28,true,1,4,61,62,1,1,22,6,34,false,false,false,false,false,true
2b7e151628aed2a6,3300,62,0.00021838,-0.00030527,-0.00078392,0.00052365,0.00100230,58,true,2,6,62,62,1,2,32,9,21,false,false,false,true,false,true
2b7e151628aed2a6,3350,62,0.00135844,0.00135844,0.00135844,0.00000000,0.00000000,1,true,1,1,3,62,1,1,39,10,13,true,true,true,false,true,false
2b7e151628aed2a6,3400,62,0.00022670,0.00022253,0.00022253,0.00000416,0.00000416,2,true,3,6,60,62,1,3,28,6,28,false,true,true,false,true,false
2b7e151628aed2a6,3450,62,0.00176155,0.00176155,0.00170508,0.00000000,0.00005647,1,true,1,1,1,62,1,1,25,13,24,true,true,true,false,true,false
2b7e151628aed2a6,3500,62,0.00133440,0.00133440,0.00133440,0.00000000,0.00000000,1,true,1,1,1,62,1,1,22,16,24,true,true,true,false,true,false
2b7e151628aed2a6,3550,62,0.00165395,-0.00009573,-0.00028157,0.00174968,0.00193552,49,true,1,1,3,62,1,1,31,6,25,false,false,false,true,false,true
2b7e151628aed2a6,3600,62,0.00025925,0.00025925,0.00025925,0.00000000,0.00000000,1,true,1,4,60,62,1,2,17,9,36,true,true,true,false,true,false
2b7e151628aed2a6,3650,62,0.00127754,-0.00007410,-0.00017194,0.00135164,0.00144947,51,true,1,1,5,62,1,1,30,10,22,false,false,false,true,false,true
2b7e151628aed2a6,3700,62,0.00064890,0.00064890,0.00028847,0.00000000,0.00036043,1,true,1,1,62,62,1,1,30,14,18,true,true,true,false,true,false
2b7e151628aed2a6,3750,62,0.00015303,-0.00025163,-0.00055864,0.00040466,0.00071167,54,true,2,7,60,62,1,2,11,9,42,false,false,false,true,false,true
2b7e151628aed2a6,3800,62,0.00026860,0.00026860,0.00026860,0.00000000,0.00000000,1,true,1,1,61,62,1,1,18,7,37,true,true,true,false,true,false
2b7e151628aed2a6,3850,62,0.00093684,0.00006454,0.00006323,0.00087230,0.00087361,6,true,1,1,38,62,1,1,9,10,43,false,false,true,false,true,false
2b7e151628aed2a6,3900,62,0.00104273,0.00081949,0.00081949,0.00022324,0.00022324,2,true,1,1,14,62,1,1,28,15,19,false,false,true,false,true,false
2b7e151628aed2a6,3950,62,0.00054848,0.00030624,0.00030624,0.00024224,0.00024224,2,true,1,1,62,62,1,1,29,10,23,false,false,true,false,true,false
2b7e151628aed2a6,4000,62,0.00053215,0.00014288,0.00014288,0.00038927,0.00038927,21,true,1,2,62,62,1,1,44,8,10,false,false,true,false,true,false
2b7e151628aed2a6,4050,62,0.00195945,0.00004740,0.00003820,0.00191206,0.00192125,17,true,1,1,1,62,1,1,22,8,32,false,false,true,false,true,false
2b7e151628aed2a6,4100,62,0.00091263,0.00091263,0.00082953,0.00000000,0.00008310,1,true,1,1,57,62,1,1,39,12,11,true,true,true,false,true,false
2b7e151628aed2a6,4150,62,0.00014947,-0.00004737,-0.00014565,0.00019684,0.00029512,51,true,2,12,62,62,1,2,25,17,20,false,false,false,true,false,true
2b7e151628aed2a6,4200,62,0.00058761,-0.00035008,-0.00075536,0.00093769,0.00134297,61,true,1,1,61,62,1,1,32,15,15,false,false,false,true,false,true
2b7e151628aed2a6,4250,62,0.00039185,0.00039185,0.00039185,0.00000000,0.00000000,1,true,1,1,59,62,1,1,15,11,36,true,true,true,false,true,false
2b7e151628aed2a6,4300,62,0.00188781,0.00188781,0.00188781,0.00000000,0.00000000,1,true,1,1,3,62,1,1,38,13,11,true,true,true,false,true,false
2b7e151628aed2a6,4350,62,0.00313094,-0.00013078,-0.00027619,0.00326172,0.00340713,53,true,1,1,2,62,1,1,22,7,33,false,false,false,true,false,true
2b7e151628aed2a6,4400,62,0.00048174,0.00021004,0.00019796,0.00027169,0.00028378,4,true,1,1,60,62,1,1,22,7,33,false,false,true,false,true,false
2b7e151628aed2a6,4450,62,0.00031658,0.00031658,0.00031658,0.00000000,0.00000000,1,true,1,7,60,62,1,1,25,9,28,true,true,true,false,true,false
2b7e151628aed2a6,4500,62,0.00049401,0.00049401,0.00049401,0.00000000,0.00000000,1,true,1,1,62,62,1,1,27,14,21,true,true,true,false,true,false
2b7e151628aed2a6,4550,62,0.00045370,-0.00001861,-0.00006123,0.00047231,0.00051492,25,true,1,1,60,62,1,1,13,8,41,false,false,false,true,false,true
2b7e151628aed2a6,4600,62,0.00028127,0.00004528,0.00004371,0.00023599,0.00023756,19,true,1,3,62,62,1,1,28,10,24,false,false,true,false,true,false
2b7e151628aed2a6,4650,62,0.00064185,-0.00041384,-0.00088387,0.00105568,0.00152572,60,true,1,1,59,62,1,1,12,10,40,false,false,false,true,false,true
2b7e151628aed2a6,4700,62,0.00113378,0.00113378,0.00113378,0.00000000,0.00000000,1,true,1,2,15,62,1,1,36,13,13,true,true,true,false,true,false
2b7e151628aed2a6,4750,62,0.00017577,0.00017577,0.00017577,0.00000000,0.00000000,1,true,1,5,62,62,1,1,23,14,25,true,true,true,false,true,false
77a19d3c4e280b51,0,62,0.00104666,0.00096989,0.00096989,0.00007677,0.00007677,2,true,1,2,26,62,1,1,33,22,7,false,false,true,false,true,false
77a19d3c4e280b51,50,62,0.00051963,0.00051963,0.00051963,0.00000000,0.00000000,1,true,1,1,62,62,1,1,42,19,1,true,true,true,false,true,false
77a19d3c4e280b51,100,62,0.00079870,0.00079870,0.00079870,0.00000000,0.00000000,1,true,1,1,62,62,1,1,47,11,4,true,true,true,false,true,false
77a19d3c4e280b51,150,62,0.00083411,0.00083411,0.00083411,0.00000000,0.00000000,1,true,1,1,61,62,1,1,47,7,8,true,true,true,false,true,false
77a19d3c4e280b51,200,62,0.00069523,0.00045216,0.00045216,0.00024307,0.00024307,4,true,1,1,59,62,1,1,28,11,23,false,false,true,false,true,false
77a19d3c4e280b51,250,62,0.00095797,0.00059736,0.00059736,0.00036061,0.00036061,5,true,1,1,54,62,1,1,43,8,11,false,false,true,false,true,false
77a19d3c4e280b51,300,62,0.00076801,0.00076801,0.00076801,0.00000000,0.00000000,1,true,1,3,61,62,1,1,31,13,18,true,true,true,false,true,false
77a19d3c4e280b51,350,62,0.00088537,0.00088537,0.00088537,0.00000000,0.00000000,1,true,1,3,61,62,1,2,43,9,10,true,true,true,false,true,false
77a19d3c4e280b51,400,62,0.00057650,0.00057650,0.00057650,0.00000000,0.00000000,1,true,1,1,61,62,1,1,29,7,26,true,true,true,false,true,false
77a19d3c4e280b51,450,62,0.00078881,-0.00008303,-0.00029618,0.00087184,0.00108498,48,true,1,1,58,62,1,1,31,9,22,false,false,false,true,false,true
77a19d3c4e280b51,500,62,0.00042146,0.00014848,0.00014848,0.00027299,0.00027299,9,true,1,3,60,62,1,1,24,10,28,false,false,true,false,true,false
77a19d3c4e280b51,550,62,0.00093931,0.00078034,0.00078034,0.00015897,0.00015897,2,true,1,1,49,62,1,1,36,8,18,false,false,true,false,true,false
77a19d3c4e280b51,600,62,0.00098813,0.00059450,0.00054407,0.00039363,0.00044405,6,true,1,1,42,62,1,1,34,8,20,false,false,true,false,true,false
77a19d3c4e280b51,650,62,0.00081885,-0.00035703,-0.00077808,0.00117588,0.00159693,61,true,1,2,52,62,1,1,26,6,30,false,false,false,true,false,true
77a19d3c4e280b51,700,62,0.00054574,0.00051856,0.00051856,0.00002718,0.00002718,2,true,1,3,60,62,1,2,30,12,20,false,true,true,false,true,false
77a19d3c4e280b51,750,62,0.00090677,0.00036627,0.00036627,0.00054049,0.00054049,14,true,3,3,58,62,3,3,51,4,7,false,false,true,false,true,false
77a19d3c4e280b51,800,62,0.00123233,0.00052583,0.00052202,0.00070649,0.00071031,8,true,1,2,25,62,1,2,52,8,2,false,false,true,false,true,false
77a19d3c4e280b51,850,62,0.00129837,0.00039315,0.00029248,0.00090522,0.00100589,8,true,1,1,10,62,1,1,25,7,30,false,false,true,false,true,false
77a19d3c4e280b51,900,62,0.00099093,0.00048798,0.00048798,0.00050294,0.00050294,7,true,1,1,44,62,1,1,40,4,18,false,false,true,false,true,false
77a19d3c4e280b51,950,62,0.00097418,0.00042474,0.00042474,0.00054944,0.00054944,11,true,1,1,48,62,1,1,42,6,14,false,false,true,false,true,false
77a19d3c4e280b51,1000,62,0.00130677,0.00044888,0.00044888,0.00085789,0.00085789,8,true,1,1,16,62,1,1,44,6,12,false,false,true,false,true,false
77a19d3c4e280b51,1050,62,0.00067413,-0.00000477,-0.00002956,0.00067890,0.00070369,44,true,2,3,59,62,2,3,37,7,18,false,false,false,false,false,true
77a19d3c4e280b51,1100,62,0.00121284,0.00082690,0.00082690,0.00038594,0.00038594,3,true,1,1,24,62,1,1,46,2,14,false,false,true,false,true,false
77a19d3c4e280b51,1150,62,0.00123280,0.00118101,0.00118101,0.00005180,0.00005180,2,true,1,2,14,62,1,2,36,3,23,false,true,true,false,true,false
77a19d3c4e280b51,1200,62,0.00129658,0.00129658,0.00129658,0.00000000,0.00000000,1,true,1,1,20,62,1,1,47,2,13,true,true,true,false,true,false
77a19d3c4e280b51,1250,62,0.00104082,0.00041479,0.00041479,0.00062603,0.00062603,7,true,1,2,30,62,1,1,32,4,26,false,false,true,false,true,false
77a19d3c4e280b51,1300,62,0.00083125,-0.00023395,-0.00065371,0.00106519,0.00148496,54,true,1,1,51,62,1,1,25,7,30,false,false,false,true,false,true
77a19d3c4e280b51,1350,62,0.00147909,0.00015289,-0.00006145,0.00132620,0.00154054,26,true,1,1,6,62,1,1,46,5,11,false,false,true,false,false,true
77a19d3c4e280b51,1400,62,0.00100446,-0.00002813,-0.00008076,0.00103259,0.00108522,51,true,1,2,45,62,1,2,45,1,16,false,false,false,true,false,true
77a19d3c4e280b51,1450,62,0.00050467,0.00050467,0.00050467,0.00000000,0.00000000,1,true,1,1,60,62,1,1,20,3,39,true,true,true,false,true,false
77a19d3c4e280b51,1500,62,0.00123388,0.00022519,0.00022519,0.00100869,0.00100869,19,true,1,1,18,62,1,1,33,2,27,false,false,true,false,true,false
77a19d3c4e280b51,1550,62,0.00067806,-0.00002667,-0.00034964,0.00070474,0.00102770,39,true,1,1,60,62,1,1,30,5,27,false,false,false,true,false,true
77a19d3c4e280b51,1600,62,0.00131804,0.00048938,0.00048938,0.00082865,0.00082865,9,true,1,2,21,62,1,2,45,6,11,false,false,true,false,true,false
77a19d3c4e280b51,1650,62,0.00104618,0.00005808,-0.00036061,0.00098810,0.00140679,23,true,1,1,25,62,1,1,32,3,27,false,false,true,false,false,true
77a19d3c4e280b51,1700,62,0.00079283,-0.00006309,-0.00017646,0.00085592,0.00096929,42,true,1,1,57,62,1,1,29,7,26,false,false,false,true,false,true
77a19d3c4e280b51,1750,62,0.00052652,-0.00034305,-0.00071740,0.00086957,0.00124392,58,true,1,2,59,62,1,1,25,7,30,false,false,false,true,false,true
77a19d3c4e280b51,1800,62,0.00099742,0.00000528,0.00000528,0.00099215,0.00099215,39,true,1,1,42,62,1,1,38,5,19,false,false,false,false,false,false
77a19d3c4e280b51,1850,62,0.00133282,0.00071222,0.00071222,0.00062060,0.00062060,5,true,1,1,13,62,1,1,47,5,10,false,false,true,false,true,false
77a19d3c4e280b51,1900,62,0.00074869,-0.00013620,-0.00030509,0.00088489,0.00105378,51,true,1,1,57,62,1,1,24,6,32,false,false,false,true,false,true
77a19d3c4e280b51,1950,62,0.00126329,0.00051025,0.00051025,0.00075305,0.00075305,3,true,1,1,5,62,1,1,30,5,27,false,false,true,false,true,false
77a19d3c4e280b51,2000,62,0.00174415,-0.00018984,-0.00041372,0.00193399,0.00215787,61,true,1,1,5,62,1,1,40,1,21,false,false,false,true,false,true
77a19d3c4e280b51,2050,62,0.00114578,0.00010565,0.00010377,0.00104013,0.00104201,11,true,1,1,8,62,1,1,23,6,33,false,false,true,false,true,false
77a19d3c4e280b51,2100,62,0.00095958,0.00059059,0.00059059,0.00036898,0.00036898,4,true,1,1,50,62,1,1,36,3,23,false,false,true,false,true,false
77a19d3c4e280b51,2150,62,0.00070694,-0.00013641,-0.00031596,0.00084335,0.00102291,50,true,1,1,55,62,1,1,30,5,27,false,false,false,true,false,true
77a19d3c4e280b51,2200,62,0.00065175,0.00014398,0.00009671,0.00050777,0.00055504,9,true,1,1,53,62,1,1,22,8,32,false,false,true,false,true,false
77a19d3c4e280b51,2250,62,0.00069758,0.00030321,0.00016308,0.00039437,0.00053450,9,true,1,1,58,62,1,1,25,5,32,false,false,true,false,true,false
77a19d3c4e280b51,2300,62,0.00094645,-0.00006725,-0.00044796,0.00101370,0.00139441,51,true,1,2,49,62,1,1,36,5,21,false,false,false,true,false,true
77a19d3c4e280b51,2350,62,0.00219537,0.00041461,0.00037308,0.00178076,0.00182229,7,true,1,1,1,62,1,1,21,4,37,false,false,true,false,true,false
77a19d3c4e280b51,2400,62,0.00184144,0.00184144,0.00184144,0.00000000,0.00000000,1,true,1,1,1,62,1,1,35,3,24,true,true,true,false,true,false
77a19d3c4e280b51,2450,62,0.00076321,0.00040270,0.00040270,0.00036050,0.00036050,3,true,1,2,60,62,1,1,32,9,21,false,false,true,false,true,false
77a19d3c4e280b51,2500,62,0.00164913,0.00126298,0.00125170,0.00038615,0.00039743,2,true,1,1,5,62,1,1,47,2,13,false,false,true,false,true,false
77a19d3c4e280b51,2550,62,0.00052118,0.00052118,0.00052118,0.00000000,0.00000000,1,true,1,1,58,62,1,1,24,6,32,true,true,true,false,true,false
77a19d3c4e280b51,2600,62,0.00060542,0.00009114,-0.00014305,0.00051428,0.00074847,16,true,1,2,57,62,1,1,21,3,38,false,false,true,false,false,true
77a19d3c4e280b51,2650,62,0.00065732,-0.00006422,-0.00015104,0.00072154,0.00080836,42,true,1,1,61,62,1,1,28,6,28,false,false,false,true,false,true
77a19d3c4e280b51,2700,62,0.00110650,0.00032032,0.00032032,0.00078619,0.00078619,7,true,1,1,19,62,1,1,28,9,25,false,false,true,false,true,false
77a19d3c4e280b51,2750,62,0.00039457,-0.00007528,-0.00017160,0.00046985,0.00056617,35,true,1,2,60,62,1,1,14,3,45,false,false,false,true,false,true
77a19d3c4e280b51,2800,62,0.00071253,0.00071253,0.00071253,0.00000000,0.00000000,1,true,1,1,59,62,1,1,30,11,21,true,true,true,false,true,false
77a19d3c4e280b51,2850,62,0.00135487,0.00044234,0.00044234,0.00091253,0.00091253,8,true,1,1,9,62,1,1,36,4,22,false,false,true,false,true,false
77a19d3c4e280b51,2900,62,0.00091460,-0.00006747,-0.00015727,0.00098208,0.00107187,51,true,1,1,53,62,1,1,33,6,23,false,false,false,true,false,true
77a19d3c4e280b51,2950,62,0.00113617,-0.00012405,-0.00037660,0.00126022,0.00151277,49,true,1,1,13,62,1,1,34,2,26,false,false,false,true,false,true
77a19d3c4e280b51,3000,62,0.00060536,0.00010739,0.00010739,0.00049797,0.00049797,16,true,1,1,62,62,1,1,34,8,20,false,false,true,false,true,false
77a19d3c4e280b51,3050,62,0.00084378,-0.00013968,-0.00020966,0.00098346,0.00105344,58,true,1,1,59,62,1,1,37,4,21,false,false,false,true,false,true
77a19d3c4e280b51,3100,62,0.00062196,0.00045303,0.00028121,0.00016893,0.00034074,5,true,1,3,62,62,1,1,45,7,10,false,false,true,false,true,false
77a19d3c4e280b51,3150,62,0.00061953,0.00017242,0.00017242,0.00044711,0.00044711,19,true,1,1,62,62,1,1,40,6,16,false,false,true,false,true,false
77a19d3c4e280b51,3200,62,0.00088285,0.00006458,0.00006458,0.00081827,0.00081827,24,true,1,2,55,62,1,2,33,9,20,false,false,true,false,true,false
77a19d3c4e280b51,3250,62,0.00110912,-0.00062992,-0.00135528,0.00173904,0.00246440,61,true,1,1,7,62,1,1,16,6,40,false,false,false,true,false,true
77a19d3c4e280b51,3300,62,0.00022757,-0.00019635,-0.00046404,0.00042392,0.00069161,50,true,1,4,62,62,1,1,14,9,39,false,false,false,true,false,true
77a19d3c4e280b51,3350,62,0.00043315,-0.00039536,-0.00086100,0.00082850,0.00129415,55,true,1,1,60,62,1,1,13,5,44,false,false,false,true,false,true
77a19d3c4e280b51,3400,62,0.00221933,0.00221933,0.00221933,0.00000000,0.00000000,1,true,1,1,1,62,1,1,47,4,11,true,true,true,false,true,false
77a19d3c4e280b51,3450,62,0.00060858,-0.00032958,-0.00078567,0.00093815,0.00139425,55,true,1,1,56,62,1,1,17,10,35,false,false,false,true,false,true
77a19d3c4e280b51,3500,62,0.00023086,-0.00024140,-0.00064136,0.00047226,0.00087222,58,true,1,7,62,62,1,2,25,8,29,false,false,false,true,false,true
77a19d3c4e280b51,3550,62,0.00066000,-0.00054008,-0.00114030,0.00120008,0.00180030,58,true,1,2,53,62,1,2,15,7,40,false,false,false,true,false,true
77a19d3c4e280b51,3600,62,0.00045986,-0.00011757,-0.00027078,0.00057743,0.00073064,60,true,1,2,62,62,1,1,43,7,12,false,false,false,true,false,true
77a19d3c4e280b51,3650,62,0.00094966,0.00048161,0.00048161,0.00046805,0.00046805,6,true,1,1,47,62,1,1,35,8,19,false,false,true,false,true,false
77a19d3c4e280b51,3700,62,0.00110954,0.00081992,0.00081992,0.00028962,0.00028962,2,true,1,1,31,62,1,1,45,5,12,false,false,true,false,true,false
77a19d3c4e280b51,3750,62,0.00034182,0.00012052,0.00012052,0.00022130,0.00022130,11,true,1,2,61,62,1,1,34,6,22,false,false,true,false,true,false
77a19d3c4e280b51,3800,62,0.00058743,0.00042200,0.00036555,0.00016543,0.00022188,4,true,1,1,58,62,1,1,31,7,24,false,false,true,false,true,false
77a19d3c4e280b51,3850,62,0.00016987,0.00014246,0.00013375,0.00002742,0.00003612,2,true,1,4,61,62,1,1,9,2,51,false,false,true,false,true,false
77a19d3c4e280b51,3900,62,0.00158188,0.00158188,0.00158188,0.00000000,0.00000000,1,true,1,1,8,62,1,1,47,7,8,true,true,true,false,true,false
77a19d3c4e280b51,3950,62,0.00059161,0.00003570,-0.00007214,0.00055591,0.00066375,17,true,1,1,59,62,1,1,20,9,33,false,false,true,false,false,true
77a19d3c4e280b51,4000,62,0.00104520,0.00104520,0.00104374,0.00000000,0.00000146,1,true,1,1,27,62,1,1,35,8,19,true,true,true,false,true,false
77a19d3c4e280b51,4050,62,0.00088575,0.00012892,0.00012892,0.00075682,0.00075682,12,true,1,1,51,62,1,1,23,6,33,false,false,true,false,true,false
77a19d3c4e280b51,4100,62,0.00118116,0.00042478,0.00024501,0.00075638,0.00093614,5,true,1,1,18,62,1,1,37,8,17,false,false,true,false,true,false
77a19d3c4e280b51,4150,62,0.00023198,0.00009707,0.00008698,0.00013491,0.00014500,14,true,1,8,62,62,1,1,27,9,26,false,false,true,false,true,false
77a19d3c4e280b51,4200,62,0.00124376,0.00009662,0.00004950,0.00114714,0.00119425,22,true,1,2,9,62,1,2,38,9,15,false,false,true,false,true,false
77a19d3c4e280b51,4250,62,0.00128132,0.00003479,0.00001146,0.00124653,0.00126986,23,true,1,1,6,62,1,1,27,7,28,false,false,true,false,true,false
77a19d3c4e280b51,4300,62,0.00096289,0.00066309,0.00066309,0.00029980,0.00029980,3,true,1,1,45,62,1,1,30,7,25,false,false,true,false,true,false
77a19d3c4e280b51,4350,62,0.00023098,-0.00016416,-0.00041132,0.00039514,0.00064230,54,true,1,2,62,62,1,1,14,13,35,false,false,false,true,false,true
77a19d3c4e280b51,4400,62,0.00046095,0.00005853,0.00001668,0.00040242,0.00044427,19,true,1,2,62,62,1,1,32,16,14,false,false,true,false,true,false
77a19d3c4e280b51,4450,62,0.00086265,0.00078997,0.00078997,0.00007268,0.00007268,4,true,1,4,60,62,1,2,39,10,13,false,false,true,false,true,false
77a19d3c4e280b51,4500,62,0.00015937,0.00011876,0.00002928,0.00004061,0.00013009,7,true,2,11,62,62,2,2,20,16,26,false,false,true,false,true,false
77a19d3c4e280b51,4550,62,0.00043732,0.00001964,-0.00002643,0.00041768,0.00046375,25,true,1,1,61,62,1,1,27,4,31,false,false,true,false,false,true
77a19d3c4e280b51,4600,62,0.00068080,0.00002025,0.00002025,0.00066055,0.00066055,27,true,1,3,62,62,1,2,29,13,20,false,false,true,false,true,false
77a19d3c4e280b51,4650,62,0.00135461,0.00060666,0.00060666,0.00074795,0.00074795,7,true,1,1,7,62,1,1,22,13,27,false,false,true,false,true,false
77a19d3c4e280b51,4700,62,0.00063615,0.00028076,0.00023697,0.00035538,0.00039917,5,true,1,1,62,62,1,1,36,15,11,false,false,true,false,true,false
77a19d3c4e280b51,4750,62,0.00051741,0.00017475,0.00014964,0.00034266,0.00036777,2,true,1,1,59,62,1,1,22,12,28,false,false,true,false,true,false
1111222233334444,0,62,0.00104666,0.00096989,0.00096989,0.00007677,0.00007677,2,true,1,2,30,62,1,1,39,21,2,false,false,true,false,true,false
1111222233334444,50,62,0.00034904,0.00032854,0.00032854,0.00002050,0.00002050,3,true,1,4,62,62,1,2,27,22,13,false,false,true,false,true,false
1111222233334444,100,62,0.00072992,0.00072992,0.00072992,0.00000000,0.00000000,1,true,1,1,62,62,1,1,35,15,12,true,true,true,false,true,false
1111222233334444,150,62,0.00085056,0.00085056,0.00085056,0.00000000,0.00000000,1,true,1,1,59,62,1,1,41,9,12,true,true,true,false,true,false
1111222233334444,200,62,0.00077277,0.00075299,0.00075299,0.00001979,0.00001979,2,true,1,2,58,62,1,2,39,12,11,false,true,true,false,true,false
1111222233334444,250,62,0.00083148,0.00083148,0.00083148,0.00000000,0.00000000,1,true,1,2,57,62,1,2,30,13,19,true,true,true,false,true,false
1111222233334444,300,62,0.00043076,0.00043076,0.00041533,0.00000000,0.00001544,1,true,1,2,62,62,1,1,25,10,27,true,true,true,false,true,false
1111222233334444,350,62,0.00106907,0.00106907,0.00106907,0.00000000,0.00000000,1,true,1,2,33,62,1,1,44,11,7,true,true,true,false,true,false
1111222233334444,400,62,0.00100815,0.00085008,0.00085008,0.00015807,0.00015807,3,true,1,1,41,62,1,1,41,9,12,false,false,true,false,true,false
1111222233334444,450,62,0.00094938,0.00050491,0.00050491,0.00044447,0.00044447,5,true,1,1,52,62,1,1,38,9,15,false,false,true,false,true,false
1111222233334444,500,62,0.00098413,0.00098413,0.00098413,0.00000000,0.00000000,1,true,1,1,48,62,1,1,35,12,15,true,true,true,false,true,false
1111222233334444,550,62,0.00110334,0.00038314,0.00038314,0.00072020,0.00072020,19,true,1,2,29,62,1,2,40,8,14,false,false,true,false,true,false
1111222233334444,600,62,0.00100040,0.00088334,0.00088334,0.00011706,0.00011706,3,true,1,2,35,62,1,1,35,8,19,false,false,true,false,true,false
1111222233334444,650,62,0.00112087,-0.00000960,-0.00003213,0.00113046,0.00115299,45,true,1,1,24,62,1,1,37,9,16,false,false,false,false,false,true
1111222233334444,700,62,0.00094575,0.00086117,0.00086117,0.00008458,0.00008458,2,true,1,2,52,62,1,1,36,12,14,false,false,true,false,true,false
1111222233334444,750,62,0.00086123,0.00053561,0.00053561,0.00032562,0.00032562,6,true,2,2,56,62,2,2,39,9,14,false,false,true,false,true,false
1111222233334444,800,62,0.00075197,0.00034523,0.00034523,0.00040674,0.00040674,17,true,1,2,58,62,1,1,44,6,12,false,false,true,false,true,false
1111222233334444,850,62,0.00115722,0.00062221,0.00060940,0.00053501,0.00054783,5,true,1,1,26,62,1,1,35,6,21,false,false,true,false,true,false
1111222233334444,900,62,0.00124133,0.00124133,0.00124133,0.00000000,0.00000000,1,true,1,1,8,62,1,1,21,8,33,true,true,true,false,true,false
1111222233334444,950,62,0.00069350,0.00063425,0.00063425,0.00005925,0.00005925,3,true,1,3,56,62,1,2,30,7,25,false,false,true,false,true,false
1111222233334444,1000,62,0.00207692,0.00207692,0.00207692,0.00000000,0.00000000,1,true,1,1,4,62,1,1,28,10,24,true,true,true,false,true,false
1111222233334444,1050,62,0.00205410,0.00052798,0.00052798,0.00152612,0.00152612,23,true,1,1,6,62,1,1,42,8,12,false,false,true,false,true,false
1111222233334444,1100,62,0.00104851,0.00055939,0.00055939,0.00048912,0.00048912,8,true,2,2,32,62,2,2,33,8,21,false,false,true,false,true,false
1111222233334444,1150,62,0.00088704,0.00013757,0.00013757,0.00074947,0.00074947,22,true,1,1,48,62,1,1,30,8,24,false,false,true,false,true,false
1111222233334444,1200,62,0.00114116,0.00042415,0.00042415,0.00071701,0.00071701,20,true,1,1,30,62,1,1,41,11,10,false,false,true,false,true,false
1111222233334444,1250,62,0.00055790,0.00044638,0.00044602,0.00011152,0.00011188,5,true,1,4,59,62,1,1,20,10,32,false,false,true,false,true,false
1111222233334444,1300,62,0.00071868,0.00038871,0.00022650,0.00032997,0.00049219,7,true,1,3,52,62,1,2,28,7,27,false,false,true,false,true,false
1111222233334444,1350,62,0.00108612,0.00108612,0.00108612,0.00000000,0.00000000,1,true,1,1,18,62,1,1,25,8,29,true,true,true,false,true,false
1111222233334444,1400,62,0.00075042,0.00065339,0.00065339,0.00009704,0.00009704,3,true,1,3,49,62,1,2,30,7,25,false,false,true,false,true,false
1111222233334444,1450,62,0.00134683,-0.00067785,-0.00160527,0.00202468,0.00295210,61,true,1,1,18,62,1,1,33,10,19,false,false,false,true,false,true
1111222233334444,1500,62,0.00064132,0.00012770,0.00009575,0.00051361,0.00054556,15,true,1,3,55,62,1,2,23,13,26,false,false,true,false,true,false
1111222233334444,1550,62,0.00085831,0.00044587,0.00023144,0.00041243,0.00062686,12,true,1,1,59,62,1,1,43,6,13,false,false,true,false,true,false
1111222233334444,1600,62,0.00131142,-0.00013879,-0.00033274,0.00145021,0.00164416,50,true,1,1,13,62,1,1,29,6,27,false,false,false,true,false,true
1111222233334444,1650,62,0.00087866,-0.00033584,-0.00067940,0.00121450,0.00155807,59,true,1,1,54,62,1,1,37,6,19,false,false,false,true,false,true
1111222233334444,1700,62,0.00091636,0.00072330,0.00072330,0.00019306,0.00019306,5,true,2,4,49,62,2,3,33,4,25,false,false,true,false,true,false
1111222233334444,1750,62,0.00128204,0.00043511,0.00043511,0.00084692,0.00084692,14,true,1,1,17,62,1,1,41,5,16,false,false,true,false,true,false
1111222233334444,1800,62,0.00061774,0.00021428,0.00019738,0.00040346,0.00042036,6,true,1,1,52,62,1,1,16,7,39,false,false,true,false,true,false
1111222233334444,1850,62,0.00164962,0.00069273,0.00054681,0.00095689,0.00110281,13,true,2,2,14,62,2,2,30,3,29,false,false,true,false,true,false
1111222233334444,1900,62,0.00094393,0.00064677,0.00064677,0.00029716,0.00029716,4,true,1,1,28,62,1,1,19,6,37,false,false,true,false,true,false
1111222233334444,1950,62,0.00099665,0.00099665,0.00099665,0.00000000,0.00000000,1,true,1,1,51,62,1,1,44,7,11,true,true,true,false,true,false
1111222233334444,2000,62,0.00086701,-0.00029796,-0.00063714,0.00116497,0.00150415,56,true,1,2,48,62,1,2,30,9,23,false,false,false,true,false,true
1111222233334444,2050,62,0.00089648,-0.00054181,-0.00114742,0.00143829,0.00204390,59,true,1,1,43,62,1,1,23,4,35,false,false,false,true,false,true
1111222233334444,2100,62,0.00090584,0.00027284,0.00027284,0.00063300,0.00063300,11,true,1,1,53,62,1,1,36,7,19,false,false,true,false,true,false
1111222233334444,2150,62,0.00060312,0.00019930,0.00019930,0.00040382,0.00040382,6,true,1,2,60,62,1,1,18,4,40,false,false,true,false,true,false
1111222233334444,2200,62,0.00171262,0.00171262,0.00171262,0.00000000,0.00000000,1,true,1,1,8,62,1,1,40,3,19,true,true,true,false,true,false
1111222233334444,2250,62,0.00113361,0.00069161,0.00068088,0.00044200,0.00045273,7,true,1,3,27,62,1,2,39,10,13,false,false,true,false,true,false
1111222233334444,2300,62,0.00081399,0.00022078,0.00019798,0.00059322,0.00061601,13,true,1,2,59,62,1,1,38,4,20,false,false,true,false,true,false
1111222233334444,2350,62,0.00043848,-0.00025310,-0.00052297,0.00069158,0.00096145,58,true,3,4,60,62,2,3,33,6,23,false,false,false,true,false,true
1111222233334444,2400,62,0.00055583,0.00004192,-0.00005025,0.00051391,0.00060607,34,true,1,3,62,62,1,2,38,7,17,false,false,true,false,false,true
1111222233334444,2450,62,0.00106716,-0.00000943,-0.00033116,0.00107659,0.00139832,44,true,1,2,25,62,1,1,35,9,18,false,false,false,false,false,true
1111222233334444,2500,62,0.00103639,0.00037062,0.00032099,0.00066577,0.00071540,3,true,1,1,12,62,1,1,14,6,42,false,false,true,false,true,false
1111222233334444,2550,62,0.00053309,0.00031039,0.00021124,0.00022270,0.00032185,5,true,1,1,57,62,1,1,22,2,38,false,false,true,false,true,false
1111222233334444,2600,62,0.00101238,0.00038451,0.00038451,0.00062788,0.00062788,10,true,1,2,44,62,1,1,44,4,14,false,false,true,false,true,false
1111222233334444,2650,62,0.00080097,0.00021037,0.00021037,0.00059059,0.00059059,4,true,1,1,47,62,1,1,20,5,37,false,false,true,false,true,false
1111222233334444,2700,62,0.00187534,0.00187534,0.00181077,0.00000000,0.00006457,1,true,1,1,4,62,1,1,47,3,12,true,true,true,false,true,false
1111222233334444,2750,62,0.00041339,-0.00026704,-0.00071646,0.00068043,0.00112985,55,true,1,1,61,62,1,1,15,8,39,false,false,false,true,false,true
1111222233334444,2800,62,0.00089890,0.00063117,0.00060655,0.00026773,0.00029235,5,true,1,2,48,62,1,2,29,8,25,false,false,true,false,true,false
1111222233334444,2850,62,0.00087649,0.00062466,0.00062466,0.00025183,0.00025183,3,true,1,1,46,62,1,1,20,10,32,false,false,true,false,true,false
1111222233334444,2900,62,0.00052881,0.00034809,0.00034390,0.00018072,0.00018491,7,true,1,3,62,62,1,1,43,3,16,false,false,true,false,true,false
1111222233334444,2950,62,0.00064103,0.00052127,0.00052127,0.00011976,0.00011976,2,true,1,1,55,62,1,1,24,5,33,false,false,true,false,true,false
1111222233334444,3000,62,0.00167307,0.00167307,0.00167307,0.00000000,0.00000000,1,true,1,1,2,62,1,1,28,6,28,true,true,true,false,true,false
1111222233334444,3050,62,0.00037959,-0.00014363,-0.00031264,0.00052322,0.00069223,39,true,1,1,58,62,1,1,13,5,44,false,false,false,true,false,true
1111222233334444,3100,62,0.00155120,0.00107595,0.00107595,0.00047524,0.00047524,2,true,1,1,7,62,1,1,40,9,13,false,false,true,false,true,false
1111222233334444,3150,62,0.00039776,0.00032356,0.00032356,0.00007419,0.00007419,3,true,1,3,61,62,1,1,18,11,33,false,false,true,false,true,false
1111222233334444,3200,62,0.00057706,-0.00029916,-0.00088009,0.00087622,0.00145715,56,true,1,1,59,62,1,1,13,6,43,false,false,false,true,false,true
1111222233334444,3250,62,0.00040326,0.00040326,0.00040326,0.00000000,0.00000000,1,true,2,5,62,62,1,3,31,12,19,true,true,true,false,true,false
1111222233334444,3300,62,0.00034869,0.00018784,0.00018784,0.00016084,0.00016084,5,true,1,2,62,62,1,1,20,7,35,false,false,true,false,true,false
1111222233334444,3350,62,0.00127138,-0.00074367,-0.00157538,0.00201505,0.00284676,61,true,1,1,15,62,1,1,37,5,20,false,false,false,true,false,true
1111222233334444,3400,62,0.00034907,0.00034907,0.00034907,0.00000000,0.00000000,1,true,1,3,61,62,1,1,14,6,42,true,true,true,false,true,false
1111222233334444,3450,62,0.00053995,0.00031525,0.00031525,0.00022470,0.00022470,3,true,1,2,59,62,1,1,28,8,26,false,false,true,false,true,false
1111222233334444,3500,62,0.00052948,0.00017886,0.00017886,0.00035062,0.00035062,9,true,1,1,61,62,1,1,26,7,29,false,false,true,false,true,false
1111222233334444,3550,62,0.00083642,-0.00011944,-0.00043526,0.00095586,0.00127168,46,true,1,1,50,62,1,1,23,7,32,false,false,false,true,false,true
1111222233334444,3600,62,0.00142783,0.00142783,0.00142783,0.00000000,0.00000000,1,true,1,1,6,62,1,1,24,10,28,true,true,true,false,true,false
1111222233334444,3650,62,0.00046851,-0.00014791,-0.00062408,0.00061642,0.00109260,48,true,1,1,61,62,1,1,22,6,34,false,false,false,true,false,true
1111222233334444,3700,62,0.00079277,0.00079277,0.00079277,0.00000000,0.00000000,1,true,1,1,50,62,1,1,27,6,29,true,true,true,false,true,false
1111222233334444,3750,62,0.00064525,0.00016491,0.00009876,0.00048034,0.00054649,23,true,1,3,61,62,1,1,42,6,14,false,false,true,false,true,false
1111222233334444,3800,62,0.00048339,-0.00035613,-0.00082861,0.00083952,0.00131200,60,true,1,4,61,62,1,1,34,6,22,false,false,false,true,false,true
1111222233334444,3850,62,0.00081314,0.00081314,0.00081314,0.00000000,0.00000000,1,true,1,1,56,62,1,1,25,10,27,true,true,true,false,true,false
1111222233334444,3900,62,0.00056591,0.00011784,-0.00027528,0.00044807,0.00084119,7,true,1,3,56,62,1,2,16,7,39,false,false,true,false,false,true
1111222233334444,3950,62,0.00008650,0.00007512,0.00007512,0.00001138,0.00001138,2,true,1,21,62,62,1,1,10,11,41,false,false,true,false,true,false
1111222233334444,4000,62,0.00047912,-0.00063460,-0.00069096,0.00111373,0.00117008,62,true,1,1,60,62,1,1,26,10,26,false,false,false,true,false,true
1111222233334444,4050,62,0.00122359,0.00049979,0.00049979,0.00072379,0.00072379,4,true,1,1,16,62,1,1,40,10,12,false,false,true,false,true,false
1111222233334444,4100,62,0.00174526,0.00174526,0.00174526,0.00000000,0.00000000,1,true,1,1,8,62,1,1,41,5,16,true,true,true,false,true,false
1111222233334444,4150,62,0.00060853,0.00024407,0.00024407,0.00036445,0.00036445,2,true,1,1,62,62,1,1,22,13,27,false,false,true,false,true,false
1111222233334444,4200,62,0.00029138,0.00007851,-0.00000699,0.00021288,0.00029837,16,true,1,2,62,62,1,1,31,13,18,false,false,true,false,false,false
1111222233334444,4250,62,0.00044680,-0.00028478,-0.00050253,0.00073158,0.00094933,61,true,1,1,62,62,1,1,29,7,26,false,false,false,true,false,true
1111222233334444,4300,62,0.00190875,0.00115109,0.00115109,0.00075766,0.00075766,3,true,1,1,7,62,1,1,43,7,12,false,false,true,false,true,false
1111222233334444,4350,62,0.00022903,-0.00010454,-0.00025778,0.00033357,0.00048681,51,true,1,3,62,62,1,1,20,6,36,false,false,false,true,false,true
1111222233334444,4400,62,0.00077927,0.00077927,0.00077927,0.00000000,0.00000000,1,true,1,1,46,62,1,1,16,9,37,true,true,true,false,true,false
1111222233334444,4450,62,0.00045255,0.00029286,0.00029286,0.00015969,0.00015969,10,true,1,6,61,62,1,3,39,9,14,false,false,true,false,true,false
1111222233334444,4500,62,0.00033265,0.00033265,0.00033265,0.00000000,0.00000000,1,true,1,3,62,62,1,1,25,5,32,true,true,true,false,true,false
1111222233334444,4550,62,0.00018391,-0.00003854,-0.00014203,0.00022245,0.00032594,24,true,1,3,60,62,1,1,9,6,47,false,false,false,true,false,true
1111222233334444,4600,62,0.00041813,-0.00005598,-0.00005598,0.00047412,0.00047412,51,true,1,5,62,62,1,1,32,7,23,false,false,false,true,false,true
1111222233334444,4650,62,0.00043218,0.00043218,0.00043218,0.00000000,0.00000000,1,true,1,1,62,62,1,1,33,11,18,true,true,true,false,true,false
1111222233334444,4700,62,0.00108084,0.00108084,0.00103522,0.00000000,0.00004562,1,true,1,3,29,62,1,1,35,6,21,true,true,true,false,true,false
1111222233334444,4750,62,0.00089773,0.00000530,-0.00000174,0.00089243,0.00089947,30,true,1,1,49,62,1,1,28,9,25,false,false,false,false,false,false
