cell_id,arm,step,train_loss,parameter_offset,parameter_count
0,training_full96,0,1.101016998291e0,0,171
0,training_full96,600,6.771399378777e-1,684,171
0,training_full96,2400,5.212425813079e-2,1368,171
0,training_full96,4200,1.711472868919e-3,2052,171
0,sentinel_fixed128,0,1.101016998291e0,2736,171
0,sentinel_fixed128,600,9.191951155663e-1,3420,171
0,sentinel_fixed128,2400,1.564342617989e0,4104,171
0,sentinel_fixed128,4200,3.241980314255e0,4788,171
0,sentinel_rotating128,0,1.101016998291e0,5472,171
0,sentinel_rotating128,600,9.471099972725e-1,6156,171
0,sentinel_rotating128,2400,6.833466887474e-1,6840,171
0,sentinel_rotating128,4200,5.967563986778e-1,7524,171
1,training_full96,0,1.120658755302e0,8208,171
1,training_full96,600,7.596281170845e-1,8892,171
1,training_full96,2400,1.790014654398e-1,9576,171
1,training_full96,4200,1.810750737786e-2,10260,171
1,sentinel_fixed128,0,1.120658755302e0,10944,171
1,sentinel_fixed128,600,9.590606093407e-1,11628,171
1,sentinel_fixed128,2400,1.139725685120e0,12312,171
1,sentinel_fixed128,4200,1.383802294731e0,12996,171
1,sentinel_rotating128,0,1.120658755302e0,13680,171
1,sentinel_rotating128,600,9.521592259407e-1,14364,171
1,sentinel_rotating128,2400,8.315994739532e-1,15048,171
1,sentinel_rotating128,4200,6.889788508415e-1,15732,171
2,training_full96,0,1.082196831703e0,16416,171
2,training_full96,600,6.156573891640e-1,17100,171
2,training_full96,2400,2.548211626709e-2,17784,171
2,training_full96,4200,4.417200980242e-4,18468,171
2,sentinel_fixed128,0,1.082196831703e0,19152,171
2,sentinel_fixed128,600,8.640899658203e-1,19836,171
2,sentinel_fixed128,2400,1.707268595695e0,20520,171
2,sentinel_fixed128,4200,2.888685941696e0,21204,171
2,sentinel_rotating128,0,1.082196831703e0,21888,171
2,sentinel_rotating128,600,9.228990077972e-1,22572,171
2,sentinel_rotating128,2400,6.557502746582e-1,23256,171
2,sentinel_rotating128,4200,5.295712351799e-1,23940,171
3,training_full96,0,1.094594120979e0,24624,171
3,training_full96,600,7.094629406929e-1,25308,171
3,training_full96,2400,2.952261269093e-2,25992,171
3,training_full96,4200,7.271269714693e-5,26676,171
3,sentinel_fixed128,0,1.094594120979e0,27360,171
3,sentinel_fixed128,600,1.254976868629e0,28044,171
3,sentinel_fixed128,2400,1.441972851753e0,28728,171
3,sentinel_fixed128,4200,2.120992660522e0,29412,171
3,sentinel_rotating128,0,1.094594120979e0,30096,171
3,sentinel_rotating128,600,9.512578845024e-1,30780,171
3,sentinel_rotating128,2400,7.646295428276e-1,31464,171
3,sentinel_rotating128,4200,6.563212275505e-1,32148,171
4,training_full96,0,1.085538744926e0,32832,171
4,training_full96,600,6.691824793816e-1,33516,171
4,training_full96,2400,6.082027778029e-2,34200,171
4,training_full96,4200,1.828869244491e-5,34884,171
4,sentinel_fixed128,0,1.085538744926e0,35568,171
4,sentinel_fixed128,600,9.063090682030e-1,36252,171
4,sentinel_fixed128,2400,1.460928320885e0,36936,171
4,sentinel_fixed128,4200,2.445329666138e0,37620,171
4,sentinel_rotating128,0,1.085538744926e0,38304,171
4,sentinel_rotating128,600,9.327630400658e-1,38988,171
4,sentinel_rotating128,2400,7.192516326904e-1,39672,171
4,sentinel_rotating128,4200,6.116062402725e-1,40356,171
5,training_full96,0,1.101016998291e0,41040,171
5,training_full96,600,6.818297505379e-1,41724,171
5,training_full96,2400,2.024816349149e-2,42408,171
5,training_full96,4200,3.765995206777e-4,43092,171
5,sentinel_fixed128,0,1.101016998291e0,43776,171
5,sentinel_fixed128,600,9.789874553680e-1,44460,171
5,sentinel_fixed128,2400,1.517036318779e0,45144,171
5,sentinel_fixed128,4200,1.975476384163e0,45828,171
5,sentinel_rotating128,0,1.101016998291e0,46512,171
5,sentinel_rotating128,600,9.091477990150e-1,47196,171
5,sentinel_rotating128,2400,6.677905917168e-1,47880,171
5,sentinel_rotating128,4200,6.272715926170e-1,48564,171
6,training_full96,0,1.120658755302e0,49248,171
6,training_full96,600,7.543883919716e-1,49932,171
6,training_full96,2400,1.052945777774e-1,50616,171
6,training_full96,4200,5.658455193043e-3,51300,171
6,sentinel_fixed128,0,1.120658755302e0,51984,171
6,sentinel_fixed128,600,1.053857922554e0,52668,171
6,sentinel_fixed128,2400,1.614525794983e0,53352,171
6,sentinel_fixed128,4200,2.714770555496e0,54036,171
6,sentinel_rotating128,0,1.120658755302e0,54720,171
6,sentinel_rotating128,600,9.498214721680e-1,55404,171
6,sentinel_rotating128,2400,8.661802411079e-1,56088,171
6,sentinel_rotating128,4200,7.631521224976e-1,56772,171
7,training_full96,0,1.082196831703e0,57456,171
7,training_full96,600,6.040654778481e-1,58140,171
7,training_full96,2400,4.340769723058e-2,58824,171
7,training_full96,4200,3.826667962130e-4,59508,171
7,sentinel_fixed128,0,1.082196831703e0,60192,171
7,sentinel_fixed128,600,8.815455436707e-1,60876,171
7,sentinel_fixed128,2400,1.680374979973e0,61560,171
7,sentinel_fixed128,4200,2.458227872849e0,62244,171
7,sentinel_rotating128,0,1.082196831703e0,62928,171
7,sentinel_rotating128,600,9.310013651848e-1,63612,171
7,sentinel_rotating128,2400,7.192149162292e-1,64296,171
7,sentinel_rotating128,4200,6.474986672401e-1,64980,171
8,training_full96,0,1.094594120979e0,65664,171
8,training_full96,600,7.222175598145e-1,66348,171
8,training_full96,2400,4.360809549689e-2,67032,171
8,training_full96,4200,1.858788746176e-4,67716,171
8,sentinel_fixed128,0,1.094594120979e0,68400,171
8,sentinel_fixed128,600,9.929381012917e-1,69084,171
8,sentinel_fixed128,2400,1.259961247444e0,69768,171
8,sentinel_fixed128,4200,2.242611169815e0,70452,171
8,sentinel_rotating128,0,1.094594120979e0,71136,171
8,sentinel_rotating128,600,9.621590971947e-1,71820,171
8,sentinel_rotating128,2400,7.518570423126e-1,72504,171
8,sentinel_rotating128,4200,6.016808152199e-1,73188,171
9,training_full96,0,1.085538744926e0,73872,171
9,training_full96,600,6.778094172478e-1,74556,171
9,training_full96,2400,3.060808591545e-2,75240,171
9,training_full96,4200,1.429319381714e-4,75924,171
9,sentinel_fixed128,0,1.085538744926e0,76608,171
9,sentinel_fixed128,600,9.457681179047e-1,77292,171
9,sentinel_fixed128,2400,1.757028937340e0,77976,171
9,sentinel_fixed128,4200,3.610339879990e0,78660,171
9,sentinel_rotating128,0,1.085538744926e0,79344,171
9,sentinel_rotating128,600,9.206458926201e-1,80028,171
9,sentinel_rotating128,2400,7.224147915840e-1,80712,171
9,sentinel_rotating128,4200,6.958346962929e-1,81396,171
10,training_full96,0,1.101016998291e0,82080,171
10,training_full96,600,6.717435717583e-1,82764,171
10,training_full96,2400,2.082098834217e-2,83448,171
10,training_full96,4200,2.840608358383e-4,84132,171
10,sentinel_fixed128,0,1.101016998291e0,84816,171
10,sentinel_fixed128,600,9.094097614288e-1,85500,171
10,sentinel_fixed128,2400,1.714658141136e0,86184,171
10,sentinel_fixed128,4200,3.807005882263e0,86868,171
10,sentinel_rotating128,0,1.101016998291e0,87552,171
10,sentinel_rotating128,600,9.550154805183e-1,88236,171
10,sentinel_rotating128,2400,7.215439677238e-1,88920,171
10,sentinel_rotating128,4200,6.302803158760e-1,89604,171
11,training_full96,0,1.120658755302e0,90288,171
11,training_full96,600,7.573636174202e-1,90972,171
11,training_full96,2400,8.398521691561e-2,91656,171
11,training_full96,4200,3.370170714334e-3,92340,171
11,sentinel_fixed128,0,1.120658755302e0,93024,171
11,sentinel_fixed128,600,1.045413017273e0,93708,171
11,sentinel_fixed128,2400,2.008682012558e0,94392,171
11,sentinel_fixed128,4200,4.035179138184e0,95076,171
11,sentinel_rotating128,0,1.120658755302e0,95760,171
11,sentinel_rotating128,600,9.408031105995e-1,96444,171
11,sentinel_rotating128,2400,8.786327838898e-1,97128,171
11,sentinel_rotating128,4200,7.752788066864e-1,97812,171
12,training_full96,0,1.082196831703e0,98496,171
12,training_full96,600,6.108710169792e-1,99180,171
12,training_full96,2400,2.891832590103e-2,99864,171
12,training_full96,4200,2.784721145872e-4,100548,171
12,sentinel_fixed128,0,1.082196831703e0,101232,171
12,sentinel_fixed128,600,9.443457722664e-1,101916,171
12,sentinel_fixed128,2400,2.109072446823e0,102600,171
12,sentinel_fixed128,4200,4.446043491364e0,103284,171
12,sentinel_rotating128,0,1.082196831703e0,103968,171
12,sentinel_rotating128,600,9.451136589050e-1,104652,171
12,sentinel_rotating128,2400,6.862728595734e-1,105336,171
12,sentinel_rotating128,4200,5.577419400215e-1,106020,171
13,training_full96,0,1.094594120979e0,106704,171
13,training_full96,600,7.216061949730e-1,107388,171
13,training_full96,2400,1.992827095091e-2,108072,171
13,training_full96,4200,2.217292785645e-5,108756,171
13,sentinel_fixed128,0,1.094594120979e0,109440,171
13,sentinel_fixed128,600,9.613963961601e-1,110124,171
13,sentinel_fixed128,2400,1.862807393074e0,110808,171
13,sentinel_fixed128,4200,2.931816339493e0,111492,171
13,sentinel_rotating128,0,1.094594120979e0,112176,171
13,sentinel_rotating128,600,9.442197680473e-1,112860,171
13,sentinel_rotating128,2400,7.027123570442e-1,113544,171
13,sentinel_rotating128,4200,5.628359317780e-1,114228,171
14,training_full96,0,1.085538744926e0,114912,171
14,training_full96,600,6.806406378746e-1,115596,171
14,training_full96,2400,2.736104093492e-2,116280,171
14,training_full96,4200,5.871057510376e-6,116964,171
14,sentinel_fixed128,0,1.085538744926e0,117648,171
14,sentinel_fixed128,600,9.729232192039e-1,118332,171
14,sentinel_fixed128,2400,1.595768570900e0,119016,171
14,sentinel_fixed128,4200,2.993041992188e0,119700,171
14,sentinel_rotating128,0,1.085538744926e0,120384,171
14,sentinel_rotating128,600,9.389771819115e-1,121068,171
14,sentinel_rotating128,2400,7.333490848541e-1,121752,171
14,sentinel_rotating128,4200,6.509513854980e-1,122436,171
15,training_full96,0,1.101016998291e0,123120,171
15,training_full96,600,6.529247164726e-1,123804,171
15,training_full96,2400,1.708452589810e-2,124488,171
15,training_full96,4200,9.537041187286e-4,125172,171
15,sentinel_fixed128,0,1.101016998291e0,125856,171
15,sentinel_fixed128,600,9.291446805000e-1,126540,171
15,sentinel_fixed128,2400,1.306853890419e0,127224,171
15,sentinel_fixed128,4200,1.927015304565e0,127908,171
15,sentinel_rotating128,0,1.101016998291e0,128592,171
15,sentinel_rotating128,600,9.269969463348e-1,129276,171
15,sentinel_rotating128,2400,6.750716567039e-1,129960,171
15,sentinel_rotating128,4200,5.914990305901e-1,130644,171
16,training_full96,0,1.120658755302e0,131328,171
16,training_full96,600,7.293112277985e-1,132012,171
16,training_full96,2400,9.075065702200e-2,132696,171
16,training_full96,4200,4.178859293461e-3,133380,171
16,sentinel_fixed128,0,1.120658755302e0,134064,171
16,sentinel_fixed128,600,9.819495677948e-1,134748,171
16,sentinel_fixed128,2400,1.495282053947e0,135432,171
16,sentinel_fixed128,4200,2.726039886475e0,136116,171
16,sentinel_rotating128,0,1.120658755302e0,136800,171
16,sentinel_rotating128,600,9.493877291679e-1,137484,171
16,sentinel_rotating128,2400,8.552443385124e-1,138168,171
16,sentinel_rotating128,4200,7.165548205376e-1,138852,171
17,training_full96,0,1.082196831703e0,139536,171
17,training_full96,600,6.080703139305e-1,140220,171
17,training_full96,2400,4.189116880298e-2,140904,171
17,training_full96,4200,5.365016404539e-3,141588,171
17,sentinel_fixed128,0,1.082196831703e0,142272,171
17,sentinel_fixed128,600,1.180166602135e0,142956,171
17,sentinel_fixed128,2400,2.026561975479e0,143640,171
17,sentinel_fixed128,4200,2.939179182053e0,144324,171
17,sentinel_rotating128,0,1.082196831703e0,145008,171
17,sentinel_rotating128,600,9.714075922966e-1,145692,171
17,sentinel_rotating128,2400,6.448622941971e-1,146376,171
17,sentinel_rotating128,4200,5.988726019859e-1,147060,171
18,training_full96,0,1.094594120979e0,147744,171
18,training_full96,600,6.968178153038e-1,148428,171
18,training_full96,2400,4.935668408871e-2,149112,171
18,training_full96,4200,1.375911087962e-4,149796,171
18,sentinel_fixed128,0,1.094594120979e0,150480,171
18,sentinel_fixed128,600,1.016639232635e0,151164,171
18,sentinel_fixed128,2400,1.529570937157e0,151848,171
18,sentinel_fixed128,4200,2.496191740036e0,152532,171
18,sentinel_rotating128,0,1.094594120979e0,153216,171
18,sentinel_rotating128,600,9.333274960518e-1,153900,171
18,sentinel_rotating128,2400,7.665755748749e-1,154584,171
18,sentinel_rotating128,4200,6.556689143181e-1,155268,171
19,training_full96,0,1.085538744926e0,155952,171
19,training_full96,600,6.561415195465e-1,156636,171
19,training_full96,2400,6.408046931028e-2,157320,171
19,training_full96,4200,4.547933640424e-4,158004,171
19,sentinel_fixed128,0,1.085538744926e0,158688,171
19,sentinel_fixed128,600,9.498391747475e-1,159372,171
19,sentinel_fixed128,2400,1.645670771599e0,160056,171
19,sentinel_fixed128,4200,2.862295389175e0,160740,171
19,sentinel_rotating128,0,1.085538744926e0,161424,171
19,sentinel_rotating128,600,9.041188359261e-1,162108,171
19,sentinel_rotating128,2400,6.869735717773e-1,162792,171
19,sentinel_rotating128,4200,5.949572324753e-1,163476,171
20,training_full96,0,1.101016998291e0,164160,171
20,training_full96,600,6.740598678589e-1,164844,171
20,training_full96,2400,7.852307520807e-3,165528,171
20,training_full96,4200,2.565731701907e-4,166212,171
20,sentinel_fixed128,0,1.101016998291e0,166896,171
20,sentinel_fixed128,600,9.864882826805e-1,167580,171
20,sentinel_fixed128,2400,1.580599188805e0,168264,171
20,sentinel_fixed128,4200,2.713479280472e0,168948,171
20,sentinel_rotating128,0,1.101016998291e0,169632,171
20,sentinel_rotating128,600,9.456592202187e-1,170316,171
20,sentinel_rotating128,2400,6.888118386269e-1,171000,171
20,sentinel_rotating128,4200,6.418976783752e-1,171684,171
21,training_full96,0,1.120658755302e0,172368,171
21,training_full96,600,7.583901882172e-1,173052,171
21,training_full96,2400,5.550460144877e-2,173736,171
21,training_full96,4200,2.006108639762e-3,174420,171
21,sentinel_fixed128,0,1.120658755302e0,175104,171
21,sentinel_fixed128,600,9.784893989563e-1,175788,171
21,sentinel_fixed128,2400,1.310338377953e0,176472,171
21,sentinel_fixed128,4200,3.009115219116e0,177156,171
21,sentinel_rotating128,0,1.120658755302e0,177840,171
21,sentinel_rotating128,600,9.473775029182e-1,178524,171
21,sentinel_rotating128,2400,8.041138052940e-1,179208,171
21,sentinel_rotating128,4200,6.055089831352e-1,179892,171
22,training_full96,0,1.082196831703e0,180576,171
22,training_full96,600,5.840063691139e-1,181260,171
22,training_full96,2400,1.066863816231e-2,181944,171
22,training_full96,4200,1.047054956871e-5,182628,171
22,sentinel_fixed128,0,1.082196831703e0,183312,171
22,sentinel_fixed128,600,9.468646049500e-1,183996,171
22,sentinel_fixed128,2400,1.659733295441e0,184680,171
22,sentinel_fixed128,4200,4.656362056732e0,185364,171
22,sentinel_rotating128,0,1.082196831703e0,186048,171
22,sentinel_rotating128,600,9.314151406288e-1,186732,171
22,sentinel_rotating128,2400,7.029864192009e-1,187416,171
22,sentinel_rotating128,4200,6.409733891487e-1,188100,171
23,training_full96,0,1.094594120979e0,188784,171
23,training_full96,600,7.264013886452e-1,189468,171
23,training_full96,2400,3.421398624778e-2,190152,171
23,training_full96,4200,1.222714781761e-4,190836,171
23,sentinel_fixed128,0,1.094594120979e0,191520,171
23,sentinel_fixed128,600,9.477791786194e-1,192204,171
23,sentinel_fixed128,2400,1.108531594276e0,192888,171
23,sentinel_fixed128,4200,2.317759990692e0,193572,171
23,sentinel_rotating128,0,1.094594120979e0,194256,171
23,sentinel_rotating128,600,9.511788487434e-1,194940,171
23,sentinel_rotating128,2400,7.993078231812e-1,195624,171
23,sentinel_rotating128,4200,6.652948260307e-1,196308,171
24,training_full96,0,1.085538744926e0,196992,171
24,training_full96,600,6.509870290756e-1,197676,171
24,training_full96,2400,1.369023174047e-1,198360,171
24,training_full96,4200,9.399443864822e-3,199044,171
24,sentinel_fixed128,0,1.085538744926e0,199728,171
24,sentinel_fixed128,600,9.444880485535e-1,200412,171
24,sentinel_fixed128,2400,1.175536513329e0,201096,171
24,sentinel_fixed128,4200,1.894989371300e0,201780,171
24,sentinel_rotating128,0,1.085538744926e0,202464,171
24,sentinel_rotating128,600,9.624626636505e-1,203148,171
24,sentinel_rotating128,2400,6.936879158020e-1,203832,171
24,sentinel_rotating128,4200,5.811918377876e-1,204516,171
