cell_id,arm,step,train_loss,model_offset,model_bytes
0,sentinel_k1,0,1.096639037,0,684
0,sentinel_k1,600,1.228090167,684,684
0,sentinel_k1,2400,1.942408681,1368,684
0,sentinel_k1,4200,3.512645006,2052,684
0,sentinel_k4_cyclic,0,1.096639037,2736,684
0,sentinel_k4_cyclic,600,1.006976008,3420,684
0,sentinel_k4_cyclic,2400,0.838593781,4104,684
0,sentinel_k4_cyclic,4200,0.747634947,4788,684
0,sentinel_k16_cyclic,0,1.096639037,5472,684
0,sentinel_k16_cyclic,600,1.038884759,6156,684
0,sentinel_k16_cyclic,2400,0.757939517,6840,684
0,sentinel_k16_cyclic,4200,0.686744869,7524,684
0,sentinel_k16_blocked,0,1.096639037,8208,684
0,sentinel_k16_blocked,600,1.017562389,8892,684
0,sentinel_k16_blocked,2400,0.780050218,9576,684
0,sentinel_k16_blocked,4200,0.810451090,10260,684
0,sentinel_k16_pooled,0,1.096639037,10944,684
0,sentinel_k16_pooled,600,0.910860777,11628,684
0,sentinel_k16_pooled,2400,0.638507962,12312,684
0,sentinel_k16_pooled,4200,0.623537064,12996,684
0,sentinel_k64_cyclic,0,1.096639037,13680,684
0,sentinel_k64_cyclic,600,0.999167025,14364,684
0,sentinel_k64_cyclic,2400,0.851749361,15048,684
0,sentinel_k64_cyclic,4200,0.639901817,15732,684
0,sentinel_fresh,0,1.096639037,16416,684
0,sentinel_fresh,600,1.006198049,17100,684
0,sentinel_fresh,2400,0.765900075,17784,684
0,sentinel_fresh,4200,0.555827022,18468,684
1,sentinel_k1,0,1.085941672,19152,684
1,sentinel_k1,600,1.021190524,19836,684
1,sentinel_k1,2400,1.606268287,20520,684
1,sentinel_k1,4200,2.377974272,21204,684
1,sentinel_k4_cyclic,0,1.085941672,21888,684
1,sentinel_k4_cyclic,600,0.941476583,22572,684
1,sentinel_k4_cyclic,2400,0.892601907,23256,684
1,sentinel_k4_cyclic,4200,0.749949634,23940,684
1,sentinel_k16_cyclic,0,1.085941672,24624,684
1,sentinel_k16_cyclic,600,0.939884007,25308,684
1,sentinel_k16_cyclic,2400,0.858337164,25992,684
1,sentinel_k16_cyclic,4200,0.780744731,26676,684
1,sentinel_k16_blocked,0,1.085941672,27360,684
1,sentinel_k16_blocked,600,0.891236365,28044,684
1,sentinel_k16_blocked,2400,0.855102539,28728,684
1,sentinel_k16_blocked,4200,0.796692550,29412,684
1,sentinel_k16_pooled,0,1.085941672,30096,684
1,sentinel_k16_pooled,600,0.881062746,30780,684
1,sentinel_k16_pooled,2400,0.514646351,31464,684
1,sentinel_k16_pooled,4200,0.514537215,32148,684
1,sentinel_k64_cyclic,0,1.085941672,32832,684
1,sentinel_k64_cyclic,600,0.941631556,33516,684
1,sentinel_k64_cyclic,2400,0.860176086,34200,684
1,sentinel_k64_cyclic,4200,0.715845108,34884,684
1,sentinel_fresh,0,1.085941672,35568,684
1,sentinel_fresh,600,0.956098795,36252,684
1,sentinel_fresh,2400,0.807241857,36936,684
1,sentinel_fresh,4200,0.731032133,37620,684
2,sentinel_k1,0,1.107666850,38304,684
2,sentinel_k1,600,1.032068610,38988,684
2,sentinel_k1,2400,1.654799104,39672,684
2,sentinel_k1,4200,2.857909203,40356,684
2,sentinel_k4_cyclic,0,1.107666850,41040,684
2,sentinel_k4_cyclic,600,0.976024449,41724,684
2,sentinel_k4_cyclic,2400,0.761512041,42408,684
2,sentinel_k4_cyclic,4200,0.717502415,43092,684
2,sentinel_k16_cyclic,0,1.107666850,43776,684
2,sentinel_k16_cyclic,600,0.959078252,44460,684
2,sentinel_k16_cyclic,2400,0.729357719,45144,684
2,sentinel_k16_cyclic,4200,0.611394227,45828,684
2,sentinel_k16_blocked,0,1.107666850,46512,684
2,sentinel_k16_blocked,600,0.941515207,47196,684
2,sentinel_k16_blocked,2400,0.669151604,47880,684
2,sentinel_k16_blocked,4200,0.767810106,48564,684
2,sentinel_k16_pooled,0,1.107666850,49248,684
2,sentinel_k16_pooled,600,0.846605003,49932,684
2,sentinel_k16_pooled,2400,0.577627778,50616,684
2,sentinel_k16_pooled,4200,0.423496932,51300,684
2,sentinel_k64_cyclic,0,1.107666850,51984,684
2,sentinel_k64_cyclic,600,0.953490973,52668,684
2,sentinel_k64_cyclic,2400,0.810849249,53352,684
2,sentinel_k64_cyclic,4200,0.747749388,54036,684
2,sentinel_fresh,0,1.107666850,54720,684
2,sentinel_fresh,600,0.958988607,55404,684
2,sentinel_fresh,2400,0.806896508,56088,684
2,sentinel_fresh,4200,0.570460439,56772,684
3,sentinel_k1,0,1.096407533,57456,684
3,sentinel_k1,600,1.054040194,58140,684
3,sentinel_k1,2400,1.580080986,58824,684
3,sentinel_k1,4200,3.035971642,59508,684
3,sentinel_k4_cyclic,0,1.096407533,60192,684
3,sentinel_k4_cyclic,600,1.055441976,60876,684
3,sentinel_k4_cyclic,2400,0.939258754,61560,684
3,sentinel_k4_cyclic,4200,0.817925513,62244,684
3,sentinel_k16_cyclic,0,1.096407533,62928,684
3,sentinel_k16_cyclic,600,1.044832468,63612,684
3,sentinel_k16_cyclic,2400,0.802102804,64296,684
3,sentinel_k16_cyclic,4200,0.713678539,64980,684
3,sentinel_k16_blocked,0,1.096407533,65664,684
3,sentinel_k16_blocked,600,1.007783532,66348,684
3,sentinel_k16_blocked,2400,0.699681580,67032,684
3,sentinel_k16_blocked,4200,0.657592714,67716,684
3,sentinel_k16_pooled,0,1.096407533,68400,684
3,sentinel_k16_pooled,600,0.870838583,69084,684
3,sentinel_k16_pooled,2400,0.547932863,69768,684
3,sentinel_k16_pooled,4200,0.563696086,70452,684
3,sentinel_k64_cyclic,0,1.096407533,71136,684
3,sentinel_k64_cyclic,600,1.020821929,71820,684
3,sentinel_k64_cyclic,2400,0.798971415,72504,684
3,sentinel_k64_cyclic,4200,0.727456987,73188,684
3,sentinel_fresh,0,1.096407533,73872,684
3,sentinel_fresh,600,1.000468373,74556,684
3,sentinel_fresh,2400,0.804942608,75240,684
3,sentinel_fresh,4200,0.747862875,75924,684
4,sentinel_k1,0,1.094079852,76608,684
4,sentinel_k1,600,1.090026498,77292,684
4,sentinel_k1,2400,1.629916549,77976,684
4,sentinel_k1,4200,2.995002747,78660,684
4,sentinel_k4_cyclic,0,1.094079852,79344,684
4,sentinel_k4_cyclic,600,1.015190482,80028,684
4,sentinel_k4_cyclic,2400,0.801569223,80712,684
4,sentinel_k4_cyclic,4200,0.636355639,81396,684
4,sentinel_k16_cyclic,0,1.094079852,82080,684
4,sentinel_k16_cyclic,600,1.000983596,82764,684
4,sentinel_k16_cyclic,2400,0.806903660,83448,684
4,sentinel_k16_cyclic,4200,0.704567850,84132,684
4,sentinel_k16_blocked,0,1.094079852,84816,684
4,sentinel_k16_blocked,600,1.005951643,85500,684
4,sentinel_k16_blocked,2400,0.852874994,86184,684
4,sentinel_k16_blocked,4200,0.761760294,86868,684
4,sentinel_k16_pooled,0,1.094079852,87552,684
4,sentinel_k16_pooled,600,0.868665457,88236,684
4,sentinel_k16_pooled,2400,0.505882621,88920,684
4,sentinel_k16_pooled,4200,0.428779006,89604,684
4,sentinel_k64_cyclic,0,1.094079852,90288,684
4,sentinel_k64_cyclic,600,1.018615484,90972,684
4,sentinel_k64_cyclic,2400,0.779067695,91656,684
4,sentinel_k64_cyclic,4200,0.661825240,92340,684
4,sentinel_fresh,0,1.094079852,93024,684
4,sentinel_fresh,600,1.021165729,93708,684
4,sentinel_fresh,2400,0.787049830,94392,684
4,sentinel_fresh,4200,0.649122536,95076,684
5,sentinel_k1,0,1.088775396,95760,684
5,sentinel_k1,600,0.916073501,96444,684
5,sentinel_k1,2400,1.658583045,97128,684
5,sentinel_k1,4200,3.218598127,97812,684
5,sentinel_k4_cyclic,0,1.088775396,98496,684
5,sentinel_k4_cyclic,600,0.994271576,99180,684
5,sentinel_k4_cyclic,2400,0.747582018,99864,684
5,sentinel_k4_cyclic,4200,0.556452692,100548,684
5,sentinel_k16_cyclic,0,1.088775396,101232,684
5,sentinel_k16_cyclic,600,0.978635788,101916,684
5,sentinel_k16_cyclic,2400,0.653972983,102600,684
5,sentinel_k16_cyclic,4200,0.566818714,103284,684
5,sentinel_k16_blocked,0,1.088775396,103968,684
5,sentinel_k16_blocked,600,0.902510881,104652,684
5,sentinel_k16_blocked,2400,0.657921016,105336,684
5,sentinel_k16_blocked,4200,0.562388361,106020,684
5,sentinel_k16_pooled,0,1.088775396,106704,684
5,sentinel_k16_pooled,600,0.865266740,107388,684
5,sentinel_k16_pooled,2400,0.504392564,108072,684
5,sentinel_k16_pooled,4200,0.421558142,108756,684
5,sentinel_k64_cyclic,0,1.088775396,109440,684
5,sentinel_k64_cyclic,600,0.954281867,110124,684
5,sentinel_k64_cyclic,2400,0.689157963,110808,684
5,sentinel_k64_cyclic,4200,0.500487506,111492,684
5,sentinel_fresh,0,1.088775396,112176,684
5,sentinel_fresh,600,0.955002308,112860,684
5,sentinel_fresh,2400,0.776802123,113544,684
5,sentinel_fresh,4200,0.649136662,114228,684
6,sentinel_k1,0,1.099622607,114912,684
6,sentinel_k1,600,0.913158178,115596,684
6,sentinel_k1,2400,0.922962487,116280,684
6,sentinel_k1,4200,1.290647507,116964,684
6,sentinel_k4_cyclic,0,1.099622607,117648,684
6,sentinel_k4_cyclic,600,0.886026859,118332,684
6,sentinel_k4_cyclic,2400,0.681471527,119016,684
6,sentinel_k4_cyclic,4200,0.536299825,119700,684
6,sentinel_k16_cyclic,0,1.099622607,120384,684
6,sentinel_k16_cyclic,600,0.895525515,121068,684
6,sentinel_k16_cyclic,2400,0.734004438,121752,684
6,sentinel_k16_cyclic,4200,0.596184194,122436,684
6,sentinel_k16_blocked,0,1.099622607,123120,684
6,sentinel_k16_blocked,600,0.853736341,123804,684
6,sentinel_k16_blocked,2400,0.613088548,124488,684
6,sentinel_k16_blocked,4200,0.843525887,125172,684
6,sentinel_k16_pooled,0,1.099622607,125856,684
6,sentinel_k16_pooled,600,0.856962204,126540,684
6,sentinel_k16_pooled,2400,0.514969647,127224,684
6,sentinel_k16_pooled,4200,0.484822005,127908,684
6,sentinel_k64_cyclic,0,1.099622607,128592,684
6,sentinel_k64_cyclic,600,0.882258236,129276,684
6,sentinel_k64_cyclic,2400,0.741391003,129960,684
6,sentinel_k64_cyclic,4200,0.603433073,130644,684
6,sentinel_fresh,0,1.099622607,131328,684
6,sentinel_fresh,600,0.882020772,132012,684
6,sentinel_fresh,2400,0.780079424,132696,684
6,sentinel_fresh,4200,0.685877740,133380,684
7,sentinel_k1,0,1.116266608,134064,684
7,sentinel_k1,600,0.918609440,134748,684
7,sentinel_k1,2400,1.880646706,135432,684
7,sentinel_k1,4200,3.638106108,136116,684
7,sentinel_k4_cyclic,0,1.116266608,136800,684
7,sentinel_k4_cyclic,600,0.971353471,137484,684
7,sentinel_k4_cyclic,2400,0.790548563,138168,684
7,sentinel_k4_cyclic,4200,0.660943449,138852,684
7,sentinel_k16_cyclic,0,1.116266608,139536,684
7,sentinel_k16_cyclic,600,0.944962263,140220,684
7,sentinel_k16_cyclic,2400,0.715669930,140904,684
7,sentinel_k16_cyclic,4200,0.656061769,141588,684
7,sentinel_k16_blocked,0,1.116266608,142272,684
7,sentinel_k16_blocked,600,0.962141514,142956,684
7,sentinel_k16_blocked,2400,0.654803872,143640,684
7,sentinel_k16_blocked,4200,0.659712732,144324,684
7,sentinel_k16_pooled,0,1.116266608,145008,684
7,sentinel_k16_pooled,600,0.840735734,145692,684
7,sentinel_k16_pooled,2400,0.403105825,146376,684
7,sentinel_k16_pooled,4200,0.411484689,147060,684
7,sentinel_k64_cyclic,0,1.116266608,147744,684
7,sentinel_k64_cyclic,600,0.945236981,148428,684
7,sentinel_k64_cyclic,2400,0.631918848,149112,684
7,sentinel_k64_cyclic,4200,0.505749345,149796,684
7,sentinel_fresh,0,1.116266608,150480,684
7,sentinel_fresh,600,0.959481955,151164,684
7,sentinel_fresh,2400,0.613355756,151848,684
7,sentinel_fresh,4200,0.527841628,152532,684
8,sentinel_k1,0,1.105058074,153216,684
8,sentinel_k1,600,0.874419212,153900,684
8,sentinel_k1,2400,0.993915379,154584,684
8,sentinel_k1,4200,1.714013100,155268,684
8,sentinel_k4_cyclic,0,1.105058074,155952,684
8,sentinel_k4_cyclic,600,0.933228970,156636,684
8,sentinel_k4_cyclic,2400,0.809985936,157320,684
8,sentinel_k4_cyclic,4200,0.655856550,158004,684
8,sentinel_k16_cyclic,0,1.105058074,158688,684
8,sentinel_k16_cyclic,600,0.925347149,159372,684
8,sentinel_k16_cyclic,2400,0.771392286,160056,684
8,sentinel_k16_cyclic,4200,0.618283689,160740,684
8,sentinel_k16_blocked,0,1.105058074,161424,684
8,sentinel_k16_blocked,600,0.855157793,162108,684
8,sentinel_k16_blocked,2400,0.856750250,162792,684
8,sentinel_k16_blocked,4200,0.804485857,163476,684
8,sentinel_k16_pooled,0,1.105058074,164160,684
8,sentinel_k16_pooled,600,0.845107853,164844,684
8,sentinel_k16_pooled,2400,0.633477807,165528,684
8,sentinel_k16_pooled,4200,0.600939870,166212,684
8,sentinel_k64_cyclic,0,1.105058074,166896,684
8,sentinel_k64_cyclic,600,0.968868494,167580,684
8,sentinel_k64_cyclic,2400,0.732773066,168264,684
8,sentinel_k64_cyclic,4200,0.661023915,168948,684
8,sentinel_fresh,0,1.105058074,169632,684
8,sentinel_fresh,600,0.939810574,170316,684
8,sentinel_fresh,2400,0.808407307,171000,684
8,sentinel_fresh,4200,0.736535728,171684,684
9,sentinel_k1,0,1.080872059,172368,684
9,sentinel_k1,600,1.069066763,173052,684
9,sentinel_k1,2400,1.705376625,173736,684
9,sentinel_k1,4200,2.319529772,174420,684
9,sentinel_k4_cyclic,0,1.080872059,175104,684
9,sentinel_k4_cyclic,600,0.961345375,175788,684
9,sentinel_k4_cyclic,2400,0.835128009,176472,684
9,sentinel_k4_cyclic,4200,0.657055557,177156,684
9,sentinel_k16_cyclic,0,1.080872059,177840,684
9,sentinel_k16_cyclic,600,0.947405875,178524,684
9,sentinel_k16_cyclic,2400,0.766668618,179208,684
9,sentinel_k16_cyclic,4200,0.642752886,179892,684
9,sentinel_k16_blocked,0,1.080872059,180576,684
9,sentinel_k16_blocked,600,1.053854465,181260,684
9,sentinel_k16_blocked,2400,0.741009474,181944,684
9,sentinel_k16_blocked,4200,0.723531663,182628,684
9,sentinel_k16_pooled,0,1.080872059,183312,684
9,sentinel_k16_pooled,600,0.950220406,183996,684
9,sentinel_k16_pooled,2400,0.652299285,184680,684
9,sentinel_k16_pooled,4200,0.664693415,185364,684
9,sentinel_k64_cyclic,0,1.080872059,186048,684
9,sentinel_k64_cyclic,600,0.987479627,186732,684
9,sentinel_k64_cyclic,2400,0.807367980,187416,684
9,sentinel_k64_cyclic,4200,0.710730851,188100,684
9,sentinel_fresh,0,1.080872059,188784,684
9,sentinel_fresh,600,0.970662415,189468,684
9,sentinel_fresh,2400,0.770233870,190152,684
9,sentinel_fresh,4200,0.705970526,190836,684
10,sentinel_k1,0,1.091280103,191520,684
10,sentinel_k1,600,0.954801321,192204,684
10,sentinel_k1,2400,1.492342114,192888,684
10,sentinel_k1,4200,1.919133067,193572,684
10,sentinel_k4_cyclic,0,1.091280103,194256,684
10,sentinel_k4_cyclic,600,0.928663552,194940,684
10,sentinel_k4_cyclic,2400,0.800678909,195624,684
10,sentinel_k4_cyclic,4200,0.736879349,196308,684
10,sentinel_k16_cyclic,0,1.091280103,196992,684
10,sentinel_k16_cyclic,600,0.936407983,197676,684
10,sentinel_k16_cyclic,2400,0.809802949,198360,684
10,sentinel_k16_cyclic,4200,0.647491157,199044,684
10,sentinel_k16_blocked,0,1.091280103,199728,684
10,sentinel_k16_blocked,600,0.920620382,200412,684
10,sentinel_k16_blocked,2400,0.786209643,201096,684
10,sentinel_k16_blocked,4200,0.730279267,201780,684
10,sentinel_k16_pooled,0,1.091280103,202464,684
10,sentinel_k16_pooled,600,0.839776993,203148,684
10,sentinel_k16_pooled,2400,0.511375606,203832,684
10,sentinel_k16_pooled,4200,0.407227188,204516,684
10,sentinel_k64_cyclic,0,1.091280103,205200,684
10,sentinel_k64_cyclic,600,0.953774750,205884,684
10,sentinel_k64_cyclic,2400,0.568658650,206568,684
10,sentinel_k64_cyclic,4200,0.469566673,207252,684
10,sentinel_fresh,0,1.091280103,207936,684
10,sentinel_fresh,600,0.968031824,208620,684
10,sentinel_fresh,2400,0.637734711,209304,684
10,sentinel_fresh,4200,0.498004347,209988,684
11,sentinel_k1,0,1.089484334,210672,684
11,sentinel_k1,600,0.931492507,211356,684
11,sentinel_k1,2400,1.585358262,212040,684
11,sentinel_k1,4200,3.064537287,212724,684
11,sentinel_k4_cyclic,0,1.089484334,213408,684
11,sentinel_k4_cyclic,600,0.956415415,214092,684
11,sentinel_k4_cyclic,2400,0.802277744,214776,684
11,sentinel_k4_cyclic,4200,0.736571252,215460,684
11,sentinel_k16_cyclic,0,1.089484334,216144,684
11,sentinel_k16_cyclic,600,0.948504448,216828,684
11,sentinel_k16_cyclic,2400,0.831228316,217512,684
11,sentinel_k16_cyclic,4200,0.837402344,218196,684
11,sentinel_k16_blocked,0,1.089484334,218880,684
11,sentinel_k16_blocked,600,0.997872770,219564,684
11,sentinel_k16_blocked,2400,0.937543809,220248,684
11,sentinel_k16_blocked,4200,0.939174235,220932,684
11,sentinel_k16_pooled,0,1.089484334,221616,684
11,sentinel_k16_pooled,600,0.899346888,222300,684
11,sentinel_k16_pooled,2400,0.450697511,222984,684
11,sentinel_k16_pooled,4200,0.458937019,223668,684
11,sentinel_k64_cyclic,0,1.089484334,224352,684
11,sentinel_k64_cyclic,600,0.948193312,225036,684
11,sentinel_k64_cyclic,2400,0.829917848,225720,684
11,sentinel_k64_cyclic,4200,0.687223196,226404,684
11,sentinel_fresh,0,1.089484334,227088,684
11,sentinel_fresh,600,0.953227997,227772,684
11,sentinel_fresh,2400,0.775858462,228456,684
11,sentinel_fresh,4200,0.649293959,229140,684
12,sentinel_k1,0,1.108245969,229824,684
12,sentinel_k1,600,0.820309937,230508,684
12,sentinel_k1,2400,1.714887500,231192,684
12,sentinel_k1,4200,3.427263260,231876,684
12,sentinel_k4_cyclic,0,1.108245969,232560,684
12,sentinel_k4_cyclic,600,0.970151424,233244,684
12,sentinel_k4_cyclic,2400,0.717777491,233928,684
12,sentinel_k4_cyclic,4200,0.581652462,234612,684
12,sentinel_k16_cyclic,0,1.108245969,235296,684
12,sentinel_k16_cyclic,600,0.942562878,235980,684
12,sentinel_k16_cyclic,2400,0.848563015,236664,684
12,sentinel_k16_cyclic,4200,0.677000701,237348,684
12,sentinel_k16_blocked,0,1.108245969,238032,684
12,sentinel_k16_blocked,600,0.898650646,238716,684
12,sentinel_k16_blocked,2400,0.635400176,239400,684
12,sentinel_k16_blocked,4200,0.636057675,240084,684
12,sentinel_k16_pooled,0,1.108245969,240768,684
12,sentinel_k16_pooled,600,0.816749394,241452,684
12,sentinel_k16_pooled,2400,0.464094251,242136,684
12,sentinel_k16_pooled,4200,0.497892708,242820,684
12,sentinel_k64_cyclic,0,1.108245969,243504,684
12,sentinel_k64_cyclic,600,0.942941666,244188,684
12,sentinel_k64_cyclic,2400,0.664578497,244872,684
12,sentinel_k64_cyclic,4200,0.435689926,245556,684
12,sentinel_fresh,0,1.108245969,246240,684
12,sentinel_fresh,600,0.932798386,246924,684
12,sentinel_fresh,2400,0.769890964,247608,684
12,sentinel_fresh,4200,0.675201714,248292,684
13,sentinel_k1,0,1.102314591,248976,684
13,sentinel_k1,600,0.916147947,249660,684
13,sentinel_k1,2400,1.882744908,250344,684
13,sentinel_k1,4200,2.730960131,251028,684
13,sentinel_k4_cyclic,0,1.102314591,251712,684
13,sentinel_k4_cyclic,600,0.937386036,252396,684
13,sentinel_k4_cyclic,2400,0.856825113,253080,684
13,sentinel_k4_cyclic,4200,0.839581251,253764,684
13,sentinel_k16_cyclic,0,1.102314591,254448,684
13,sentinel_k16_cyclic,600,0.979604483,255132,684
13,sentinel_k16_cyclic,2400,0.825306177,255816,684
13,sentinel_k16_cyclic,4200,0.749219596,256500,684
13,sentinel_k16_blocked,0,1.102314591,257184,684
13,sentinel_k16_blocked,600,0.964677632,257868,684
13,sentinel_k16_blocked,2400,0.914210379,258552,684
13,sentinel_k16_blocked,4200,0.887757957,259236,684
13,sentinel_k16_pooled,0,1.102314591,259920,684
13,sentinel_k16_pooled,600,0.846941292,260604,684
13,sentinel_k16_pooled,2400,0.361520678,261288,684
13,sentinel_k16_pooled,4200,0.384685606,261972,684
13,sentinel_k64_cyclic,0,1.102314591,262656,684
13,sentinel_k64_cyclic,600,0.963969409,263340,684
13,sentinel_k64_cyclic,2400,0.824499071,264024,684
13,sentinel_k64_cyclic,4200,0.744799137,264708,684
13,sentinel_fresh,0,1.102314591,265392,684
13,sentinel_fresh,600,0.942443430,266076,684
13,sentinel_fresh,2400,0.814581335,266760,684
13,sentinel_fresh,4200,0.733179867,267444,684
14,sentinel_k1,0,1.081443191,268128,684
14,sentinel_k1,600,1.022156239,268812,684
14,sentinel_k1,2400,2.133077860,269496,684
14,sentinel_k1,4200,3.996320963,270180,684
14,sentinel_k4_cyclic,0,1.081443191,270864,684
14,sentinel_k4_cyclic,600,0.991874516,271548,684
14,sentinel_k4_cyclic,2400,0.747124255,272232,684
14,sentinel_k4_cyclic,4200,0.599826753,272916,684
14,sentinel_k16_cyclic,0,1.081443191,273600,684
14,sentinel_k16_cyclic,600,0.991301239,274284,684
14,sentinel_k16_cyclic,2400,0.805653811,274968,684
14,sentinel_k16_cyclic,4200,0.752330303,275652,684
14,sentinel_k16_blocked,0,1.081443191,276336,684
14,sentinel_k16_blocked,600,0.998223245,277020,684
14,sentinel_k16_blocked,2400,0.758294761,277704,684
14,sentinel_k16_blocked,4200,0.907370567,278388,684
14,sentinel_k16_pooled,0,1.081443191,279072,684
14,sentinel_k16_pooled,600,0.850744665,279756,684
14,sentinel_k16_pooled,2400,0.579718649,280440,684
14,sentinel_k16_pooled,4200,0.588598669,281124,684
14,sentinel_k64_cyclic,0,1.081443191,281808,684
14,sentinel_k64_cyclic,600,1.003053308,282492,684
14,sentinel_k64_cyclic,2400,0.805834830,283176,684
14,sentinel_k64_cyclic,4200,0.744057178,283860,684
14,sentinel_fresh,0,1.081443191,284544,684
14,sentinel_fresh,600,0.986178696,285228,684
14,sentinel_fresh,2400,0.775675833,285912,684
14,sentinel_fresh,4200,0.719188631,286596,684
15,sentinel_k1,0,1.096848965,287280,684
15,sentinel_k1,600,1.031519413,287964,684
15,sentinel_k1,2400,1.538120747,288648,684
15,sentinel_k1,4200,2.785968065,289332,684
15,sentinel_k4_cyclic,0,1.096848965,290016,684
15,sentinel_k4_cyclic,600,0.991110146,290700,684
15,sentinel_k4_cyclic,2400,0.963479280,291384,684
15,sentinel_k4_cyclic,4200,0.903874457,292068,684
15,sentinel_k16_cyclic,0,1.096848965,292752,684
15,sentinel_k16_cyclic,600,1.009766936,293436,684
15,sentinel_k16_cyclic,2400,0.839041233,294120,684
15,sentinel_k16_cyclic,4200,0.855625689,294804,684
15,sentinel_k16_blocked,0,1.096848965,295488,684
15,sentinel_k16_blocked,600,1.000894427,296172,684
15,sentinel_k16_blocked,2400,0.897227526,296856,684
15,sentinel_k16_blocked,4200,0.977086961,297540,684
15,sentinel_k16_pooled,0,1.096848965,298224,684
15,sentinel_k16_pooled,600,0.926031113,298908,684
15,sentinel_k16_pooled,2400,0.641495049,299592,684
15,sentinel_k16_pooled,4200,0.573084772,300276,684
15,sentinel_k64_cyclic,0,1.096848965,300960,684
15,sentinel_k64_cyclic,600,0.999287069,301644,684
15,sentinel_k64_cyclic,2400,0.885362089,302328,684
15,sentinel_k64_cyclic,4200,0.818890870,303012,684
15,sentinel_fresh,0,1.096848965,303696,684
15,sentinel_fresh,600,0.998044670,304380,684
15,sentinel_fresh,2400,0.853414357,305064,684
15,sentinel_fresh,4200,0.840820014,305748,684
16,sentinel_k1,0,1.087713718,306432,684
16,sentinel_k1,600,1.049749851,307116,684
16,sentinel_k1,2400,1.119557977,307800,684
16,sentinel_k1,4200,1.935734630,308484,684
16,sentinel_k4_cyclic,0,1.087713718,309168,684
16,sentinel_k4_cyclic,600,1.030398488,309852,684
16,sentinel_k4_cyclic,2400,0.851095676,310536,684
16,sentinel_k4_cyclic,4200,0.814676344,311220,684
16,sentinel_k16_cyclic,0,1.087713718,311904,684
16,sentinel_k16_cyclic,600,1.008607984,312588,684
16,sentinel_k16_cyclic,2400,0.906613588,313272,684
16,sentinel_k16_cyclic,4200,0.789295197,313956,684
16,sentinel_k16_blocked,0,1.087713718,314640,684
16,sentinel_k16_blocked,600,1.036651850,315324,684
16,sentinel_k16_blocked,2400,0.894243419,316008,684
16,sentinel_k16_blocked,4200,0.994687974,316692,684
16,sentinel_k16_pooled,0,1.087713718,317376,684
16,sentinel_k16_pooled,600,0.918671310,318060,684
16,sentinel_k16_pooled,2400,0.728383005,318744,684
16,sentinel_k16_pooled,4200,0.708810389,319428,684
16,sentinel_k64_cyclic,0,1.087713718,320112,684
16,sentinel_k64_cyclic,600,1.008331180,320796,684
16,sentinel_k64_cyclic,2400,0.877041638,321480,684
16,sentinel_k64_cyclic,4200,0.774326801,322164,684
16,sentinel_fresh,0,1.087713718,322848,684
16,sentinel_fresh,600,0.996649921,323532,684
16,sentinel_fresh,2400,0.868864477,324216,684
16,sentinel_fresh,4200,0.770550549,324900,684
17,sentinel_k1,0,1.109087944,325584,684
17,sentinel_k1,600,1.020949244,326268,684
17,sentinel_k1,2400,1.807656646,326952,684
17,sentinel_k1,4200,3.079110384,327636,684
17,sentinel_k4_cyclic,0,1.109087944,328320,684
17,sentinel_k4_cyclic,600,0.977359712,329004,684
17,sentinel_k4_cyclic,2400,0.861086607,329688,684
17,sentinel_k4_cyclic,4200,0.760086834,330372,684
17,sentinel_k16_cyclic,0,1.109087944,331056,684
17,sentinel_k16_cyclic,600,0.992700577,331740,684
17,sentinel_k16_cyclic,2400,0.813439310,332424,684
17,sentinel_k16_cyclic,4200,0.687130868,333108,684
17,sentinel_k16_blocked,0,1.109087944,333792,684
17,sentinel_k16_blocked,600,0.920261860,334476,684
17,sentinel_k16_blocked,2400,0.846314251,335160,684
17,sentinel_k16_blocked,4200,0.629079461,335844,684
17,sentinel_k16_pooled,0,1.109087944,336528,684
17,sentinel_k16_pooled,600,0.908593178,337212,684
17,sentinel_k16_pooled,2400,0.746996880,337896,684
17,sentinel_k16_pooled,4200,0.728949308,338580,684
17,sentinel_k64_cyclic,0,1.109087944,339264,684
17,sentinel_k64_cyclic,600,1.001947999,339948,684
17,sentinel_k64_cyclic,2400,0.791074216,340632,684
17,sentinel_k64_cyclic,4200,0.744085133,341316,684
17,sentinel_fresh,0,1.109087944,342000,684
17,sentinel_fresh,600,0.992529929,342684,684
17,sentinel_fresh,2400,0.833209455,343368,684
17,sentinel_fresh,4200,0.779987991,344052,684
18,sentinel_k1,0,1.095609307,344736,684
18,sentinel_k1,600,1.178656459,345420,684
18,sentinel_k1,2400,1.931884170,346104,684
18,sentinel_k1,4200,5.022895336,346788,684
18,sentinel_k4_cyclic,0,1.095609307,347472,684
18,sentinel_k4_cyclic,600,1.014907837,348156,684
18,sentinel_k4_cyclic,2400,0.850446701,348840,684
18,sentinel_k4_cyclic,4200,0.824654520,349524,684
18,sentinel_k16_cyclic,0,1.095609307,350208,684
18,sentinel_k16_cyclic,600,1.047966361,350892,684
18,sentinel_k16_cyclic,2400,0.825048745,351576,684
18,sentinel_k16_cyclic,4200,0.783321559,352260,684
18,sentinel_k16_blocked,0,1.095609307,352944,684
18,sentinel_k16_blocked,600,0.988184988,353628,684
18,sentinel_k16_blocked,2400,0.878835440,354312,684
18,sentinel_k16_blocked,4200,0.899854183,354996,684
18,sentinel_k16_pooled,0,1.095609307,355680,684
18,sentinel_k16_pooled,600,0.894270957,356364,684
18,sentinel_k16_pooled,2400,0.604835629,357048,684
18,sentinel_k16_pooled,4200,0.611883223,357732,684
18,sentinel_k64_cyclic,0,1.095609307,358416,684
18,sentinel_k64_cyclic,600,0.965117514,359100,684
18,sentinel_k64_cyclic,2400,0.834111869,359784,684
18,sentinel_k64_cyclic,4200,0.804109752,360468,684
18,sentinel_fresh,0,1.095609307,361152,684
18,sentinel_fresh,600,0.992733181,361836,684
18,sentinel_fresh,2400,0.847625494,362520,684
18,sentinel_fresh,4200,0.815714598,363204,684
19,sentinel_k1,0,1.093493581,363888,684
19,sentinel_k1,600,1.093042493,364572,684
19,sentinel_k1,2400,2.033090830,365256,684
19,sentinel_k1,4200,2.658635616,365940,684
19,sentinel_k4_cyclic,0,1.093493581,366624,684
19,sentinel_k4_cyclic,600,1.052129388,367308,684
19,sentinel_k4_cyclic,2400,0.878763676,367992,684
19,sentinel_k4_cyclic,4200,0.860069335,368676,684
19,sentinel_k16_cyclic,0,1.093493581,369360,684
19,sentinel_k16_cyclic,600,1.023015380,370044,684
19,sentinel_k16_cyclic,2400,0.880152225,370728,684
19,sentinel_k16_cyclic,4200,0.796882153,371412,684
19,sentinel_k16_blocked,0,1.093493581,372096,684
19,sentinel_k16_blocked,600,1.002436519,372780,684
19,sentinel_k16_blocked,2400,0.825780332,373464,684
19,sentinel_k16_blocked,4200,0.795759439,374148,684
19,sentinel_k16_pooled,0,1.093493581,374832,684
19,sentinel_k16_pooled,600,0.937798202,375516,684
19,sentinel_k16_pooled,2400,0.671549320,376200,684
19,sentinel_k16_pooled,4200,0.660711586,376884,684
19,sentinel_k64_cyclic,0,1.093493581,377568,684
19,sentinel_k64_cyclic,600,1.031507015,378252,684
19,sentinel_k64_cyclic,2400,0.873045504,378936,684
19,sentinel_k64_cyclic,4200,0.764268100,379620,684
19,sentinel_fresh,0,1.093493581,380304,684
19,sentinel_fresh,600,1.031998038,380988,684
19,sentinel_fresh,2400,0.870301187,381672,684
19,sentinel_fresh,4200,0.779339969,382356,684
20,sentinel_k1,0,1.098469853,383040,684
20,sentinel_k1,600,1.056447864,383724,684
20,sentinel_k1,2400,1.839704633,384408,684
20,sentinel_k1,4200,3.053237677,385092,684
20,sentinel_k4_cyclic,0,1.098469853,385776,684
20,sentinel_k4_cyclic,600,1.040888190,386460,684
20,sentinel_k4_cyclic,2400,0.802153587,387144,684
20,sentinel_k4_cyclic,4200,0.710033894,387828,684
20,sentinel_k16_cyclic,0,1.098469853,388512,684
20,sentinel_k16_cyclic,600,1.006983280,389196,684
20,sentinel_k16_cyclic,2400,0.788002908,389880,684
20,sentinel_k16_cyclic,4200,0.691279709,390564,684
20,sentinel_k16_blocked,0,1.098469853,391248,684
20,sentinel_k16_blocked,600,1.052047133,391932,684
20,sentinel_k16_blocked,2400,0.776262343,392616,684
20,sentinel_k16_blocked,4200,0.557471335,393300,684
20,sentinel_k16_pooled,0,1.098469853,393984,684
20,sentinel_k16_pooled,600,0.871515036,394668,684
20,sentinel_k16_pooled,2400,0.464925170,395352,684
20,sentinel_k16_pooled,4200,0.368551970,396036,684
20,sentinel_k64_cyclic,0,1.098469853,396720,684
20,sentinel_k64_cyclic,600,1.007470965,397404,684
20,sentinel_k64_cyclic,2400,0.725674868,398088,684
20,sentinel_k64_cyclic,4200,0.643326998,398772,684
20,sentinel_fresh,0,1.098469853,399456,684
20,sentinel_fresh,600,1.020714402,400140,684
20,sentinel_fresh,2400,0.751386940,400824,684
20,sentinel_fresh,4200,0.698475838,401508,684
21,sentinel_k1,0,1.111835003,402192,684
21,sentinel_k1,600,1.058836341,402876,684
21,sentinel_k1,2400,1.474233627,403560,684
21,sentinel_k1,4200,3.583686829,404244,684
21,sentinel_k4_cyclic,0,1.111835003,404928,684
21,sentinel_k4_cyclic,600,1.011582017,405612,684
21,sentinel_k4_cyclic,2400,0.878833234,406296,684
21,sentinel_k4_cyclic,4200,0.764278829,406980,684
21,sentinel_k16_cyclic,0,1.111835003,407664,684
21,sentinel_k16_cyclic,600,0.952868760,408348,684
21,sentinel_k16_cyclic,2400,0.795461357,409032,684
21,sentinel_k16_cyclic,4200,0.694070518,409716,684
21,sentinel_k16_blocked,0,1.111835003,410400,684
21,sentinel_k16_blocked,600,0.954786360,411084,684
21,sentinel_k16_blocked,2400,0.762310982,411768,684
21,sentinel_k16_blocked,4200,0.782881558,412452,684
21,sentinel_k16_pooled,0,1.111835003,413136,684
21,sentinel_k16_pooled,600,0.915014923,413820,684
21,sentinel_k16_pooled,2400,0.513355494,414504,684
21,sentinel_k16_pooled,4200,0.513248146,415188,684
21,sentinel_k64_cyclic,0,1.111835003,415872,684
21,sentinel_k64_cyclic,600,0.970581055,416556,684
21,sentinel_k64_cyclic,2400,0.787541866,417240,684
21,sentinel_k64_cyclic,4200,0.650622308,417924,684
21,sentinel_fresh,0,1.111835003,418608,684
21,sentinel_fresh,600,0.954382122,419292,684
21,sentinel_fresh,2400,0.776292145,419976,684
21,sentinel_fresh,4200,0.608565927,420660,684
22,sentinel_k1,0,1.109596133,421344,684
22,sentinel_k1,600,1.001534462,422028,684
22,sentinel_k1,2400,1.179458618,422712,684
22,sentinel_k1,4200,2.264276505,423396,684
22,sentinel_k4_cyclic,0,1.109596133,424080,684
22,sentinel_k4_cyclic,600,0.979943275,424764,684
22,sentinel_k4_cyclic,2400,0.773543537,425448,684
22,sentinel_k4_cyclic,4200,0.614654601,426132,684
22,sentinel_k16_cyclic,0,1.109596133,426816,684
22,sentinel_k16_cyclic,600,0.945033312,427500,684
22,sentinel_k16_cyclic,2400,0.520684898,428184,684
22,sentinel_k16_cyclic,4200,0.432881802,428868,684
22,sentinel_k16_blocked,0,1.109596133,429552,684
22,sentinel_k16_blocked,600,0.953944862,430236,684
22,sentinel_k16_blocked,2400,0.717209578,430920,684
22,sentinel_k16_blocked,4200,0.559225440,431604,684
22,sentinel_k16_pooled,0,1.109596133,432288,684
22,sentinel_k16_pooled,600,0.879728079,432972,684
22,sentinel_k16_pooled,2400,0.496873289,433656,684
22,sentinel_k16_pooled,4200,0.467080951,434340,684
22,sentinel_k64_cyclic,0,1.109596133,435024,684
22,sentinel_k64_cyclic,600,0.985961735,435708,684
22,sentinel_k64_cyclic,2400,0.753106654,436392,684
22,sentinel_k64_cyclic,4200,0.536330104,437076,684
22,sentinel_fresh,0,1.109596133,437760,684
22,sentinel_fresh,600,0.969502151,438444,684
22,sentinel_fresh,2400,0.720195055,439128,684
22,sentinel_fresh,4200,0.543515384,439812,684
23,sentinel_k1,0,1.102842927,440496,684
23,sentinel_k1,600,0.958854973,441180,684
23,sentinel_k1,2400,1.312487006,441864,684
23,sentinel_k1,4200,2.606312275,442548,684
23,sentinel_k4_cyclic,0,1.102842927,443232,684
23,sentinel_k4_cyclic,600,1.016333699,443916,684
23,sentinel_k4_cyclic,2400,0.773851931,444600,684
23,sentinel_k4_cyclic,4200,0.707965374,445284,684
23,sentinel_k16_cyclic,0,1.102842927,445968,684
23,sentinel_k16_cyclic,600,0.983485043,446652,684
23,sentinel_k16_cyclic,2400,0.789558411,447336,684
23,sentinel_k16_cyclic,4200,0.735415459,448020,684
23,sentinel_k16_blocked,0,1.102842927,448704,684
23,sentinel_k16_blocked,600,0.951092482,449388,684
23,sentinel_k16_blocked,2400,0.915739834,450072,684
23,sentinel_k16_blocked,4200,0.773343980,450756,684
23,sentinel_k16_pooled,0,1.102842927,451440,684
23,sentinel_k16_pooled,600,0.907038510,452124,684
23,sentinel_k16_pooled,2400,0.614416718,452808,684
23,sentinel_k16_pooled,4200,0.625227869,453492,684
23,sentinel_k64_cyclic,0,1.102842927,454176,684
23,sentinel_k64_cyclic,600,1.005967140,454860,684
23,sentinel_k64_cyclic,2400,0.784300745,455544,684
23,sentinel_k64_cyclic,4200,0.679911375,456228,684
23,sentinel_fresh,0,1.102842927,456912,684
23,sentinel_fresh,600,0.991805971,457596,684
23,sentinel_fresh,2400,0.781658471,458280,684
23,sentinel_fresh,4200,0.664484084,458964,684
24,sentinel_k1,0,1.093313813,459648,684
24,sentinel_k1,600,0.984405041,460332,684
24,sentinel_k1,2400,1.876103044,461016,684
24,sentinel_k1,4200,3.716659546,461700,684
24,sentinel_k4_cyclic,0,1.093313813,462384,684
24,sentinel_k4_cyclic,600,0.944968641,463068,684
24,sentinel_k4_cyclic,2400,0.769119680,463752,684
24,sentinel_k4_cyclic,4200,0.520541131,464436,684
24,sentinel_k16_cyclic,0,1.093313813,465120,684
24,sentinel_k16_cyclic,600,0.978247643,465804,684
24,sentinel_k16_cyclic,2400,0.787398040,466488,684
24,sentinel_k16_cyclic,4200,0.578516722,467172,684
24,sentinel_k16_blocked,0,1.093313813,467856,684
24,sentinel_k16_blocked,600,0.929745018,468540,684
24,sentinel_k16_blocked,2400,0.610481858,469224,684
24,sentinel_k16_blocked,4200,0.835287273,469908,684
24,sentinel_k16_pooled,0,1.093313813,470592,684
24,sentinel_k16_pooled,600,0.805105269,471276,684
24,sentinel_k16_pooled,2400,0.497982025,471960,684
24,sentinel_k16_pooled,4200,0.378727168,472644,684
24,sentinel_k64_cyclic,0,1.093313813,473328,684
24,sentinel_k64_cyclic,600,0.990653098,474012,684
24,sentinel_k64_cyclic,2400,0.791827500,474696,684
24,sentinel_k64_cyclic,4200,0.591998219,475380,684
24,sentinel_fresh,0,1.093313813,476064,684
24,sentinel_fresh,600,0.996375620,476748,684
24,sentinel_fresh,2400,0.731389225,477432,684
24,sentinel_fresh,4200,0.539292276,478116,684
