cell_id,dataset_id,initialization_id,arm,step,train_loss,final_loss,final_accuracy,population_loss,population_accuracy,operational_loss,operational_gap,verifier_size,support_size,panel_id
0,0,0,sentinel_k1,0,1.096639037,1.095412970,0.364583343,1.099485993,0.345214844,1.092734933,-0.002678037,128,128,0
0,0,0,sentinel_k1,600,1.228090167,1.080555081,0.552083313,1.115834594,0.470458984,0.767833769,-0.312721312,128,128,0
0,0,0,sentinel_k1,2400,1.942408681,1.370700836,0.656250000,1.602037430,0.589599609,0.163044512,-1.207656384,128,128,0
0,0,0,sentinel_k1,4200,3.512645006,2.214969158,0.677083313,2.624035597,0.605712891,0.031040626,-2.183928490,128,128,0
0,0,0,sentinel_k4_cyclic,0,1.096639037,1.095412970,0.364583343,1.099485993,0.345214844,1.092734933,-0.002678037,128,512,0
0,0,0,sentinel_k4_cyclic,600,1.006976008,0.981062829,0.479166657,1.002407432,0.484375000,0.937895238,-0.043167591,128,512,1
0,0,0,sentinel_k4_cyclic,2400,0.838593781,0.815647185,0.593750000,0.851396263,0.584228516,0.743134797,-0.072512388,128,512,3
0,0,0,sentinel_k4_cyclic,4200,0.747634947,0.781049430,0.604166687,0.842828214,0.595214844,0.756443024,-0.024606407,128,512,1
0,0,0,sentinel_k16_cyclic,0,1.096639037,1.095412970,0.364583343,1.099485993,0.345214844,1.092734933,-0.002678037,128,2048,0
0,0,0,sentinel_k16_cyclic,600,1.038884759,1.025702834,0.552083313,1.043563008,0.434570312,1.039626479,0.013923645,128,2048,5
0,0,0,sentinel_k16_cyclic,2400,0.757939517,0.812548459,0.572916687,0.820322812,0.600341797,0.812372506,-0.000175953,128,2048,7
0,0,0,sentinel_k16_cyclic,4200,0.686744869,0.805434704,0.625000000,0.790688276,0.633544922,0.801171362,-0.004263341,128,2048,9
0,0,0,sentinel_k16_blocked,0,1.096639037,1.095412970,0.364583343,1.099485993,0.345214844,1.092734933,-0.002678037,128,2048,0
0,0,0,sentinel_k16_blocked,600,1.017562389,0.986884654,0.520833313,1.026377678,0.454833984,1.021358728,0.034474075,128,2048,2
0,0,0,sentinel_k16_blocked,2400,0.780050218,0.785143614,0.677083313,0.765495479,0.658935547,0.750219941,-0.034923673,128,2048,9
0,0,0,sentinel_k16_blocked,4200,0.810451090,0.581590652,0.770833313,0.751639724,0.701904297,0.379489124,-0.202101529,128,2048,15
0,0,0,sentinel_k16_pooled,0,1.096639037,1.095412970,0.364583343,1.099485993,0.345214844,1.098301411,0.002888441,2048,2048,0
0,0,0,sentinel_k16_pooled,600,0.910860777,0.885560930,0.531250000,0.864937007,0.567138672,0.860744774,-0.024816155,2048,2048,0
0,0,0,sentinel_k16_pooled,2400,0.638507962,0.489528060,0.812500000,0.518792689,0.787109375,0.454171151,-0.035356909,2048,2048,0
0,0,0,sentinel_k16_pooled,4200,0.623537064,0.413544059,0.822916687,0.499187291,0.793457031,0.404085249,-0.009458810,2048,2048,0
0,0,0,sentinel_k64_cyclic,0,1.096639037,1.095412970,0.364583343,1.099485993,0.345214844,1.092734933,-0.002678037,128,8192,0
0,0,0,sentinel_k64_cyclic,600,0.999167025,0.988137007,0.489583343,1.013791442,0.492187500,1.018660545,0.030523539,128,8192,21
0,0,0,sentinel_k64_cyclic,2400,0.851749361,0.819224358,0.635416687,0.854232907,0.598632812,0.803070784,-0.016153574,128,8192,23
0,0,0,sentinel_k64_cyclic,4200,0.639901817,0.732459784,0.666666687,0.748129547,0.662109375,0.746755898,0.014296114,128,8192,25
0,0,0,sentinel_fresh,0,1.096639037,1.095412970,0.364583343,1.099485993,0.345214844,1.092734933,-0.002678037,128,128,0
0,0,0,sentinel_fresh,600,1.006198049,1.019739032,0.458333343,1.023452044,0.486572266,1.027624607,0.007885575,128,19200,149
0,0,0,sentinel_fresh,2400,0.765900075,0.769262612,0.708333313,0.808589101,0.632812500,0.745675802,-0.023586810,128,76800,599
0,0,0,sentinel_fresh,4200,0.555827022,0.622900426,0.729166687,0.656840026,0.717041016,0.608861864,-0.014038563,128,134400,1049
1,0,1,sentinel_k1,0,1.085941672,1.086958051,0.406250000,1.110050917,0.337890625,1.104783654,0.017825603,128,128,0
1,0,1,sentinel_k1,600,1.021190524,0.935134351,0.468750000,0.972031653,0.511474609,0.741715550,-0.193418801,128,128,0
1,0,1,sentinel_k1,2400,1.606268287,1.397348046,0.697916687,1.586161613,0.604736328,0.099884853,-1.297463179,128,128,0
1,0,1,sentinel_k1,4200,2.377974272,2.303901434,0.656250000,2.438365936,0.604003906,0.024761446,-2.279139996,128,128,0
1,0,1,sentinel_k4_cyclic,0,1.085941672,1.086958051,0.406250000,1.110050917,0.337890625,1.104783654,0.017825603,128,512,0
1,0,1,sentinel_k4_cyclic,600,0.941476583,0.938229144,0.541666687,0.950080693,0.479003906,0.885289371,-0.052939773,128,512,1
1,0,1,sentinel_k4_cyclic,2400,0.892601907,0.882952988,0.593750000,0.919969797,0.554199219,0.924560010,0.041607022,128,512,3
1,0,1,sentinel_k4_cyclic,4200,0.749949634,0.762895823,0.604166687,0.842641294,0.593261719,0.723969281,-0.038926542,128,512,1
1,0,1,sentinel_k16_cyclic,0,1.085941672,1.086958051,0.406250000,1.110050917,0.337890625,1.104783654,0.017825603,128,2048,0
1,0,1,sentinel_k16_cyclic,600,0.939884007,0.955064476,0.562500000,0.947298586,0.517333984,0.942321241,-0.012743235,128,2048,5
1,0,1,sentinel_k16_cyclic,2400,0.858337164,0.905660570,0.541666687,0.910435379,0.539062500,0.838909805,-0.066750765,128,2048,7
1,0,1,sentinel_k16_cyclic,4200,0.780744731,0.825858772,0.593750000,0.826333106,0.603271484,0.884616971,0.058758199,128,2048,9
1,0,1,sentinel_k16_blocked,0,1.085941672,1.086958051,0.406250000,1.110050917,0.337890625,1.104783654,0.017825603,128,2048,0
1,0,1,sentinel_k16_blocked,600,0.891236365,0.931755304,0.500000000,0.908246815,0.506347656,0.744483650,-0.187271655,128,2048,2
1,0,1,sentinel_k16_blocked,2400,0.855102539,0.903367519,0.625000000,0.882152975,0.608642578,0.960351229,0.056983709,128,2048,9
1,0,1,sentinel_k16_blocked,4200,0.796692550,0.836697876,0.656250000,0.853863955,0.664550781,0.414728135,-0.421969742,128,2048,15
1,0,1,sentinel_k16_pooled,0,1.085941672,1.086958051,0.406250000,1.110050917,0.337890625,1.101175904,0.014217854,2048,2048,0
1,0,1,sentinel_k16_pooled,600,0.881062746,0.874531209,0.593750000,0.884643257,0.563232422,0.860556066,-0.013975143,2048,2048,0
1,0,1,sentinel_k16_pooled,2400,0.514646351,0.471458316,0.822916687,0.522350252,0.783691406,0.413557112,-0.057901204,2048,2048,0
1,0,1,sentinel_k16_pooled,4200,0.514537215,0.448905826,0.833333313,0.492831200,0.796875000,0.355487734,-0.093418092,2048,2048,0
1,0,1,sentinel_k64_cyclic,0,1.085941672,1.086958051,0.406250000,1.110050917,0.337890625,1.104783654,0.017825603,128,8192,0
1,0,1,sentinel_k64_cyclic,600,0.941631556,0.969193935,0.510416687,0.948950052,0.496582031,0.913653672,-0.055540264,128,8192,21
1,0,1,sentinel_k64_cyclic,2400,0.860176086,0.905443490,0.520833313,0.891881287,0.532714844,0.907276392,0.001832902,128,8192,23
1,0,1,sentinel_k64_cyclic,4200,0.715845108,0.774729729,0.708333313,0.817262888,0.594970703,0.876206219,0.101476490,128,8192,25
1,0,1,sentinel_fresh,0,1.085941672,1.086958051,0.406250000,1.110050917,0.337890625,1.104783654,0.017825603,128,128,0
1,0,1,sentinel_fresh,600,0.956098795,0.971697986,0.531250000,0.959494948,0.527832031,0.909078777,-0.062619209,128,19200,149
1,0,1,sentinel_fresh,2400,0.807241857,0.849251986,0.572916687,0.864112914,0.570068359,0.768835664,-0.080416322,128,76800,599
1,0,1,sentinel_fresh,4200,0.731032133,0.776136160,0.614583313,0.824560940,0.588867188,0.856039047,0.079902887,128,134400,1049
2,0,2,sentinel_k1,0,1.107666850,1.109278560,0.260416657,1.101292133,0.312255859,1.096662760,-0.012615800,128,128,0
2,0,2,sentinel_k1,600,1.032068610,0.945686042,0.510416687,1.074687600,0.479736328,0.739423394,-0.206262648,128,128,0
2,0,2,sentinel_k1,2400,1.654799104,1.802495122,0.625000000,1.911544919,0.614746094,0.083386518,-1.719108582,128,128,0
2,0,2,sentinel_k1,4200,2.857909203,3.293575048,0.593750000,3.391657114,0.619140625,0.012785662,-3.280789375,128,128,0
2,0,2,sentinel_k4_cyclic,0,1.107666850,1.109278560,0.260416657,1.101292133,0.312255859,1.096662760,-0.012615800,128,512,0
2,0,2,sentinel_k4_cyclic,600,0.976024449,1.001295090,0.552083313,1.005575895,0.507080078,1.011921406,0.010626316,128,512,1
2,0,2,sentinel_k4_cyclic,2400,0.761512041,0.879475832,0.583333313,0.891243458,0.579589844,0.745756030,-0.133719802,128,512,3
2,0,2,sentinel_k4_cyclic,4200,0.717502415,0.867710769,0.572916687,0.885258496,0.591308594,0.748645127,-0.119065642,128,512,1
2,0,2,sentinel_k16_cyclic,0,1.107666850,1.109278560,0.260416657,1.101292133,0.312255859,1.096662760,-0.012615800,128,2048,0
2,0,2,sentinel_k16_cyclic,600,0.959078252,1.003759861,0.541666687,1.004872918,0.488525391,0.963490367,-0.040269494,128,2048,5
2,0,2,sentinel_k16_cyclic,2400,0.729357719,0.802422822,0.625000000,0.789642870,0.627929688,0.724497020,-0.077925801,128,2048,7
2,0,2,sentinel_k16_cyclic,4200,0.611394227,0.630627692,0.760416687,0.668056726,0.705566406,0.594509542,-0.036118150,128,2048,9
2,0,2,sentinel_k16_blocked,0,1.107666850,1.109278560,0.260416657,1.101292133,0.312255859,1.096662760,-0.012615800,128,2048,0
2,0,2,sentinel_k16_blocked,600,0.941515207,0.994866788,0.447916657,0.989787757,0.506591797,0.940958261,-0.053908527,128,2048,2
2,0,2,sentinel_k16_blocked,2400,0.669151604,0.778973579,0.708333313,0.791029930,0.675292969,0.600778878,-0.178194702,128,2048,9
2,0,2,sentinel_k16_blocked,4200,0.767810106,0.692987978,0.750000000,0.878621042,0.684082031,0.240462124,-0.452525854,128,2048,15
2,0,2,sentinel_k16_pooled,0,1.107666850,1.109278560,0.260416657,1.101292133,0.312255859,1.101808071,-0.007470489,2048,2048,0
2,0,2,sentinel_k16_pooled,600,0.846605003,0.843882799,0.583333313,0.857485116,0.573486328,0.837215483,-0.006667316,2048,2048,0
2,0,2,sentinel_k16_pooled,2400,0.577627778,0.528622985,0.770833313,0.570964396,0.765869141,0.504131377,-0.024491608,2048,2048,0
2,0,2,sentinel_k16_pooled,4200,0.423496932,0.484846950,0.812500000,0.480473876,0.805664062,0.395518959,-0.089327991,2048,2048,0
2,0,2,sentinel_k64_cyclic,0,1.107666850,1.109278560,0.260416657,1.101292133,0.312255859,1.096662760,-0.012615800,128,8192,0
2,0,2,sentinel_k64_cyclic,600,0.953490973,0.993008077,0.468750000,0.989489615,0.480712891,0.977196991,-0.015811086,128,8192,21
2,0,2,sentinel_k64_cyclic,2400,0.810849249,0.856039703,0.625000000,0.857276261,0.579589844,0.859539568,0.003499866,128,8192,23
2,0,2,sentinel_k64_cyclic,4200,0.747749388,0.726834714,0.677083313,0.783290625,0.610839844,0.771611214,0.044776499,128,8192,25
2,0,2,sentinel_fresh,0,1.107666850,1.109278560,0.260416657,1.101292133,0.312255859,1.096662760,-0.012615800,128,128,0
2,0,2,sentinel_fresh,600,0.958988607,1.009245753,0.468750000,0.988793314,0.495361328,0.985131562,-0.024114192,128,19200,149
2,0,2,sentinel_fresh,2400,0.806896508,0.875053585,0.656250000,0.867088735,0.570800781,0.813039601,-0.062013984,128,76800,599
2,0,2,sentinel_fresh,4200,0.570460439,0.688649476,0.697916687,0.718910754,0.680908203,0.743023813,0.054374337,128,134400,1049
3,0,3,sentinel_k1,0,1.096407533,1.097998500,0.406250000,1.101918578,0.338134766,1.098499060,0.000500560,128,128,0
3,0,3,sentinel_k1,600,1.054040194,0.966794491,0.541666687,1.027215242,0.488037109,0.841472507,-0.125321984,128,128,0
3,0,3,sentinel_k1,2400,1.580080986,1.155181766,0.687500000,1.446937084,0.647949219,0.094920084,-1.060261726,128,128,0
3,0,3,sentinel_k1,4200,3.035971642,2.623720884,0.645833313,3.169004679,0.648193359,0.004899310,-2.618821621,128,128,0
3,0,3,sentinel_k4_cyclic,0,1.096407533,1.097998500,0.406250000,1.101918578,0.338134766,1.098499060,0.000500560,128,512,0
3,0,3,sentinel_k4_cyclic,600,1.055441976,1.022260547,0.427083343,1.057447553,0.408203125,1.072992086,0.050731540,128,512,1
3,0,3,sentinel_k4_cyclic,2400,0.939258754,0.925351918,0.583333313,0.960934997,0.519042969,0.866461456,-0.058890462,128,512,3
3,0,3,sentinel_k4_cyclic,4200,0.817925513,0.790331066,0.656250000,0.881112754,0.598144531,0.794558465,0.004227400,128,512,1
3,0,3,sentinel_k16_cyclic,0,1.096407533,1.097998500,0.406250000,1.101918578,0.338134766,1.098499060,0.000500560,128,2048,0
3,0,3,sentinel_k16_cyclic,600,1.044832468,1.050733209,0.427083343,1.029448032,0.449462891,1.025129199,-0.025604010,128,2048,5
3,0,3,sentinel_k16_cyclic,2400,0.802102804,0.852975190,0.614583313,0.856076300,0.568847656,0.877741694,0.024766505,128,2048,7
3,0,3,sentinel_k16_cyclic,4200,0.713678539,0.789700925,0.645833313,0.777065158,0.635986328,0.758109748,-0.031591177,128,2048,9
3,0,3,sentinel_k16_blocked,0,1.096407533,1.097998500,0.406250000,1.101918578,0.338134766,1.098499060,0.000500560,128,2048,0
3,0,3,sentinel_k16_blocked,600,1.007783532,1.026765704,0.468750000,0.966602981,0.516113281,0.898084939,-0.128680766,128,2048,2
3,0,3,sentinel_k16_blocked,2400,0.699681580,0.773930609,0.614583313,0.878927469,0.612548828,0.830747426,0.056816816,128,2048,9
3,0,3,sentinel_k16_blocked,4200,0.657592714,0.805143833,0.697916687,0.844930589,0.683837891,0.297730446,-0.507413387,128,2048,15
3,0,3,sentinel_k16_pooled,0,1.096407533,1.097998500,0.406250000,1.101918578,0.338134766,1.101107478,0.003108978,2048,2048,0
3,0,3,sentinel_k16_pooled,600,0.870838583,0.898213148,0.531250000,0.875744104,0.550781250,0.865478933,-0.032734215,2048,2048,0
3,0,3,sentinel_k16_pooled,2400,0.547932863,0.500256360,0.750000000,0.554827690,0.760742188,0.511866987,0.011610627,2048,2048,0
3,0,3,sentinel_k16_pooled,4200,0.563696086,0.459845930,0.770833313,0.538313150,0.776855469,0.476341814,0.016495883,2048,2048,0
3,0,3,sentinel_k64_cyclic,0,1.096407533,1.097998500,0.406250000,1.101918578,0.338134766,1.098499060,0.000500560,128,8192,0
3,0,3,sentinel_k64_cyclic,600,1.020821929,1.039761901,0.437500000,1.012068748,0.489501953,1.005619168,-0.034142733,128,8192,21
3,0,3,sentinel_k64_cyclic,2400,0.798971415,0.882348776,0.604166687,0.869287312,0.562255859,0.863058209,-0.019290566,128,8192,23
3,0,3,sentinel_k64_cyclic,4200,0.727456987,0.828217208,0.666666687,0.802390575,0.623779297,0.776239276,-0.051977932,128,8192,25
3,0,3,sentinel_fresh,0,1.096407533,1.097998500,0.406250000,1.101918578,0.338134766,1.098499060,0.000500560,128,128,0
3,0,3,sentinel_fresh,600,1.000468373,1.044870973,0.447916657,1.007543564,0.458740234,0.970821857,-0.074049115,128,19200,149
3,0,3,sentinel_fresh,2400,0.804942608,0.827952087,0.593750000,0.840115964,0.580322266,0.821494102,-0.006457984,128,76800,599
3,0,3,sentinel_fresh,4200,0.747862875,0.786329508,0.625000000,0.797888875,0.598388672,0.808719158,0.022389650,128,134400,1049
4,0,4,sentinel_k1,0,1.094079852,1.091580510,0.270833343,1.100213528,0.332275391,1.098978877,0.007398367,128,128,0
4,0,4,sentinel_k1,600,1.090026498,1.009400129,0.468750000,1.074053407,0.469970703,0.804476202,-0.204923928,128,128,0
4,0,4,sentinel_k1,2400,1.629916549,1.388709903,0.625000000,1.726036549,0.580566406,0.198722154,-1.189987779,128,128,0
4,0,4,sentinel_k1,4200,2.995002747,2.133364439,0.677083313,2.884551048,0.574707031,0.041360434,-2.092004061,128,128,0
4,0,4,sentinel_k4_cyclic,0,1.094079852,1.091580510,0.270833343,1.100213528,0.332275391,1.098978877,0.007398367,128,512,0
4,0,4,sentinel_k4_cyclic,600,1.015190482,1.018338561,0.510416687,1.005582809,0.515136719,0.947427630,-0.070910931,128,512,1
4,0,4,sentinel_k4_cyclic,2400,0.801569223,0.804613829,0.614583313,0.890441418,0.587890625,0.698684216,-0.105929613,128,512,3
4,0,4,sentinel_k4_cyclic,4200,0.636355639,0.682324231,0.708333313,0.823155105,0.642089844,0.629862964,-0.052461267,128,512,1
4,0,4,sentinel_k16_cyclic,0,1.094079852,1.091580510,0.270833343,1.100213528,0.332275391,1.098978877,0.007398367,128,2048,0
4,0,4,sentinel_k16_cyclic,600,1.000983596,1.006991744,0.364583343,0.997789741,0.480224609,0.990347326,-0.016644418,128,2048,5
4,0,4,sentinel_k16_cyclic,2400,0.806903660,0.848030627,0.552083313,0.852517903,0.568115234,0.798673332,-0.049357295,128,2048,7
4,0,4,sentinel_k16_cyclic,4200,0.704567850,0.794047415,0.604166687,0.826535881,0.594482422,0.843438923,0.049391508,128,2048,9
4,0,4,sentinel_k16_blocked,0,1.094079852,1.091580510,0.270833343,1.100213528,0.332275391,1.098978877,0.007398367,128,2048,0
4,0,4,sentinel_k16_blocked,600,1.005951643,1.017727733,0.468750000,0.991878927,0.476074219,0.907938898,-0.109788835,128,2048,2
4,0,4,sentinel_k16_blocked,2400,0.852874994,0.739654779,0.645833313,0.873573542,0.602294922,0.915045500,0.175390720,128,2048,9
4,0,4,sentinel_k16_blocked,4200,0.761760294,0.766260326,0.656250000,1.055660129,0.619628906,0.383133441,-0.383126885,128,2048,15
4,0,4,sentinel_k16_pooled,0,1.094079852,1.091580510,0.270833343,1.100213528,0.332275391,1.101402760,0.009822249,2048,2048,0
4,0,4,sentinel_k16_pooled,600,0.868665457,0.876505613,0.468750000,0.863221884,0.549072266,0.845430076,-0.031075537,2048,2048,0
4,0,4,sentinel_k16_pooled,2400,0.505882621,0.478110075,0.822916687,0.540288448,0.774414062,0.473414630,-0.004695445,2048,2048,0
4,0,4,sentinel_k16_pooled,4200,0.428779006,0.391785771,0.833333313,0.470881045,0.802001953,0.367261797,-0.024523973,2048,2048,0
4,0,4,sentinel_k64_cyclic,0,1.094079852,1.091580510,0.270833343,1.100213528,0.332275391,1.098978877,0.007398367,128,8192,0
4,0,4,sentinel_k64_cyclic,600,1.018615484,1.011688352,0.427083343,1.005865932,0.487792969,1.037353992,0.025665641,128,8192,21
4,0,4,sentinel_k64_cyclic,2400,0.779067695,0.799041331,0.593750000,0.815920115,0.581542969,0.789334536,-0.009706795,128,8192,23
4,0,4,sentinel_k64_cyclic,4200,0.661825240,0.736331046,0.593750000,0.776933610,0.609619141,0.730157256,-0.006173790,128,8192,25
4,0,4,sentinel_fresh,0,1.094079852,1.091580510,0.270833343,1.100213528,0.332275391,1.098978877,0.007398367,128,128,0
4,0,4,sentinel_fresh,600,1.021165729,1.010568500,0.489583343,1.001977563,0.491699219,0.991611421,-0.018957078,128,19200,149
4,0,4,sentinel_fresh,2400,0.787049830,0.806764424,0.625000000,0.823253036,0.562255859,0.895330369,0.088565946,128,76800,599
4,0,4,sentinel_fresh,4200,0.649122536,0.775134027,0.635416687,0.762447834,0.633056641,0.762738466,-0.012395561,128,134400,1049
5,1,0,sentinel_k1,0,1.088775396,1.097302198,0.385416657,1.098338366,0.355224609,1.104568362,0.007266164,128,128,0
5,1,0,sentinel_k1,600,0.916073501,1.198051453,0.447916657,1.149957895,0.475097656,0.774369538,-0.423681915,128,128,0
5,1,0,sentinel_k1,2400,1.658583045,1.863964677,0.593750000,1.872291088,0.578369141,0.123984277,-1.739980459,128,128,0
5,1,0,sentinel_k1,4200,3.218598127,3.172153473,0.645833313,3.156284571,0.614013672,0.008930854,-3.163222551,128,128,0
5,1,0,sentinel_k4_cyclic,0,1.088775396,1.097302198,0.385416657,1.098338366,0.355224609,1.104568362,0.007266164,128,512,0
5,1,0,sentinel_k4_cyclic,600,0.994271576,1.033411145,0.468750000,1.051023841,0.435058594,1.021218181,-0.012192965,128,512,1
5,1,0,sentinel_k4_cyclic,2400,0.747582018,0.982921898,0.541666687,0.931259513,0.568603516,0.832626045,-0.150295854,128,512,3
5,1,0,sentinel_k4_cyclic,4200,0.556452692,0.894184291,0.625000000,0.809153914,0.663085938,0.603694260,-0.290490031,128,512,1
5,1,0,sentinel_k16_cyclic,0,1.088775396,1.097302198,0.385416657,1.098338366,0.355224609,1.104568362,0.007266164,128,2048,0
5,1,0,sentinel_k16_cyclic,600,0.978635788,1.024410367,0.468750000,1.027299285,0.468994141,0.936191738,-0.088218629,128,2048,5
5,1,0,sentinel_k16_cyclic,2400,0.653972983,0.882632911,0.625000000,0.814302802,0.656494141,0.822550058,-0.060082853,128,2048,7
5,1,0,sentinel_k16_cyclic,4200,0.566818714,0.837985933,0.593750000,0.755559087,0.685546875,0.735836506,-0.102149427,128,2048,9
5,1,0,sentinel_k16_blocked,0,1.088775396,1.097302198,0.385416657,1.098338366,0.355224609,1.104568362,0.007266164,128,2048,0
5,1,0,sentinel_k16_blocked,600,0.902510881,1.048269391,0.437500000,1.026485443,0.483642578,0.938920319,-0.109349072,128,2048,2
5,1,0,sentinel_k16_blocked,2400,0.657921016,0.989806831,0.572916687,0.817463875,0.666503906,0.726700366,-0.263106465,128,2048,9
5,1,0,sentinel_k16_blocked,4200,0.562388361,0.982593775,0.614583313,0.708920240,0.714599609,0.435488790,-0.547104955,128,2048,15
5,1,0,sentinel_k16_pooled,0,1.088775396,1.097302198,0.385416657,1.098338366,0.355224609,1.098242044,0.000939846,2048,2048,0
5,1,0,sentinel_k16_pooled,600,0.865266740,0.906406581,0.520833313,0.902164102,0.546386719,0.877108932,-0.029297650,2048,2048,0
5,1,0,sentinel_k16_pooled,2400,0.504392564,0.532284915,0.781250000,0.557968616,0.766601562,0.468544751,-0.063740164,2048,2048,0
5,1,0,sentinel_k16_pooled,4200,0.421558142,0.453381777,0.802083313,0.481674939,0.803466797,0.381041765,-0.072340012,2048,2048,0
5,1,0,sentinel_k64_cyclic,0,1.088775396,1.097302198,0.385416657,1.098338366,0.355224609,1.104568362,0.007266164,128,8192,0
5,1,0,sentinel_k64_cyclic,600,0.954281867,1.021541476,0.468750000,1.021316409,0.461425781,0.978834271,-0.042707205,128,8192,21
5,1,0,sentinel_k64_cyclic,2400,0.689157963,0.881509542,0.552083313,0.805937350,0.636474609,0.770507157,-0.111002386,128,8192,23
5,1,0,sentinel_k64_cyclic,4200,0.500487506,0.848651469,0.645833313,0.695904732,0.701904297,0.697419167,-0.151232302,128,8192,25
5,1,0,sentinel_fresh,0,1.088775396,1.097302198,0.385416657,1.098338366,0.355224609,1.104568362,0.007266164,128,128,0
5,1,0,sentinel_fresh,600,0.955002308,1.023150325,0.447916657,1.022979736,0.470214844,1.026048660,0.002898335,128,19200,149
5,1,0,sentinel_fresh,2400,0.776802123,0.931530476,0.531250000,0.885943711,0.592773438,0.861931145,-0.069599330,128,76800,599
5,1,0,sentinel_fresh,4200,0.649136662,0.915235758,0.604166687,0.788306653,0.646240234,0.796890676,-0.118345082,128,134400,1049
6,1,1,sentinel_k1,0,1.099622607,1.122729659,0.291666657,1.105541348,0.346923828,1.129945755,0.007216096,128,128,0
6,1,1,sentinel_k1,600,0.913158178,0.980189621,0.552083313,1.031669497,0.478515625,0.827692330,-0.152497292,128,128,0
6,1,1,sentinel_k1,2400,0.922962487,1.195590973,0.687500000,1.268158436,0.590332031,0.228189185,-0.967401803,128,128,0
6,1,1,sentinel_k1,4200,1.290647507,2.118096113,0.635416687,2.052936554,0.571777344,0.075453848,-2.042642355,128,128,0
6,1,1,sentinel_k4_cyclic,0,1.099622607,1.122729659,0.291666657,1.105541348,0.346923828,1.129945755,0.007216096,128,512,0
6,1,1,sentinel_k4_cyclic,600,0.886026859,0.955530167,0.541666687,0.996096671,0.488769531,0.940628946,-0.014901221,128,512,1
6,1,1,sentinel_k4_cyclic,2400,0.681471527,0.823356152,0.656250000,0.856457651,0.631103516,0.698092222,-0.125263929,128,512,3
6,1,1,sentinel_k4_cyclic,4200,0.536299825,0.780601680,0.666666687,0.747939527,0.681152344,0.582471848,-0.198129833,128,512,1
6,1,1,sentinel_k16_cyclic,0,1.099622607,1.122729659,0.291666657,1.105541348,0.346923828,1.129945755,0.007216096,128,2048,0
6,1,1,sentinel_k16_cyclic,600,0.895525515,0.908070147,0.572916687,0.959885836,0.489746094,0.951693177,0.043623030,128,2048,5
6,1,1,sentinel_k16_cyclic,2400,0.734004438,0.874455750,0.593750000,0.868575215,0.580810547,0.790073335,-0.084382415,128,2048,7
6,1,1,sentinel_k16_cyclic,4200,0.596184194,0.762714684,0.677083313,0.795554876,0.655761719,0.811876297,0.049161613,128,2048,9
6,1,1,sentinel_k16_blocked,0,1.099622607,1.122729659,0.291666657,1.105541348,0.346923828,1.129945755,0.007216096,128,2048,0
6,1,1,sentinel_k16_blocked,600,0.853736341,0.938597381,0.479166657,0.993961036,0.489501953,0.851086795,-0.087510586,128,2048,2
6,1,1,sentinel_k16_blocked,2400,0.613088548,0.958841145,0.583333313,0.774032354,0.690917969,0.815777063,-0.143064082,128,2048,9
6,1,1,sentinel_k16_blocked,4200,0.843525887,0.838528156,0.666666687,0.871653318,0.694824219,0.281814724,-0.556713462,128,2048,15
6,1,1,sentinel_k16_pooled,0,1.099622607,1.122729659,0.291666657,1.105541348,0.346923828,1.107936621,-0.014793038,2048,2048,0
6,1,1,sentinel_k16_pooled,600,0.856962204,0.844488204,0.666666687,0.874069273,0.557373047,0.849818468,0.005330265,2048,2048,0
6,1,1,sentinel_k16_pooled,2400,0.514969647,0.559669554,0.770833313,0.584743738,0.754394531,0.490317643,-0.069351912,2048,2048,0
6,1,1,sentinel_k16_pooled,4200,0.484822005,0.578883052,0.781250000,0.588534832,0.752929688,0.458409041,-0.120474011,2048,2048,0
6,1,1,sentinel_k64_cyclic,0,1.099622607,1.122729659,0.291666657,1.105541348,0.346923828,1.129945755,0.007216096,128,8192,0
6,1,1,sentinel_k64_cyclic,600,0.882258236,0.913600624,0.572916687,0.954651058,0.496337891,0.931053877,0.017453253,128,8192,21
6,1,1,sentinel_k64_cyclic,2400,0.741391003,0.870237112,0.572916687,0.869933844,0.598876953,0.862069845,-0.008167267,128,8192,23
6,1,1,sentinel_k64_cyclic,4200,0.603433073,0.751278639,0.708333313,0.733036876,0.687988281,0.684667766,-0.066610873,128,8192,25
6,1,1,sentinel_fresh,0,1.099622607,1.122729659,0.291666657,1.105541348,0.346923828,1.129945755,0.007216096,128,128,0
6,1,1,sentinel_fresh,600,0.882020772,0.920659304,0.583333313,0.953677416,0.494628906,0.946110368,0.025451064,128,19200,149
6,1,1,sentinel_fresh,2400,0.780079424,0.849360287,0.593750000,0.877668858,0.556884766,0.863403976,0.014043689,128,76800,599
6,1,1,sentinel_fresh,4200,0.685877740,0.816203415,0.614583313,0.806820750,0.629638672,0.768022835,-0.048180580,128,134400,1049
7,1,2,sentinel_k1,0,1.116266608,1.092706084,0.322916657,1.104484439,0.292236328,1.097983241,0.005277157,128,128,0
7,1,2,sentinel_k1,600,0.918609440,0.852455854,0.635416687,0.947061062,0.520263672,0.750151217,-0.102304637,128,128,0
7,1,2,sentinel_k1,2400,1.880646706,1.837038994,0.593750000,1.922894001,0.595947266,0.153470770,-1.683568239,128,128,0
7,1,2,sentinel_k1,4200,3.638106108,3.148994207,0.562500000,3.455195427,0.592041016,0.025995867,-3.122998238,128,128,0
7,1,2,sentinel_k4_cyclic,0,1.116266608,1.092706084,0.322916657,1.104484439,0.292236328,1.097983241,0.005277157,128,512,0
7,1,2,sentinel_k4_cyclic,600,0.971353471,0.946742773,0.552083313,1.000655174,0.477539062,0.971060336,0.024317563,128,512,1
7,1,2,sentinel_k4_cyclic,2400,0.790548563,0.831854880,0.614583313,0.901026011,0.593017578,0.779000938,-0.052853942,128,512,3
7,1,2,sentinel_k4_cyclic,4200,0.660943449,0.767694652,0.687500000,0.779416621,0.663330078,0.748304486,-0.019390166,128,512,1
7,1,2,sentinel_k16_cyclic,0,1.116266608,1.092706084,0.322916657,1.104484439,0.292236328,1.097983241,0.005277157,128,2048,0
7,1,2,sentinel_k16_cyclic,600,0.944962263,0.917865455,0.583333313,0.999606311,0.489013672,0.942406356,0.024540901,128,2048,5
7,1,2,sentinel_k16_cyclic,2400,0.715669930,0.834033728,0.541666687,0.875851929,0.555908203,0.727025032,-0.107008696,128,2048,7
7,1,2,sentinel_k16_cyclic,4200,0.656061769,0.778787613,0.572916687,0.796839118,0.607421875,0.807578683,0.028791070,128,2048,9
7,1,2,sentinel_k16_blocked,0,1.116266608,1.092706084,0.322916657,1.104484439,0.292236328,1.097983241,0.005277157,128,2048,0
7,1,2,sentinel_k16_blocked,600,0.962141514,0.911995590,0.562500000,0.959691703,0.522705078,0.875176370,-0.036819220,128,2048,2
7,1,2,sentinel_k16_blocked,2400,0.654803872,0.822890460,0.666666687,0.785229862,0.686767578,0.717651129,-0.105239332,128,2048,9
7,1,2,sentinel_k16_blocked,4200,0.659712732,1.001300097,0.656250000,0.910260797,0.680175781,0.265116513,-0.736183584,128,2048,15
7,1,2,sentinel_k16_pooled,0,1.116266608,1.092706084,0.322916657,1.104484439,0.292236328,1.102135181,0.009429097,2048,2048,0
7,1,2,sentinel_k16_pooled,600,0.840735734,0.818628609,0.625000000,0.879807234,0.547607422,0.851926863,0.033298254,2048,2048,0
7,1,2,sentinel_k16_pooled,2400,0.403105825,0.530860364,0.770833313,0.453701645,0.819824219,0.376056969,-0.154803395,2048,2048,0
7,1,2,sentinel_k16_pooled,4200,0.411484689,0.481766582,0.812500000,0.472449243,0.818847656,0.337358087,-0.144408494,2048,2048,0
7,1,2,sentinel_k64_cyclic,0,1.116266608,1.092706084,0.322916657,1.104484439,0.292236328,1.097983241,0.005277157,128,8192,0
7,1,2,sentinel_k64_cyclic,600,0.945236981,0.919719279,0.552083313,0.986814857,0.511474609,0.976640522,0.056921244,128,8192,21
7,1,2,sentinel_k64_cyclic,2400,0.631918848,0.770178378,0.656250000,0.786814630,0.657714844,0.865305245,0.095126867,128,8192,23
7,1,2,sentinel_k64_cyclic,4200,0.505749345,0.752526224,0.729166687,0.699355066,0.707763672,0.671991706,-0.080534518,128,8192,25
7,1,2,sentinel_fresh,0,1.116266608,1.092706084,0.322916657,1.104484439,0.292236328,1.097983241,0.005277157,128,128,0
7,1,2,sentinel_fresh,600,0.959481955,0.937043726,0.614583313,0.994927347,0.513427734,1.018156409,0.081112683,128,19200,149
7,1,2,sentinel_fresh,2400,0.613355756,0.738549054,0.677083313,0.739026546,0.688720703,0.702413201,-0.036135852,128,76800,599
7,1,2,sentinel_fresh,4200,0.527841628,0.690124512,0.718750000,0.670857310,0.723632812,0.554882467,-0.135242045,128,134400,1049
8,1,3,sentinel_k1,0,1.105058074,1.104806781,0.291666657,1.101390719,0.347900391,1.103217840,-0.001588941,128,128,0
8,1,3,sentinel_k1,600,0.874419212,1.014358163,0.541666687,0.973932147,0.520751953,0.761913657,-0.252444506,128,128,0
8,1,3,sentinel_k1,2400,0.993915379,1.436373830,0.479166657,1.422576189,0.557128906,0.248971060,-1.187402725,128,128,0
8,1,3,sentinel_k1,4200,1.714013100,2.007503748,0.572916687,2.245833874,0.575927734,0.080838643,-1.926665068,128,128,0
8,1,3,sentinel_k4_cyclic,0,1.105058074,1.104806781,0.291666657,1.101390719,0.347900391,1.103217840,-0.001588941,128,512,0
8,1,3,sentinel_k4_cyclic,600,0.933228970,1.089376926,0.416666657,1.037410975,0.446289062,1.008846045,-0.080530882,128,512,1
8,1,3,sentinel_k4_cyclic,2400,0.809985936,1.015548110,0.447916657,0.933729589,0.524902344,0.916631758,-0.098916352,128,512,3
8,1,3,sentinel_k4_cyclic,4200,0.655856550,0.932613552,0.510416687,0.863796413,0.600830078,0.769394994,-0.163218558,128,512,1
8,1,3,sentinel_k16_cyclic,0,1.105058074,1.104806781,0.291666657,1.101390719,0.347900391,1.103217840,-0.001588941,128,2048,0
8,1,3,sentinel_k16_cyclic,600,0.925347149,1.043541670,0.500000000,1.022812843,0.468261719,1.033354759,-0.010186911,128,2048,5
8,1,3,sentinel_k16_cyclic,2400,0.771392286,0.944206297,0.500000000,0.924718738,0.559570312,0.833311737,-0.110894561,128,2048,7
8,1,3,sentinel_k16_cyclic,4200,0.618283689,0.919102192,0.562500000,0.852016985,0.600585938,0.759589076,-0.159513116,128,2048,9
8,1,3,sentinel_k16_blocked,0,1.105058074,1.104806781,0.291666657,1.101390719,0.347900391,1.103217840,-0.001588941,128,2048,0
8,1,3,sentinel_k16_blocked,600,0.855157793,0.962108552,0.531250000,0.974297762,0.512451172,0.933217764,-0.028890789,128,2048,2
8,1,3,sentinel_k16_blocked,2400,0.856750250,1.174226522,0.520833313,1.010172129,0.550292969,0.867592454,-0.306634068,128,2048,9
8,1,3,sentinel_k16_blocked,4200,0.804485857,1.010154366,0.666666687,0.994154036,0.570068359,0.484098315,-0.526056051,128,2048,15
8,1,3,sentinel_k16_pooled,0,1.105058074,1.104806781,0.291666657,1.101390719,0.347900391,1.100155950,-0.004650831,2048,2048,0
8,1,3,sentinel_k16_pooled,600,0.845107853,0.870783985,0.552083313,0.884689033,0.527832031,0.874301612,0.003517628,2048,2048,0
8,1,3,sentinel_k16_pooled,2400,0.633477807,0.704483986,0.708333313,0.662071109,0.709472656,0.547714055,-0.156769931,2048,2048,0
8,1,3,sentinel_k16_pooled,4200,0.600939870,0.711663306,0.677083313,0.665450692,0.711425781,0.532458246,-0.179205060,2048,2048,0
8,1,3,sentinel_k64_cyclic,0,1.105058074,1.104806781,0.291666657,1.101390719,0.347900391,1.103217840,-0.001588941,128,8192,0
8,1,3,sentinel_k64_cyclic,600,0.968868494,1.027690053,0.468750000,1.031245232,0.458251953,1.061173558,0.033483505,128,8192,21
8,1,3,sentinel_k64_cyclic,2400,0.732773066,0.925297320,0.531250000,0.862008691,0.563476562,0.845393002,-0.079904318,128,8192,23
8,1,3,sentinel_k64_cyclic,4200,0.661023915,0.896763265,0.593750000,0.843266964,0.598632812,0.751422226,-0.145341039,128,8192,25
8,1,3,sentinel_fresh,0,1.105058074,1.104806781,0.291666657,1.101390719,0.347900391,1.103217840,-0.001588941,128,128,0
8,1,3,sentinel_fresh,600,0.939810574,1.029912353,0.489583343,1.030128479,0.442871094,1.014085293,-0.015827060,128,19200,149
8,1,3,sentinel_fresh,2400,0.808407307,0.970479965,0.500000000,0.922577441,0.548583984,0.895606816,-0.074873149,128,76800,599
8,1,3,sentinel_fresh,4200,0.736535728,0.905546427,0.583333313,0.861600101,0.575683594,0.839109898,-0.066436529,128,134400,1049
9,1,4,sentinel_k1,0,1.080872059,1.097512364,0.427083343,1.096557021,0.342285156,1.092584491,-0.004927874,128,128,0
9,1,4,sentinel_k1,600,1.069066763,1.020385623,0.479166657,1.060745597,0.441406250,0.774646521,-0.245739102,128,128,0
9,1,4,sentinel_k1,2400,1.705376625,1.731461167,0.552083313,1.753384352,0.563476562,0.210444704,-1.521016479,128,128,0
9,1,4,sentinel_k1,4200,2.319529772,2.695680857,0.531250000,2.574374437,0.586181641,0.037853885,-2.657826900,128,128,0
9,1,4,sentinel_k4_cyclic,0,1.080872059,1.097512364,0.427083343,1.096557021,0.342285156,1.092584491,-0.004927874,128,512,0
9,1,4,sentinel_k4_cyclic,600,0.961345375,0.956318319,0.520833313,0.997900903,0.486083984,0.978020847,0.021702528,128,512,1
9,1,4,sentinel_k4_cyclic,2400,0.835128009,0.813306510,0.552083313,0.864266276,0.567626953,0.662098706,-0.151207805,128,512,3
9,1,4,sentinel_k4_cyclic,4200,0.657055557,0.786718607,0.635416687,0.789505899,0.646484375,0.650529325,-0.136189282,128,512,1
9,1,4,sentinel_k16_cyclic,0,1.080872059,1.097512364,0.427083343,1.096557021,0.342285156,1.092584491,-0.004927874,128,2048,0
9,1,4,sentinel_k16_cyclic,600,0.947405875,0.923987687,0.593750000,0.982824385,0.486572266,0.948891103,0.024903417,128,2048,5
9,1,4,sentinel_k16_cyclic,2400,0.766668618,0.838340044,0.583333313,0.847358942,0.576416016,0.843381345,0.005041301,128,2048,7
9,1,4,sentinel_k16_cyclic,4200,0.642752886,0.793367147,0.645833313,0.758396149,0.645996094,0.732771218,-0.060595930,128,2048,9
9,1,4,sentinel_k16_blocked,0,1.080872059,1.097512364,0.427083343,1.096557021,0.342285156,1.092584491,-0.004927874,128,2048,0
9,1,4,sentinel_k16_blocked,600,1.053854465,0.967039645,0.572916687,0.976638496,0.480468750,0.895405114,-0.071634531,128,2048,2
9,1,4,sentinel_k16_blocked,2400,0.741009474,0.863987029,0.541666687,0.835927725,0.604736328,0.730339110,-0.133647919,128,2048,9
9,1,4,sentinel_k16_blocked,4200,0.723531663,0.992563784,0.572916687,0.910608530,0.624755859,0.427761823,-0.564801931,128,2048,15
9,1,4,sentinel_k16_pooled,0,1.080872059,1.097512364,0.427083343,1.096557021,0.342285156,1.099668384,0.002156019,2048,2048,0
9,1,4,sentinel_k16_pooled,600,0.950220406,0.815387726,0.625000000,0.893968105,0.555908203,0.859648824,0.044261098,2048,2048,0
9,1,4,sentinel_k16_pooled,2400,0.652299285,0.729792774,0.687500000,0.598872006,0.753417969,0.480972767,-0.248820007,2048,2048,0
9,1,4,sentinel_k16_pooled,4200,0.664693415,0.731908798,0.718750000,0.570830047,0.759521484,0.428475678,-0.303433120,2048,2048,0
9,1,4,sentinel_k64_cyclic,0,1.080872059,1.097512364,0.427083343,1.096557021,0.342285156,1.092584491,-0.004927874,128,8192,0
9,1,4,sentinel_k64_cyclic,600,0.987479627,0.961918056,0.447916657,1.009937525,0.449462891,1.031139135,0.069221079,128,8192,21
9,1,4,sentinel_k64_cyclic,2400,0.807367980,0.888120174,0.468750000,0.889200747,0.534179688,0.848829865,-0.039290309,128,8192,23
9,1,4,sentinel_k64_cyclic,4200,0.710730851,0.839306533,0.593750000,0.838856518,0.596923828,0.805175781,-0.034130752,128,8192,25
9,1,4,sentinel_fresh,0,1.080872059,1.097512364,0.427083343,1.096557021,0.342285156,1.092584491,-0.004927874,128,128,0
9,1,4,sentinel_fresh,600,0.970662415,0.950293243,0.552083313,1.010986447,0.461425781,1.039000511,0.088707268,128,19200,149
9,1,4,sentinel_fresh,2400,0.770233870,0.915858805,0.520833313,0.891083717,0.544433594,0.843876958,-0.071981847,128,76800,599
9,1,4,sentinel_fresh,4200,0.705970526,0.846608222,0.572916687,0.835725904,0.603759766,0.879103899,0.032495677,128,134400,1049
10,2,0,sentinel_k1,0,1.091280103,1.099565029,0.385416657,1.100494146,0.326904297,1.096013069,-0.003551960,128,128,0
10,2,0,sentinel_k1,600,0.954801321,1.128294587,0.427083343,1.064169288,0.471435547,0.842782974,-0.285511613,128,128,0
10,2,0,sentinel_k1,2400,1.492342114,1.728157163,0.500000000,1.736041307,0.513671875,0.338919401,-1.389237761,128,128,0
10,2,0,sentinel_k1,4200,1.919133067,2.505164385,0.468750000,2.280563831,0.509033203,0.145758539,-2.359405756,128,128,0
10,2,0,sentinel_k4_cyclic,0,1.091280103,1.099565029,0.385416657,1.100494146,0.326904297,1.096013069,-0.003551960,128,512,0
10,2,0,sentinel_k4_cyclic,600,0.928663552,1.058847070,0.447916657,1.023006916,0.486572266,1.001044154,-0.057802916,128,512,1
10,2,0,sentinel_k4_cyclic,2400,0.800678909,0.991028130,0.531250000,0.947087049,0.552246094,0.913073421,-0.077954710,128,512,3
10,2,0,sentinel_k4_cyclic,4200,0.736879349,0.931327641,0.562500000,0.886573911,0.591796875,0.784797132,-0.146530509,128,512,1
10,2,0,sentinel_k16_cyclic,0,1.091280103,1.099565029,0.385416657,1.100494146,0.326904297,1.096013069,-0.003551960,128,2048,0
10,2,0,sentinel_k16_cyclic,600,0.936407983,1.028084040,0.447916657,1.008356094,0.469726562,1.013524890,-0.014559150,128,2048,5
10,2,0,sentinel_k16_cyclic,2400,0.809802949,0.917597353,0.604166687,0.917749405,0.544189453,0.801520705,-0.116076648,128,2048,7
10,2,0,sentinel_k16_cyclic,4200,0.647491157,0.810344517,0.635416687,0.753952682,0.668212891,0.762480319,-0.047864199,128,2048,9
10,2,0,sentinel_k16_blocked,0,1.091280103,1.099565029,0.385416657,1.100494146,0.326904297,1.096013069,-0.003551960,128,2048,0
10,2,0,sentinel_k16_blocked,600,0.920620382,1.103760123,0.416666657,1.021244049,0.456542969,0.879737675,-0.224022448,128,2048,2
10,2,0,sentinel_k16_blocked,2400,0.786209643,0.886832714,0.614583313,0.842020988,0.600341797,0.740693212,-0.146139503,128,2048,9
10,2,0,sentinel_k16_blocked,4200,0.730279267,1.014141798,0.583333313,0.784129560,0.683105469,0.391334087,-0.622807741,128,2048,15
10,2,0,sentinel_k16_pooled,0,1.091280103,1.099565029,0.385416657,1.100494146,0.326904297,1.096777916,-0.002787113,2048,2048,0
10,2,0,sentinel_k16_pooled,600,0.839776993,0.950562298,0.489583343,0.887229443,0.549316406,0.891125739,-0.059436560,2048,2048,0
10,2,0,sentinel_k16_pooled,2400,0.511375606,0.544125140,0.781250000,0.591303229,0.748779297,0.524233401,-0.019891739,2048,2048,0
10,2,0,sentinel_k16_pooled,4200,0.407227188,0.465761572,0.802083313,0.486310512,0.798583984,0.406467944,-0.059293628,2048,2048,0
10,2,0,sentinel_k64_cyclic,0,1.091280103,1.099565029,0.385416657,1.100494146,0.326904297,1.096013069,-0.003551960,128,8192,0
10,2,0,sentinel_k64_cyclic,600,0.953774750,1.019910693,0.468750000,1.016122460,0.457519531,0.992942572,-0.026968122,128,8192,21
10,2,0,sentinel_k64_cyclic,2400,0.568658650,0.709529638,0.697916687,0.757835150,0.676025391,0.763550043,0.054020405,128,8192,23
10,2,0,sentinel_k64_cyclic,4200,0.469566673,0.604598999,0.781250000,0.621309161,0.747558594,0.598562896,-0.006036103,128,8192,25
10,2,0,sentinel_fresh,0,1.091280103,1.099565029,0.385416657,1.100494146,0.326904297,1.096013069,-0.003551960,128,128,0
10,2,0,sentinel_fresh,600,0.968031824,1.028870344,0.416666657,1.020870566,0.483886719,1.056669235,0.027798891,128,19200,149
10,2,0,sentinel_fresh,2400,0.637734711,0.753819644,0.697916687,0.800669670,0.660644531,0.782285333,0.028465688,128,76800,599
10,2,0,sentinel_fresh,4200,0.498004347,0.616195023,0.760416687,0.669150174,0.716064453,0.667433143,0.051238120,128,134400,1049
11,2,1,sentinel_k1,0,1.089484334,1.123060346,0.302083343,1.105313659,0.353027344,1.099968791,-0.023091555,128,128,0
11,2,1,sentinel_k1,600,0.931492507,1.008819699,0.489583343,1.048396826,0.469238281,0.746576548,-0.262243152,128,128,0
11,2,1,sentinel_k1,2400,1.585358262,1.669869304,0.593750000,1.750403285,0.588623047,0.096301302,-1.573567986,128,128,0
11,2,1,sentinel_k1,4200,3.064537287,3.778862715,0.562500000,3.562388659,0.604248047,0.003978908,-3.774883747,128,128,0
11,2,1,sentinel_k4_cyclic,0,1.089484334,1.123060346,0.302083343,1.105313659,0.353027344,1.099968791,-0.023091555,128,512,0
11,2,1,sentinel_k4_cyclic,600,0.956415415,1.020474076,0.427083343,1.028501391,0.448242188,0.935325861,-0.085148215,128,512,1
11,2,1,sentinel_k4_cyclic,2400,0.802277744,0.885616481,0.593750000,0.853651941,0.604003906,0.704513907,-0.181102574,128,512,3
11,2,1,sentinel_k4_cyclic,4200,0.736571252,0.811847210,0.645833313,0.811298549,0.641113281,0.666433930,-0.145413280,128,512,1
11,2,1,sentinel_k16_cyclic,0,1.089484334,1.123060346,0.302083343,1.105313659,0.353027344,1.099968791,-0.023091555,128,2048,0
11,2,1,sentinel_k16_cyclic,600,0.948504448,0.999668539,0.427083343,0.982040465,0.489257812,0.909424126,-0.090244412,128,2048,5
11,2,1,sentinel_k16_cyclic,2400,0.831228316,0.880309343,0.552083313,0.873552918,0.535156250,0.854306936,-0.026002407,128,2048,7
11,2,1,sentinel_k16_cyclic,4200,0.837402344,0.875199020,0.562500000,0.862072408,0.580566406,0.750389099,-0.124809921,128,2048,9
11,2,1,sentinel_k16_blocked,0,1.089484334,1.123060346,0.302083343,1.105313659,0.353027344,1.099968791,-0.023091555,128,2048,0
11,2,1,sentinel_k16_blocked,600,0.997872770,1.029141784,0.531250000,1.028291583,0.490234375,0.887191594,-0.141950190,128,2048,2
11,2,1,sentinel_k16_blocked,2400,0.937543809,0.971003830,0.583333313,0.892585039,0.602050781,0.803414941,-0.167588890,128,2048,9
11,2,1,sentinel_k16_blocked,4200,0.939174235,1.041357994,0.656250000,0.944458544,0.627197266,0.455946863,-0.585411131,128,2048,15
11,2,1,sentinel_k16_pooled,0,1.089484334,1.123060346,0.302083343,1.105313659,0.353027344,1.104235291,-0.018825054,2048,2048,0
11,2,1,sentinel_k16_pooled,600,0.899346888,0.907671452,0.614583313,0.880713284,0.563232422,0.859609902,-0.048061550,2048,2048,0
11,2,1,sentinel_k16_pooled,2400,0.450697511,0.545017898,0.802083313,0.504058719,0.789062500,0.445409507,-0.099608392,2048,2048,0
11,2,1,sentinel_k16_pooled,4200,0.458937019,0.442272991,0.812500000,0.484300137,0.801757812,0.394974113,-0.047298878,2048,2048,0
11,2,1,sentinel_k64_cyclic,0,1.089484334,1.123060346,0.302083343,1.105313659,0.353027344,1.099968791,-0.023091555,128,8192,0
11,2,1,sentinel_k64_cyclic,600,0.948193312,0.994195879,0.489583343,0.993717670,0.459228516,1.002932549,0.008736670,128,8192,21
11,2,1,sentinel_k64_cyclic,2400,0.829917848,0.918602407,0.614583313,0.873723567,0.550781250,0.819621980,-0.098980427,128,8192,23
11,2,1,sentinel_k64_cyclic,4200,0.687223196,0.812907755,0.645833313,0.776056409,0.656250000,0.801103115,-0.011804640,128,8192,25
11,2,1,sentinel_fresh,0,1.089484334,1.123060346,0.302083343,1.105313659,0.353027344,1.099968791,-0.023091555,128,128,0
11,2,1,sentinel_fresh,600,0.953227997,1.011671782,0.531250000,0.973000109,0.494873047,1.021419764,0.009747982,128,19200,149
11,2,1,sentinel_fresh,2400,0.775858462,0.881110847,0.635416687,0.845814705,0.601806641,0.787758589,-0.093352258,128,76800,599
11,2,1,sentinel_fresh,4200,0.649293959,0.769442081,0.593750000,0.744550526,0.660156250,0.749539614,-0.019902468,128,134400,1049
12,2,2,sentinel_k1,0,1.108245969,1.096517324,0.312500000,1.103633285,0.306884766,1.115623713,0.019106388,128,128,0
12,2,2,sentinel_k1,600,0.820309937,1.004244447,0.552083313,0.966763854,0.558593750,0.674095809,-0.330148637,128,128,0
12,2,2,sentinel_k1,2400,1.714887500,2.475504160,0.666666687,2.358316422,0.643798828,0.010934894,-2.464569330,128,128,0
12,2,2,sentinel_k1,4200,3.427263260,4.835417271,0.635416687,4.634873390,0.633789062,0.000041606,-4.835375786,128,128,0
12,2,2,sentinel_k4_cyclic,0,1.108245969,1.096517324,0.312500000,1.103633285,0.306884766,1.115623713,0.019106388,128,512,0
12,2,2,sentinel_k4_cyclic,600,0.970151424,1.041933060,0.458333343,1.022393346,0.444824219,0.994849384,-0.047083676,128,512,1
12,2,2,sentinel_k4_cyclic,2400,0.717777491,0.879348457,0.635416687,0.874933839,0.604492188,0.700016320,-0.179332137,128,512,3
12,2,2,sentinel_k4_cyclic,4200,0.581652462,0.787680387,0.718750000,0.751221418,0.687744141,0.658422828,-0.129257560,128,512,1
12,2,2,sentinel_k16_cyclic,0,1.108245969,1.096517324,0.312500000,1.103633285,0.306884766,1.115623713,0.019106388,128,2048,0
12,2,2,sentinel_k16_cyclic,600,0.942562878,1.015439034,0.500000000,0.995949268,0.500976562,1.010040522,-0.005398512,128,2048,5
12,2,2,sentinel_k16_cyclic,2400,0.848563015,0.828597367,0.562500000,0.912682593,0.579589844,0.826628268,-0.001969099,128,2048,7
12,2,2,sentinel_k16_cyclic,4200,0.677000701,0.738695204,0.697916687,0.748661995,0.677978516,0.701620102,-0.037075102,128,2048,9
12,2,2,sentinel_k16_blocked,0,1.108245969,1.096517324,0.312500000,1.103633285,0.306884766,1.115623713,0.019106388,128,2048,0
12,2,2,sentinel_k16_blocked,600,0.898650646,1.031511903,0.468750000,0.987960219,0.486328125,0.919153750,-0.112358153,128,2048,2
12,2,2,sentinel_k16_blocked,2400,0.635400176,0.760590315,0.687500000,0.654556274,0.726562500,0.522767723,-0.237822592,128,2048,9
12,2,2,sentinel_k16_blocked,4200,0.636057675,0.829495251,0.760416687,0.687879384,0.736816406,0.232277304,-0.597217917,128,2048,15
12,2,2,sentinel_k16_pooled,0,1.108245969,1.096517324,0.312500000,1.103633285,0.306884766,1.104481220,0.007963896,2048,2048,0
12,2,2,sentinel_k16_pooled,600,0.816749394,0.845224082,0.604166687,0.844374776,0.607910156,0.808777988,-0.036446095,2048,2048,0
12,2,2,sentinel_k16_pooled,2400,0.464094251,0.705933154,0.739583313,0.545395613,0.771484375,0.464887798,-0.241045356,2048,2048,0
12,2,2,sentinel_k16_pooled,4200,0.497892708,0.687011063,0.729166687,0.559649706,0.769287109,0.444324046,-0.242687017,2048,2048,0
12,2,2,sentinel_k64_cyclic,0,1.108245969,1.096517324,0.312500000,1.103633285,0.306884766,1.115623713,0.019106388,128,8192,0
12,2,2,sentinel_k64_cyclic,600,0.942941666,1.037658572,0.447916657,1.009361029,0.478759766,1.104693413,0.067034841,128,8192,21
12,2,2,sentinel_k64_cyclic,2400,0.664578497,0.782110691,0.666666687,0.793387830,0.652587891,0.814906538,0.032795846,128,8192,23
12,2,2,sentinel_k64_cyclic,4200,0.435689926,0.673915684,0.750000000,0.617934406,0.746826172,0.622859299,-0.051056385,128,8192,25
12,2,2,sentinel_fresh,0,1.108245969,1.096517324,0.312500000,1.103633285,0.306884766,1.115623713,0.019106388,128,128,0
12,2,2,sentinel_fresh,600,0.932798386,1.030876040,0.458333343,1.009107709,0.472900391,0.968924046,-0.061951995,128,19200,149
12,2,2,sentinel_fresh,2400,0.769890964,0.845620692,0.562500000,0.845121622,0.575195312,0.816967368,-0.028653324,128,76800,599
12,2,2,sentinel_fresh,4200,0.675201714,0.786763191,0.593750000,0.796258450,0.604492188,0.729356945,-0.057406247,128,134400,1049
13,2,3,sentinel_k1,0,1.102314591,1.103634834,0.333333343,1.100615740,0.356689453,1.099465847,-0.004168987,128,128,0
13,2,3,sentinel_k1,600,0.916147947,1.055078864,0.500000000,1.050700784,0.479003906,0.868114352,-0.186964512,128,128,0
13,2,3,sentinel_k1,2400,1.882744908,1.679828286,0.562500000,1.896846414,0.557128906,0.215932608,-1.463895679,128,128,0
13,2,3,sentinel_k1,4200,2.730960131,2.473939657,0.635416687,2.926375628,0.556396484,0.061920356,-2.412019253,128,128,0
13,2,3,sentinel_k4_cyclic,0,1.102314591,1.103634834,0.333333343,1.100615740,0.356689453,1.099465847,-0.004168987,128,512,0
13,2,3,sentinel_k4_cyclic,600,0.937386036,1.019229054,0.562500000,1.001094699,0.465332031,0.975767910,-0.043461144,128,512,1
13,2,3,sentinel_k4_cyclic,2400,0.856825113,0.949847460,0.510416687,0.914613724,0.510742188,0.909534514,-0.040312946,128,512,3
13,2,3,sentinel_k4_cyclic,4200,0.839581251,0.933037579,0.562500000,0.891368866,0.542724609,0.821218848,-0.111818731,128,512,1
13,2,3,sentinel_k16_cyclic,0,1.102314591,1.103634834,0.333333343,1.100615740,0.356689453,1.099465847,-0.004168987,128,2048,0
13,2,3,sentinel_k16_cyclic,600,0.979604483,1.045686960,0.489583343,1.021989346,0.452880859,1.015931726,-0.029755235,128,2048,5
13,2,3,sentinel_k16_cyclic,2400,0.825306177,0.954335392,0.500000000,0.903979480,0.532958984,0.850345016,-0.103990376,128,2048,7
13,2,3,sentinel_k16_cyclic,4200,0.749219596,0.935628891,0.593750000,0.857339203,0.573730469,0.858969510,-0.076659381,128,2048,9
13,2,3,sentinel_k16_blocked,0,1.102314591,1.103634834,0.333333343,1.100615740,0.356689453,1.099465847,-0.004168987,128,2048,0
13,2,3,sentinel_k16_blocked,600,0.964677632,1.047872066,0.416666657,0.998138130,0.469726562,0.934760213,-0.113111854,128,2048,2
13,2,3,sentinel_k16_blocked,2400,0.914210379,1.078302503,0.479166657,0.927208722,0.554687500,0.911361516,-0.166940987,128,2048,9
13,2,3,sentinel_k16_blocked,4200,0.887757957,1.232099414,0.541666687,1.080876589,0.552734375,0.556891501,-0.675207913,128,2048,15
13,2,3,sentinel_k16_pooled,0,1.102314591,1.103634834,0.333333343,1.100615740,0.356689453,1.102324605,-0.001310229,2048,2048,0
13,2,3,sentinel_k16_pooled,600,0.846941292,0.932229459,0.531250000,0.879098594,0.521728516,0.863639474,-0.068589985,2048,2048,0
13,2,3,sentinel_k16_pooled,2400,0.361520678,0.517698228,0.770833313,0.552203834,0.767089844,0.446560889,-0.071137339,2048,2048,0
13,2,3,sentinel_k16_pooled,4200,0.384685606,0.578262031,0.739583313,0.498455286,0.794677734,0.372392267,-0.205869764,2048,2048,0
13,2,3,sentinel_k64_cyclic,0,1.102314591,1.103634834,0.333333343,1.100615740,0.356689453,1.099465847,-0.004168987,128,8192,0
13,2,3,sentinel_k64_cyclic,600,0.963969409,1.042913079,0.375000000,1.024589896,0.417480469,1.014644742,-0.028268337,128,8192,21
13,2,3,sentinel_k64_cyclic,2400,0.824499071,0.989704847,0.479166657,0.906551957,0.532958984,0.877649724,-0.112055123,128,8192,23
13,2,3,sentinel_k64_cyclic,4200,0.744799137,0.959517300,0.572916687,0.858388066,0.571289062,0.817015409,-0.142501891,128,8192,25
13,2,3,sentinel_fresh,0,1.102314591,1.103634834,0.333333343,1.100615740,0.356689453,1.099465847,-0.004168987,128,128,0
13,2,3,sentinel_fresh,600,0.942443430,1.043571711,0.416666657,1.023665309,0.425781250,0.940699279,-0.102872431,128,19200,149
13,2,3,sentinel_fresh,2400,0.814581335,0.953703403,0.593750000,0.896852732,0.589111328,0.825620532,-0.128082871,128,76800,599
13,2,3,sentinel_fresh,4200,0.733179867,0.906394958,0.552083313,0.838162839,0.583740234,0.794314563,-0.112080395,128,134400,1049
14,2,4,sentinel_k1,0,1.081443191,1.099295735,0.322916657,1.100100517,0.320556641,1.126151919,0.026856184,128,128,0
14,2,4,sentinel_k1,600,1.022156239,1.197337031,0.479166657,1.121473312,0.483642578,0.721507132,-0.475829899,128,128,0
14,2,4,sentinel_k1,2400,2.133077860,2.264159679,0.562500000,2.162065983,0.598632812,0.093552195,-2.170607567,128,128,0
14,2,4,sentinel_k1,4200,3.996320963,3.633539200,0.614583313,3.901881218,0.590087891,0.010903434,-3.622635841,128,128,0
14,2,4,sentinel_k4_cyclic,0,1.081443191,1.099295735,0.322916657,1.100100517,0.320556641,1.126151919,0.026856184,128,512,0
14,2,4,sentinel_k4_cyclic,600,0.991874516,1.043771625,0.447916657,1.036197901,0.475097656,0.995557010,-0.048214614,128,512,1
14,2,4,sentinel_k4_cyclic,2400,0.747124255,0.822148621,0.645833313,0.773237526,0.650146484,0.782390714,-0.039757907,128,512,3
14,2,4,sentinel_k4_cyclic,4200,0.599826753,0.840670824,0.666666687,0.720284700,0.697998047,0.580600142,-0.260070682,128,512,1
14,2,4,sentinel_k16_cyclic,0,1.081443191,1.099295735,0.322916657,1.100100517,0.320556641,1.126151919,0.026856184,128,2048,0
14,2,4,sentinel_k16_cyclic,600,0.991301239,1.026890516,0.416666657,0.988230526,0.488525391,0.959469497,-0.067421019,128,2048,5
14,2,4,sentinel_k16_cyclic,2400,0.805653811,0.914326191,0.604166687,0.822403610,0.587402344,0.819032371,-0.095293820,128,2048,7
14,2,4,sentinel_k16_cyclic,4200,0.752330303,0.929570973,0.625000000,0.787537754,0.625244141,0.818379402,-0.111191571,128,2048,9
14,2,4,sentinel_k16_blocked,0,1.081443191,1.099295735,0.322916657,1.100100517,0.320556641,1.126151919,0.026856184,128,2048,0
14,2,4,sentinel_k16_blocked,600,0.998223245,0.999215662,0.416666657,0.986819208,0.476318359,0.922532916,-0.076682746,128,2048,2
14,2,4,sentinel_k16_blocked,2400,0.758294761,0.749429762,0.687500000,0.858897388,0.644775391,0.903634548,0.154204786,128,2048,9
14,2,4,sentinel_k16_blocked,4200,0.907370567,1.041484952,0.614583313,1.026088595,0.641357422,0.411127329,-0.630357623,128,2048,15
14,2,4,sentinel_k16_pooled,0,1.081443191,1.099295735,0.322916657,1.100100517,0.320556641,1.100265622,0.000969887,2048,2048,0
14,2,4,sentinel_k16_pooled,600,0.850744665,0.936731517,0.562500000,0.864238441,0.565917969,0.829737246,-0.106994271,2048,2048,0
14,2,4,sentinel_k16_pooled,2400,0.579718649,0.677995622,0.718750000,0.578559041,0.758056641,0.467949212,-0.210046411,2048,2048,0
14,2,4,sentinel_k16_pooled,4200,0.588598669,0.701804936,0.718750000,0.584804058,0.759765625,0.454677612,-0.247127324,2048,2048,0
14,2,4,sentinel_k64_cyclic,0,1.081443191,1.099295735,0.322916657,1.100100517,0.320556641,1.126151919,0.026856184,128,8192,0
14,2,4,sentinel_k64_cyclic,600,1.003053308,1.045816898,0.458333343,1.001169562,0.485839844,0.965829611,-0.079987288,128,8192,21
14,2,4,sentinel_k64_cyclic,2400,0.805834830,0.939215720,0.562500000,0.820612967,0.589355469,0.819444239,-0.119771481,128,8192,23
14,2,4,sentinel_k64_cyclic,4200,0.744057178,0.930565059,0.572916687,0.788116336,0.607910156,0.787520111,-0.143044949,128,8192,25
14,2,4,sentinel_fresh,0,1.081443191,1.099295735,0.322916657,1.100100517,0.320556641,1.126151919,0.026856184,128,128,0
14,2,4,sentinel_fresh,600,0.986178696,1.043908715,0.416666657,1.013553858,0.477050781,1.037899852,-0.006008863,128,19200,149
14,2,4,sentinel_fresh,2400,0.775675833,0.934000492,0.520833313,0.803895772,0.595214844,0.740025043,-0.193975449,128,76800,599
14,2,4,sentinel_fresh,4200,0.719188631,0.890767813,0.614583313,0.768449783,0.638916016,0.671298802,-0.219469011,128,134400,1049
15,3,0,sentinel_k1,0,1.096848965,1.100113034,0.343750000,1.098254681,0.346435547,1.102036476,0.001923442,128,128,0
15,3,0,sentinel_k1,600,1.031519413,0.879968941,0.541666687,0.975112736,0.489990234,0.784062207,-0.095906734,128,128,0
15,3,0,sentinel_k1,2400,1.538120747,0.915261090,0.656250000,1.376540422,0.594970703,0.228447691,-0.686813414,128,128,0
15,3,0,sentinel_k1,4200,2.785968065,1.352259517,0.666666687,2.233545780,0.583984375,0.083863802,-1.268395662,128,128,0
15,3,0,sentinel_k4_cyclic,0,1.096848965,1.100113034,0.343750000,1.098254681,0.346435547,1.102036476,0.001923442,128,512,0
15,3,0,sentinel_k4_cyclic,600,0.991110146,0.919245541,0.531250000,1.004384875,0.468505859,0.956402302,0.037156761,128,512,1
15,3,0,sentinel_k4_cyclic,2400,0.963479280,0.895959198,0.583333313,0.979168355,0.494140625,0.874942005,-0.021017194,128,512,3
15,3,0,sentinel_k4_cyclic,4200,0.903874457,0.805410624,0.666666687,0.896037340,0.574462891,0.783446610,-0.021964014,128,512,1
15,3,0,sentinel_k16_cyclic,0,1.096848965,1.100113034,0.343750000,1.098254681,0.346435547,1.102036476,0.001923442,128,2048,0
15,3,0,sentinel_k16_cyclic,600,1.009766936,0.969496548,0.458333343,1.017298102,0.465087891,0.973736048,0.004239500,128,2048,5
15,3,0,sentinel_k16_cyclic,2400,0.839041233,0.792932034,0.541666687,0.829469979,0.550537109,0.817661285,0.024729252,128,2048,7
15,3,0,sentinel_k16_cyclic,4200,0.855625689,0.735062599,0.635416687,0.796061695,0.602539062,0.767830551,0.032767951,128,2048,9
15,3,0,sentinel_k16_blocked,0,1.096848965,1.100113034,0.343750000,1.098254681,0.346435547,1.102036476,0.001923442,128,2048,0
15,3,0,sentinel_k16_blocked,600,1.000894427,0.884440720,0.541666687,1.026474714,0.450683594,0.940922916,0.056482196,128,2048,2
15,3,0,sentinel_k16_blocked,2400,0.897227526,0.820979774,0.572916687,0.906994283,0.549804688,0.893080056,0.072100282,128,2048,9
15,3,0,sentinel_k16_blocked,4200,0.977086961,0.924820244,0.593750000,0.909675539,0.607910156,0.536964655,-0.387855589,128,2048,15
15,3,0,sentinel_k16_pooled,0,1.096848965,1.100113034,0.343750000,1.098254681,0.346435547,1.098705649,-0.001407385,2048,2048,0
15,3,0,sentinel_k16_pooled,600,0.926031113,0.810563028,0.583333313,0.876260877,0.532958984,0.876483917,0.065920889,2048,2048,0
15,3,0,sentinel_k16_pooled,2400,0.641495049,0.482890368,0.781250000,0.557053864,0.761474609,0.526932299,0.044041932,2048,2048,0
15,3,0,sentinel_k16_pooled,4200,0.573084772,0.486632258,0.791666687,0.530748367,0.775390625,0.481726974,-0.004905283,2048,2048,0
15,3,0,sentinel_k64_cyclic,0,1.096848965,1.100113034,0.343750000,1.098254681,0.346435547,1.102036476,0.001923442,128,8192,0
15,3,0,sentinel_k64_cyclic,600,0.999287069,0.955079794,0.562500000,1.000060916,0.473876953,0.959271789,0.004191995,128,8192,21
15,3,0,sentinel_k64_cyclic,2400,0.885362089,0.792551339,0.593750000,0.838293970,0.584228516,0.897549510,0.104998171,128,8192,23
15,3,0,sentinel_k64_cyclic,4200,0.818890870,0.742266893,0.604166687,0.795652211,0.601074219,0.803440750,0.061173856,128,8192,25
15,3,0,sentinel_fresh,0,1.096848965,1.100113034,0.343750000,1.098254681,0.346435547,1.102036476,0.001923442,128,128,0
15,3,0,sentinel_fresh,600,0.998044670,0.968579769,0.552083313,1.002247691,0.470214844,0.984834135,0.016254365,128,19200,149
15,3,0,sentinel_fresh,2400,0.853414357,0.791613400,0.593750000,0.857586205,0.558593750,0.796420455,0.004807055,128,76800,599
15,3,0,sentinel_fresh,4200,0.840820014,0.766764820,0.604166687,0.803116322,0.597167969,0.853082180,0.086317360,128,134400,1049
16,3,1,sentinel_k1,0,1.087713718,1.131975055,0.270833343,1.108669162,0.340820312,1.114447832,-0.017527223,128,128,0
16,3,1,sentinel_k1,600,1.049749851,0.950297415,0.531250000,0.976790428,0.499755859,0.802286863,-0.148010552,128,128,0
16,3,1,sentinel_k1,2400,1.119557977,1.453313470,0.677083313,1.375863671,0.621826172,0.200738877,-1.252574563,128,128,0
16,3,1,sentinel_k1,4200,1.935734630,2.258869410,0.656250000,2.142482281,0.635742188,0.048328213,-2.210541248,128,128,0
16,3,1,sentinel_k4_cyclic,0,1.087713718,1.131975055,0.270833343,1.108669162,0.340820312,1.114447832,-0.017527223,128,512,0
16,3,1,sentinel_k4_cyclic,600,1.030398488,0.957323790,0.479166657,0.985367477,0.492187500,1.008553028,0.051229239,128,512,1
16,3,1,sentinel_k4_cyclic,2400,0.851095676,0.842987537,0.572916687,0.862142146,0.588378906,0.785275400,-0.057712138,128,512,3
16,3,1,sentinel_k4_cyclic,4200,0.814676344,0.763775527,0.687500000,0.772373021,0.668212891,0.698860168,-0.064915359,128,512,1
16,3,1,sentinel_k16_cyclic,0,1.087713718,1.131975055,0.270833343,1.108669162,0.340820312,1.114447832,-0.017527223,128,2048,0
16,3,1,sentinel_k16_cyclic,600,1.008607984,0.934958041,0.552083313,0.972720265,0.483642578,0.987314641,0.052356601,128,2048,5
16,3,1,sentinel_k16_cyclic,2400,0.906613588,0.875083923,0.500000000,0.891537726,0.530029297,0.855846643,-0.019237280,128,2048,7
16,3,1,sentinel_k16_cyclic,4200,0.789295197,0.760920525,0.645833313,0.783021569,0.639404297,0.772747219,0.011826694,128,2048,9
16,3,1,sentinel_k16_blocked,0,1.087713718,1.131975055,0.270833343,1.108669162,0.340820312,1.114447832,-0.017527223,128,2048,0
16,3,1,sentinel_k16_blocked,600,1.036651850,0.979772508,0.625000000,0.966579258,0.503417969,0.903555751,-0.076216757,128,2048,2
16,3,1,sentinel_k16_blocked,2400,0.894243419,0.786505699,0.656250000,0.803773999,0.633300781,0.832463264,0.045957565,128,2048,9
16,3,1,sentinel_k16_blocked,4200,0.994687974,0.762643993,0.760416687,0.926682651,0.701171875,0.287583768,-0.475060225,128,2048,15
16,3,1,sentinel_k16_pooled,0,1.087713718,1.131975055,0.270833343,1.108669162,0.340820312,1.101016045,-0.030959010,2048,2048,0
16,3,1,sentinel_k16_pooled,600,0.918671310,0.829957247,0.552083313,0.864767671,0.556884766,0.855470181,0.025512934,2048,2048,0
16,3,1,sentinel_k16_pooled,2400,0.728383005,0.675789297,0.708333313,0.597251654,0.749755859,0.487831920,-0.187957376,2048,2048,0
16,3,1,sentinel_k16_pooled,4200,0.708810389,0.679732561,0.729166687,0.595886886,0.757812500,0.450437009,-0.229295552,2048,2048,0
16,3,1,sentinel_k64_cyclic,0,1.087713718,1.131975055,0.270833343,1.108669162,0.340820312,1.114447832,-0.017527223,128,8192,0
16,3,1,sentinel_k64_cyclic,600,1.008331180,0.931138694,0.468750000,0.961206377,0.496337891,0.956000566,0.024861872,128,8192,21
16,3,1,sentinel_k64_cyclic,2400,0.877041638,0.828273118,0.531250000,0.855941713,0.536865234,0.873724341,0.045451224,128,8192,23
16,3,1,sentinel_k64_cyclic,4200,0.774326801,0.731087625,0.677083313,0.756894529,0.647949219,0.715632975,-0.015454650,128,8192,25
16,3,1,sentinel_fresh,0,1.087713718,1.131975055,0.270833343,1.108669162,0.340820312,1.114447832,-0.017527223,128,128,0
16,3,1,sentinel_fresh,600,0.996649921,0.943779647,0.541666687,0.964899659,0.503417969,0.976559103,0.032779455,128,19200,149
16,3,1,sentinel_fresh,2400,0.868864477,0.884619176,0.458333343,0.858955085,0.561523438,0.870300531,-0.014318645,128,76800,599
16,3,1,sentinel_fresh,4200,0.770550549,0.742939174,0.666666687,0.747459114,0.664550781,0.728739440,-0.014199734,128,134400,1049
17,3,2,sentinel_k1,0,1.109087944,1.093835354,0.364583343,1.104150772,0.300537109,1.109643340,0.015807986,128,128,0
17,3,2,sentinel_k1,600,1.020949244,0.988715470,0.520833313,1.031755209,0.488525391,0.786132932,-0.202582538,128,128,0
17,3,2,sentinel_k1,2400,1.807656646,1.650877476,0.645833313,1.875916958,0.604980469,0.164545819,-1.486331701,128,128,0
17,3,2,sentinel_k1,4200,3.079110384,2.892398596,0.604166687,3.234864473,0.601562500,0.016206387,-2.876192093,128,128,0
17,3,2,sentinel_k4_cyclic,0,1.109087944,1.093835354,0.364583343,1.104150772,0.300537109,1.109643340,0.015807986,128,512,0
17,3,2,sentinel_k4_cyclic,600,0.977359712,1.003091097,0.468750000,1.008333921,0.459472656,0.982516229,-0.020574868,128,512,1
17,3,2,sentinel_k4_cyclic,2400,0.861086607,0.829283774,0.666666687,0.857440948,0.601806641,0.786435127,-0.042848647,128,512,3
17,3,2,sentinel_k4_cyclic,4200,0.760086834,0.755187690,0.697916687,0.818126142,0.625976562,0.610211492,-0.144976199,128,512,1
17,3,2,sentinel_k16_cyclic,0,1.109087944,1.093835354,0.364583343,1.104150772,0.300537109,1.109643340,0.015807986,128,2048,0
17,3,2,sentinel_k16_cyclic,600,0.992700577,0.989864111,0.479166657,1.008034348,0.474609375,0.983950436,-0.005913675,128,2048,5
17,3,2,sentinel_k16_cyclic,2400,0.813439310,0.828379452,0.614583313,0.795949697,0.628906250,0.743793786,-0.084585667,128,2048,7
17,3,2,sentinel_k16_cyclic,4200,0.687130868,0.704248488,0.687500000,0.691635728,0.700439453,0.657747865,-0.046500623,128,2048,9
17,3,2,sentinel_k16_blocked,0,1.109087944,1.093835354,0.364583343,1.104150772,0.300537109,1.109643340,0.015807986,128,2048,0
17,3,2,sentinel_k16_blocked,600,0.920261860,0.940402091,0.468750000,0.951867342,0.476806641,0.874212980,-0.066189110,128,2048,2
17,3,2,sentinel_k16_blocked,2400,0.846314251,0.671085179,0.739583313,0.756380677,0.690917969,0.635834336,-0.035250843,128,2048,9
17,3,2,sentinel_k16_blocked,4200,0.629079461,0.813526452,0.677083313,0.742101073,0.716308594,0.229521707,-0.584004760,128,2048,15
17,3,2,sentinel_k16_pooled,0,1.109087944,1.093835354,0.364583343,1.104150772,0.300537109,1.105424404,0.011589050,2048,2048,0
17,3,2,sentinel_k16_pooled,600,0.908593178,0.854327500,0.572916687,0.869224548,0.572021484,0.852331161,-0.001996338,2048,2048,0
17,3,2,sentinel_k16_pooled,2400,0.746996880,0.540568113,0.791666687,0.610800743,0.739746094,0.547945619,0.007377505,2048,2048,0
17,3,2,sentinel_k16_pooled,4200,0.728949308,0.539810181,0.750000000,0.605283678,0.734619141,0.521881342,-0.017928839,2048,2048,0
17,3,2,sentinel_k64_cyclic,0,1.109087944,1.093835354,0.364583343,1.104150772,0.300537109,1.109643340,0.015807986,128,8192,0
17,3,2,sentinel_k64_cyclic,600,1.001947999,0.960662305,0.468750000,0.986411393,0.470947266,0.962590456,0.001928151,128,8192,21
17,3,2,sentinel_k64_cyclic,2400,0.791074216,0.856704414,0.593750000,0.828737080,0.594482422,0.841724396,-0.014980018,128,8192,23
17,3,2,sentinel_k64_cyclic,4200,0.744085133,0.831846297,0.583333313,0.786260426,0.618164062,0.831395507,-0.000450790,128,8192,25
17,3,2,sentinel_fresh,0,1.109087944,1.093835354,0.364583343,1.104150772,0.300537109,1.109643340,0.015807986,128,128,0
17,3,2,sentinel_fresh,600,0.992529929,0.929068506,0.541666687,0.967884004,0.500244141,0.985938013,0.056869507,128,19200,149
17,3,2,sentinel_fresh,2400,0.833209455,0.835563719,0.604166687,0.842819333,0.583496094,0.845212281,0.009648561,128,76800,599
17,3,2,sentinel_fresh,4200,0.779987991,0.803862274,0.635416687,0.793626487,0.602539062,0.757763565,-0.046098709,128,134400,1049
18,3,3,sentinel_k1,0,1.095609307,1.107717156,0.281250000,1.102293015,0.344482422,1.101785064,-0.005932093,128,128,0
18,3,3,sentinel_k1,600,1.178656459,1.033600688,0.468750000,1.143003225,0.459716797,0.738545597,-0.295055091,128,128,0
18,3,3,sentinel_k1,2400,1.931884170,1.382549763,0.614583313,1.702004552,0.600341797,0.159677848,-1.222871900,128,128,0
18,3,3,sentinel_k1,4200,5.022895336,3.388838768,0.625000000,4.507136345,0.595703125,0.004436385,-3.384402275,128,128,0
18,3,3,sentinel_k4_cyclic,0,1.095609307,1.107717156,0.281250000,1.102293015,0.344482422,1.101785064,-0.005932093,128,512,0
18,3,3,sentinel_k4_cyclic,600,1.014907837,0.948704481,0.552083313,0.997970343,0.500244141,0.954823673,0.006119192,128,512,1
18,3,3,sentinel_k4_cyclic,2400,0.850446701,0.825418532,0.614583313,0.902159035,0.561523438,0.759380639,-0.066037893,128,512,3
18,3,3,sentinel_k4_cyclic,4200,0.824654520,0.785101235,0.666666687,0.861907244,0.592285156,0.918677330,0.133576095,128,512,1
18,3,3,sentinel_k16_cyclic,0,1.095609307,1.107717156,0.281250000,1.102293015,0.344482422,1.101785064,-0.005932093,128,2048,0
18,3,3,sentinel_k16_cyclic,600,1.047966361,1.006386161,0.479166657,1.033713698,0.478271484,1.022715807,0.016329646,128,2048,5
18,3,3,sentinel_k16_cyclic,2400,0.825048745,0.817905366,0.562500000,0.831930161,0.572509766,0.828667402,0.010762036,128,2048,7
18,3,3,sentinel_k16_cyclic,4200,0.783321559,0.759788692,0.677083313,0.794083416,0.614013672,0.862506807,0.102718115,128,2048,9
18,3,3,sentinel_k16_blocked,0,1.095609307,1.107717156,0.281250000,1.102293015,0.344482422,1.101785064,-0.005932093,128,2048,0
18,3,3,sentinel_k16_blocked,600,0.988184988,0.928037167,0.479166657,1.008731127,0.448242188,0.964423120,0.036385953,128,2048,2
18,3,3,sentinel_k16_blocked,2400,0.878835440,0.838638842,0.635416687,0.841179907,0.595458984,0.844209313,0.005570471,128,2048,9
18,3,3,sentinel_k16_blocked,4200,0.899854183,0.833086967,0.593750000,0.943558872,0.621826172,0.451953441,-0.381133527,128,2048,15
18,3,3,sentinel_k16_pooled,0,1.095609307,1.107717156,0.281250000,1.102293015,0.344482422,1.101030231,-0.006686926,2048,2048,0
18,3,3,sentinel_k16_pooled,600,0.894270957,0.859527767,0.531250000,0.884447992,0.537353516,0.870136976,0.010609210,2048,2048,0
18,3,3,sentinel_k16_pooled,2400,0.604835629,0.563214123,0.791666687,0.556927979,0.761230469,0.505435824,-0.057778299,2048,2048,0
18,3,3,sentinel_k16_pooled,4200,0.611883223,0.573783100,0.760416687,0.555545390,0.767333984,0.446535408,-0.127247691,2048,2048,0
18,3,3,sentinel_k64_cyclic,0,1.095609307,1.107717156,0.281250000,1.102293015,0.344482422,1.101785064,-0.005932093,128,8192,0
18,3,3,sentinel_k64_cyclic,600,0.965117514,0.996142805,0.437500000,0.998052776,0.490966797,0.941358387,-0.054784417,128,8192,21
18,3,3,sentinel_k64_cyclic,2400,0.834111869,0.848266304,0.562500000,0.869342983,0.522705078,0.791181922,-0.057084382,128,8192,23
18,3,3,sentinel_k64_cyclic,4200,0.804109752,0.786925316,0.666666687,0.832021892,0.601562500,0.834543705,0.047618389,128,8192,25
18,3,3,sentinel_fresh,0,1.095609307,1.107717156,0.281250000,1.102293015,0.344482422,1.101785064,-0.005932093,128,128,0
18,3,3,sentinel_fresh,600,0.992733181,1.015015960,0.395833343,1.013431191,0.443847656,0.992919087,-0.022096872,128,19200,149
18,3,3,sentinel_fresh,2400,0.847625494,0.848425150,0.500000000,0.860671997,0.532470703,0.812096834,-0.036328316,128,76800,599
18,3,3,sentinel_fresh,4200,0.815714598,0.776882231,0.625000000,0.813805759,0.584716797,0.829935849,0.053053617,128,134400,1049
19,3,4,sentinel_k1,0,1.093493581,1.102371335,0.354166657,1.097746730,0.338623047,1.089128971,-0.013242364,128,128,0
19,3,4,sentinel_k1,600,1.093042493,1.193251014,0.406250000,1.113916397,0.418212891,0.827796280,-0.365454733,128,128,0
19,3,4,sentinel_k1,2400,2.033090830,2.519520998,0.427083343,2.126513720,0.514404297,0.263183832,-2.256337166,128,128,0
19,3,4,sentinel_k1,4200,2.658635616,3.269591331,0.479166657,2.887173176,0.510498047,0.131850943,-3.137740374,128,128,0
19,3,4,sentinel_k4_cyclic,0,1.093493581,1.102371335,0.354166657,1.097746730,0.338623047,1.089128971,-0.013242364,128,512,0
19,3,4,sentinel_k4_cyclic,600,1.052129388,1.020686388,0.375000000,1.026585102,0.457275391,0.976691008,-0.043995380,128,512,1
19,3,4,sentinel_k4_cyclic,2400,0.878763676,0.817451000,0.541666687,0.865442216,0.586181641,0.701423049,-0.116027951,128,512,3
19,3,4,sentinel_k4_cyclic,4200,0.860069335,0.759566486,0.593750000,0.824231863,0.610595703,0.593050599,-0.166515887,128,512,1
19,3,4,sentinel_k16_cyclic,0,1.093493581,1.102371335,0.354166657,1.097746730,0.338623047,1.089128971,-0.013242364,128,2048,0
19,3,4,sentinel_k16_cyclic,600,1.023015380,0.948272943,0.531250000,1.004001141,0.480224609,0.989737868,0.041464925,128,2048,5
19,3,4,sentinel_k16_cyclic,2400,0.880152225,0.786411464,0.604166687,0.849149466,0.572021484,0.772666514,-0.013744950,128,2048,7
19,3,4,sentinel_k16_cyclic,4200,0.796882153,0.739724636,0.604166687,0.820470870,0.601318359,0.769614160,0.029889524,128,2048,9
19,3,4,sentinel_k16_blocked,0,1.093493581,1.102371335,0.354166657,1.097746730,0.338623047,1.089128971,-0.013242364,128,2048,0
19,3,4,sentinel_k16_blocked,600,1.002436519,1.047600865,0.500000000,0.982262790,0.542480469,0.909435987,-0.138164878,128,2048,2
19,3,4,sentinel_k16_blocked,2400,0.825780332,0.851167679,0.687500000,0.783510923,0.667724609,0.638223469,-0.212944210,128,2048,9
19,3,4,sentinel_k16_blocked,4200,0.795759439,0.772189319,0.697916687,0.813783348,0.653808594,0.490047127,-0.282142192,128,2048,15
19,3,4,sentinel_k16_pooled,0,1.093493581,1.102371335,0.354166657,1.097746730,0.338623047,1.099919796,-0.002451539,2048,2048,0
19,3,4,sentinel_k16_pooled,600,0.937798202,0.789501846,0.604166687,0.870257318,0.551513672,0.854452431,0.064950585,2048,2048,0
19,3,4,sentinel_k16_pooled,2400,0.671549320,0.598430455,0.750000000,0.561243951,0.765625000,0.510592222,-0.087838233,2048,2048,0
19,3,4,sentinel_k16_pooled,4200,0.660711586,0.648526013,0.770833313,0.563930154,0.762695312,0.481148422,-0.167377591,2048,2048,0
19,3,4,sentinel_k64_cyclic,0,1.093493581,1.102371335,0.354166657,1.097746730,0.338623047,1.089128971,-0.013242364,128,8192,0
19,3,4,sentinel_k64_cyclic,600,1.031507015,0.939360440,0.572916687,1.005857706,0.472412109,0.970916748,0.031556308,128,8192,21
19,3,4,sentinel_k64_cyclic,2400,0.873045504,0.761093140,0.718750000,0.860145509,0.594482422,0.850113511,0.089020371,128,8192,23
19,3,4,sentinel_k64_cyclic,4200,0.764268100,0.678297579,0.729166687,0.780983865,0.629150391,0.719585538,0.041287959,128,8192,25
19,3,4,sentinel_fresh,0,1.093493581,1.102371335,0.354166657,1.097746730,0.338623047,1.089128971,-0.013242364,128,128,0
19,3,4,sentinel_fresh,600,1.031998038,0.947308004,0.552083313,1.007419467,0.472412109,1.007507682,0.060199678,128,19200,149
19,3,4,sentinel_fresh,2400,0.870301187,0.777290761,0.604166687,0.859964132,0.546875000,0.804413915,0.027123153,128,76800,599
19,3,4,sentinel_fresh,4200,0.779339969,0.760884821,0.677083313,0.810569048,0.604248047,0.788624644,0.027739823,128,134400,1049
20,4,0,sentinel_k1,0,1.098469853,1.100321412,0.312500000,1.098851085,0.346923828,1.098196030,-0.002125382,128,128,0
20,4,0,sentinel_k1,600,1.056447864,1.027425289,0.520833313,1.059346199,0.449462891,0.823533595,-0.203891695,128,128,0
20,4,0,sentinel_k1,2400,1.839704633,1.472761273,0.552083313,1.909787655,0.546386719,0.167689025,-1.305072308,128,128,0
20,4,0,sentinel_k1,4200,3.053237677,2.481386185,0.604166687,3.310868979,0.557617188,0.028026734,-2.453359365,128,128,0
20,4,0,sentinel_k4_cyclic,0,1.098469853,1.100321412,0.312500000,1.098851085,0.346923828,1.098196030,-0.002125382,128,512,0
20,4,0,sentinel_k4_cyclic,600,1.040888190,0.956216812,0.562500000,1.007853389,0.456787109,0.956224322,0.000007510,128,512,1
20,4,0,sentinel_k4_cyclic,2400,0.802153587,0.864818811,0.572916687,0.881036580,0.529785156,0.734932303,-0.129886508,128,512,3
20,4,0,sentinel_k4_cyclic,4200,0.710033894,0.854635894,0.625000000,0.857681930,0.597656250,0.656891406,-0.197744489,128,512,1
20,4,0,sentinel_k16_cyclic,0,1.098469853,1.100321412,0.312500000,1.098851085,0.346923828,1.098196030,-0.002125382,128,2048,0
20,4,0,sentinel_k16_cyclic,600,1.006983280,0.966277301,0.531250000,0.987987399,0.490722656,0.963722885,-0.002554417,128,2048,5
20,4,0,sentinel_k16_cyclic,2400,0.788002908,0.844724894,0.572916687,0.840889096,0.590332031,0.750307620,-0.094417274,128,2048,7
20,4,0,sentinel_k16_cyclic,4200,0.691279709,0.820330858,0.593750000,0.787232757,0.630859375,0.738559365,-0.081771493,128,2048,9
20,4,0,sentinel_k16_blocked,0,1.098469853,1.100321412,0.312500000,1.098851085,0.346923828,1.098196030,-0.002125382,128,2048,0
20,4,0,sentinel_k16_blocked,600,1.052047133,0.992129982,0.552083313,1.003460050,0.488769531,0.880289078,-0.111840904,128,2048,2
20,4,0,sentinel_k16_blocked,2400,0.776262343,0.805871725,0.593750000,0.813848555,0.629394531,0.736039519,-0.069832206,128,2048,9
20,4,0,sentinel_k16_blocked,4200,0.557471335,0.902241647,0.593750000,0.835293293,0.666992188,0.494357526,-0.407884121,128,2048,15
20,4,0,sentinel_k16_pooled,0,1.098469853,1.100321412,0.312500000,1.098851085,0.346923828,1.099065542,-0.001255870,2048,2048,0
20,4,0,sentinel_k16_pooled,600,0.871515036,0.851049483,0.583333313,0.866473198,0.547851562,0.854638338,0.003588855,2048,2048,0
20,4,0,sentinel_k16_pooled,2400,0.464925170,0.682592154,0.718750000,0.597103477,0.742675781,0.541763484,-0.140828669,2048,2048,0
20,4,0,sentinel_k16_pooled,4200,0.368551970,0.583501279,0.750000000,0.522705853,0.788085938,0.434146255,-0.149355024,2048,2048,0
20,4,0,sentinel_k64_cyclic,0,1.098469853,1.100321412,0.312500000,1.098851085,0.346923828,1.098196030,-0.002125382,128,8192,0
20,4,0,sentinel_k64_cyclic,600,1.007470965,0.975544035,0.531250000,1.011298656,0.454101562,1.003944516,0.028400481,128,8192,21
20,4,0,sentinel_k64_cyclic,2400,0.725674868,0.850136280,0.572916687,0.812332153,0.581787109,0.840613961,-0.009522319,128,8192,23
20,4,0,sentinel_k64_cyclic,4200,0.643326998,0.742122233,0.677083313,0.775403082,0.611328125,0.746160030,0.004037797,128,8192,25
20,4,0,sentinel_fresh,0,1.098469853,1.100321412,0.312500000,1.098851085,0.346923828,1.098196030,-0.002125382,128,128,0
20,4,0,sentinel_fresh,600,1.020714402,0.993381917,0.447916657,1.016731143,0.437011719,1.010341287,0.016959369,128,19200,149
20,4,0,sentinel_fresh,2400,0.751386940,0.846863687,0.562500000,0.809442759,0.549560547,0.841428518,-0.005435169,128,76800,599
20,4,0,sentinel_fresh,4200,0.698475838,0.820496142,0.572916687,0.800393939,0.570312500,0.750925124,-0.069571018,128,134400,1049
21,4,1,sentinel_k1,0,1.111835003,1.121049523,0.302083343,1.105400085,0.351074219,1.077505350,-0.043544173,128,128,0
21,4,1,sentinel_k1,600,1.058836341,1.147583485,0.437500000,1.139192581,0.435791016,0.663414240,-0.484169245,128,128,0
21,4,1,sentinel_k1,2400,1.474233627,1.903549194,0.583333313,1.946977139,0.608642578,0.040876050,-1.862673163,128,128,0
21,4,1,sentinel_k1,4200,3.583686829,4.374571800,0.552083313,4.247100830,0.625488281,0.000326548,-4.374245167,128,128,0
21,4,1,sentinel_k4_cyclic,0,1.111835003,1.121049523,0.302083343,1.105400085,0.351074219,1.077505350,-0.043544173,128,512,0
21,4,1,sentinel_k4_cyclic,600,1.011582017,0.999273121,0.520833313,0.995642602,0.489990234,1.002852201,0.003579080,128,512,1
21,4,1,sentinel_k4_cyclic,2400,0.878833234,0.815790892,0.593750000,0.883470356,0.552490234,0.812515914,-0.003274977,128,512,3
21,4,1,sentinel_k4_cyclic,4200,0.764278829,0.783639371,0.625000000,0.841360211,0.607177734,0.822035551,0.038396180,128,512,1
21,4,1,sentinel_k16_cyclic,0,1.111835003,1.121049523,0.302083343,1.105400085,0.351074219,1.077505350,-0.043544173,128,2048,0
21,4,1,sentinel_k16_cyclic,600,0.952868760,0.937289715,0.562500000,0.952995777,0.504394531,0.949729919,0.012440205,128,2048,5
21,4,1,sentinel_k16_cyclic,2400,0.795461357,0.811188757,0.562500000,0.840018213,0.590087891,0.813180387,0.001991630,128,2048,7
21,4,1,sentinel_k16_cyclic,4200,0.694070518,0.774950922,0.656250000,0.778750598,0.625488281,0.781691790,0.006740868,128,2048,9
21,4,1,sentinel_k16_blocked,0,1.111835003,1.121049523,0.302083343,1.105400085,0.351074219,1.077505350,-0.043544173,128,2048,0
21,4,1,sentinel_k16_blocked,600,0.954786360,0.964341819,0.583333313,0.968035996,0.507324219,0.890276432,-0.074065387,128,2048,2
21,4,1,sentinel_k16_blocked,2400,0.762310982,0.850330353,0.666666687,0.963017762,0.548095703,0.944165289,0.093834937,128,2048,9
21,4,1,sentinel_k16_blocked,4200,0.782881558,0.848216832,0.739583313,0.908033967,0.671386719,0.385744512,-0.462472320,128,2048,15
21,4,1,sentinel_k16_pooled,0,1.111835003,1.121049523,0.302083343,1.105400085,0.351074219,1.104126334,-0.016923189,2048,2048,0
21,4,1,sentinel_k16_pooled,600,0.915014923,0.872758210,0.614583313,0.877672672,0.561523438,0.858153403,-0.014604807,2048,2048,0
21,4,1,sentinel_k16_pooled,2400,0.513355494,0.565043867,0.739583313,0.586814344,0.748291016,0.470564783,-0.094479084,2048,2048,0
21,4,1,sentinel_k16_pooled,4200,0.513248146,0.549926758,0.718750000,0.594012976,0.750488281,0.454299599,-0.095627159,2048,2048,0
21,4,1,sentinel_k64_cyclic,0,1.111835003,1.121049523,0.302083343,1.105400085,0.351074219,1.077505350,-0.043544173,128,8192,0
21,4,1,sentinel_k64_cyclic,600,0.970581055,0.948540509,0.572916687,0.970233142,0.490234375,0.952755213,0.004214704,128,8192,21
21,4,1,sentinel_k64_cyclic,2400,0.787541866,0.810215414,0.645833313,0.835565984,0.578369141,0.855240941,0.045025527,128,8192,23
21,4,1,sentinel_k64_cyclic,4200,0.650622308,0.765600264,0.625000000,0.760772288,0.633544922,0.637583256,-0.128017008,128,8192,25
21,4,1,sentinel_fresh,0,1.111835003,1.121049523,0.302083343,1.105400085,0.351074219,1.077505350,-0.043544173,128,128,0
21,4,1,sentinel_fresh,600,0.954382122,0.935411274,0.614583313,0.966808915,0.485839844,0.975446343,0.040035069,128,19200,149
21,4,1,sentinel_fresh,2400,0.776292145,0.767473698,0.635416687,0.834500849,0.596923828,0.795050621,0.027576923,128,76800,599
21,4,1,sentinel_fresh,4200,0.608565927,0.738053799,0.718750000,0.717561960,0.684570312,0.770601034,0.032547235,128,134400,1049
22,4,2,sentinel_k1,0,1.109596133,1.097208142,0.281250000,1.102973104,0.300537109,1.104856014,0.007647872,128,128,0
22,4,2,sentinel_k1,600,1.001534462,1.123613715,0.406250000,1.047624707,0.473388672,0.778470635,-0.345143080,128,128,0
22,4,2,sentinel_k1,2400,1.179458618,1.839793205,0.604166687,1.720301867,0.578125000,0.208584547,-1.631208658,128,128,0
22,4,2,sentinel_k1,4200,2.264276505,3.363534927,0.552083313,3.027858734,0.574462891,0.033761594,-3.329773426,128,128,0
22,4,2,sentinel_k4_cyclic,0,1.109596133,1.097208142,0.281250000,1.102973104,0.300537109,1.104856014,0.007647872,128,512,0
22,4,2,sentinel_k4_cyclic,600,0.979943275,0.946998298,0.489583343,0.965121865,0.517333984,0.958114982,0.011116683,128,512,1
22,4,2,sentinel_k4_cyclic,2400,0.773543537,0.904727697,0.583333313,0.867681205,0.587402344,0.642268598,-0.262459099,128,512,3
22,4,2,sentinel_k4_cyclic,4200,0.614654601,0.842486382,0.625000000,0.780544221,0.650146484,0.645878851,-0.196607530,128,512,1
22,4,2,sentinel_k16_cyclic,0,1.109596133,1.097208142,0.281250000,1.102973104,0.300537109,1.104856014,0.007647872,128,2048,0
22,4,2,sentinel_k16_cyclic,600,0.945033312,0.960943460,0.500000000,0.975625515,0.516357422,0.947039604,-0.013903856,128,2048,5
22,4,2,sentinel_k16_cyclic,2400,0.520684898,0.722690582,0.687500000,0.725995779,0.688476562,0.709945917,-0.012744665,128,2048,7
22,4,2,sentinel_k16_cyclic,4200,0.432881802,0.611835897,0.739583313,0.618097961,0.736816406,0.604123473,-0.007712424,128,2048,9
22,4,2,sentinel_k16_blocked,0,1.109596133,1.097208142,0.281250000,1.102973104,0.300537109,1.104856014,0.007647872,128,2048,0
22,4,2,sentinel_k16_blocked,600,0.953944862,0.939303935,0.510416687,0.975312412,0.485351562,0.901482105,-0.037821829,128,2048,2
22,4,2,sentinel_k16_blocked,2400,0.717209578,0.872328579,0.562500000,0.882801890,0.572265625,0.952492416,0.080163836,128,2048,9
22,4,2,sentinel_k16_blocked,4200,0.559225440,0.863789558,0.656250000,0.892013967,0.660156250,0.557280779,-0.306508780,128,2048,15
22,4,2,sentinel_k16_pooled,0,1.109596133,1.097208142,0.281250000,1.102973104,0.300537109,1.105262518,0.008054376,2048,2048,0
22,4,2,sentinel_k16_pooled,600,0.879728079,0.852264345,0.562500000,0.884546518,0.540283203,0.853682756,0.001418412,2048,2048,0
22,4,2,sentinel_k16_pooled,2400,0.496873289,0.646391571,0.687500000,0.591300786,0.750732422,0.497065753,-0.149325818,2048,2048,0
22,4,2,sentinel_k16_pooled,4200,0.467080951,0.655401886,0.718750000,0.560210586,0.770263672,0.442860484,-0.212541401,2048,2048,0
22,4,2,sentinel_k64_cyclic,0,1.109596133,1.097208142,0.281250000,1.102973104,0.300537109,1.104856014,0.007647872,128,8192,0
22,4,2,sentinel_k64_cyclic,600,0.985961735,0.970724881,0.552083313,0.990098834,0.507568359,1.058316350,0.087591469,128,8192,21
22,4,2,sentinel_k64_cyclic,2400,0.753106654,0.830596507,0.625000000,0.829021275,0.607421875,0.902810812,0.072214305,128,8192,23
22,4,2,sentinel_k64_cyclic,4200,0.536330104,0.705465257,0.697916687,0.710030913,0.691162109,0.635293245,-0.070172012,128,8192,25
22,4,2,sentinel_fresh,0,1.109596133,1.097208142,0.281250000,1.102973104,0.300537109,1.104856014,0.007647872,128,128,0
22,4,2,sentinel_fresh,600,0.969502151,0.965245545,0.572916687,0.997132659,0.523193359,1.020849943,0.055604398,128,19200,149
22,4,2,sentinel_fresh,2400,0.720195055,0.817790329,0.625000000,0.823801100,0.588378906,0.808217287,-0.009573042,128,76800,599
22,4,2,sentinel_fresh,4200,0.543515384,0.717917383,0.687500000,0.697842002,0.701904297,0.753787816,0.035870433,128,134400,1049
23,4,3,sentinel_k1,0,1.102842927,1.105684638,0.312500000,1.100925326,0.354492188,1.103289127,-0.002395511,128,128,0
23,4,3,sentinel_k1,600,0.958854973,0.926247060,0.510416687,0.980316341,0.504394531,0.835886061,-0.090360999,128,128,0
23,4,3,sentinel_k1,2400,1.312487006,1.468911290,0.666666687,1.571022868,0.634521484,0.096732460,-1.372178793,128,128,0
23,4,3,sentinel_k1,4200,2.606312275,2.718524694,0.666666687,2.905798435,0.624755859,0.011258524,-2.707266092,128,128,0
23,4,3,sentinel_k4_cyclic,0,1.102842927,1.105684638,0.312500000,1.100925326,0.354492188,1.103289127,-0.002395511,128,512,0
23,4,3,sentinel_k4_cyclic,600,1.016333699,1.023968220,0.479166657,1.042590141,0.470947266,1.029706717,0.005738497,128,512,1
23,4,3,sentinel_k4_cyclic,2400,0.773851931,0.900902808,0.520833313,0.842525125,0.576416016,0.770961881,-0.129940927,128,512,3
23,4,3,sentinel_k4_cyclic,4200,0.707965374,0.858192682,0.572916687,0.832358062,0.600341797,0.730546832,-0.127645850,128,512,1
23,4,3,sentinel_k16_cyclic,0,1.102842927,1.105684638,0.312500000,1.100925326,0.354492188,1.103289127,-0.002395511,128,2048,0
23,4,3,sentinel_k16_cyclic,600,0.983485043,0.985919476,0.541666687,0.993223429,0.511718750,0.962871850,-0.023047626,128,2048,5
23,4,3,sentinel_k16_cyclic,2400,0.789558411,0.853258193,0.604166687,0.861651957,0.535156250,0.798032403,-0.055225790,128,2048,7
23,4,3,sentinel_k16_cyclic,4200,0.735415459,0.769357443,0.604166687,0.837421238,0.562011719,0.719507992,-0.049849451,128,2048,9
23,4,3,sentinel_k16_blocked,0,1.102842927,1.105684638,0.312500000,1.100925326,0.354492188,1.103289127,-0.002395511,128,2048,0
23,4,3,sentinel_k16_blocked,600,0.951092482,0.969469786,0.479166657,0.995053530,0.473876953,0.991011679,0.021541893,128,2048,2
23,4,3,sentinel_k16_blocked,2400,0.915739834,0.831561089,0.572916687,0.920123219,0.528076172,0.936143339,0.104582250,128,2048,9
23,4,3,sentinel_k16_blocked,4200,0.773343980,0.891841412,0.531250000,0.879338264,0.604736328,0.587734580,-0.304106832,128,2048,15
23,4,3,sentinel_k16_pooled,0,1.102842927,1.105684638,0.312500000,1.100925326,0.354492188,1.103332400,-0.002352238,2048,2048,0
23,4,3,sentinel_k16_pooled,600,0.907038510,0.878667295,0.572916687,0.907540083,0.521484375,0.885062277,0.006394982,2048,2048,0
23,4,3,sentinel_k16_pooled,2400,0.614416718,0.703549623,0.718750000,0.684010327,0.709716797,0.567639589,-0.135910034,2048,2048,0
23,4,3,sentinel_k16_pooled,4200,0.625227869,0.837201118,0.697916687,0.696938038,0.717285156,0.536856115,-0.300345004,2048,2048,0
23,4,3,sentinel_k64_cyclic,0,1.102842927,1.105684638,0.312500000,1.100925326,0.354492188,1.103289127,-0.002395511,128,8192,0
23,4,3,sentinel_k64_cyclic,600,1.005967140,0.996657610,0.510416687,1.008773327,0.498046875,1.000798225,0.004140615,128,8192,21
23,4,3,sentinel_k64_cyclic,2400,0.784300745,0.871511281,0.458333343,0.871523976,0.538574219,0.772888064,-0.098623216,128,8192,23
23,4,3,sentinel_k64_cyclic,4200,0.679911375,0.802290440,0.572916687,0.826612532,0.551513672,0.735161424,-0.067129016,128,8192,25
23,4,3,sentinel_fresh,0,1.102842927,1.105684638,0.312500000,1.100925326,0.354492188,1.103289127,-0.002395511,128,128,0
23,4,3,sentinel_fresh,600,0.991805971,0.994330168,0.447916657,0.997260988,0.476318359,0.975514710,-0.018815458,128,19200,149
23,4,3,sentinel_fresh,2400,0.781658471,0.805211723,0.541666687,0.865323246,0.528564453,0.821304798,0.016093075,128,76800,599
23,4,3,sentinel_fresh,4200,0.664484084,0.765719652,0.645833313,0.821396112,0.589111328,0.831380546,0.065660894,128,134400,1049
24,4,4,sentinel_k1,0,1.093313813,1.101227999,0.291666657,1.098343968,0.329589844,1.098175883,-0.003052115,128,128,0
24,4,4,sentinel_k1,600,0.984405041,0.973071337,0.552083313,1.037918329,0.472412109,0.759842634,-0.213228703,128,128,0
24,4,4,sentinel_k1,2400,1.876103044,3.229952574,0.541666687,2.560027599,0.600830078,0.041429598,-3.188523054,128,128,0
24,4,4,sentinel_k1,4200,3.716659546,5.533452988,0.552083313,4.548737526,0.604492188,0.000932495,-5.532520294,128,128,0
24,4,4,sentinel_k4_cyclic,0,1.093313813,1.101227999,0.291666657,1.098343968,0.329589844,1.098175883,-0.003052115,128,512,0
24,4,4,sentinel_k4_cyclic,600,0.944968641,1.023057580,0.500000000,1.056996942,0.468994141,1.009581327,-0.013476253,128,512,1
24,4,4,sentinel_k4_cyclic,2400,0.769119680,0.836610734,0.656250000,0.935185909,0.555419922,0.735195816,-0.101414919,128,512,3
24,4,4,sentinel_k4_cyclic,4200,0.520541131,0.746501982,0.677083313,0.820929468,0.658203125,0.728197813,-0.018304169,128,512,1
24,4,4,sentinel_k16_cyclic,0,1.093313813,1.101227999,0.291666657,1.098343968,0.329589844,1.098175883,-0.003052115,128,2048,0
24,4,4,sentinel_k16_cyclic,600,0.978247643,1.007845163,0.458333343,1.035562396,0.480224609,0.980755150,-0.027090013,128,2048,5
24,4,4,sentinel_k16_cyclic,2400,0.787398040,0.767910540,0.708333313,0.912624657,0.563720703,0.872236550,0.104326010,128,2048,7
24,4,4,sentinel_k16_cyclic,4200,0.578516722,0.712715924,0.677083313,0.746551394,0.659179688,0.765800059,0.053084135,128,2048,9
24,4,4,sentinel_k16_blocked,0,1.093313813,1.101227999,0.291666657,1.098343968,0.329589844,1.098175883,-0.003052115,128,2048,0
24,4,4,sentinel_k16_blocked,600,0.929745018,0.939703882,0.625000000,0.990256190,0.500488281,0.913588643,-0.026115239,128,2048,2
24,4,4,sentinel_k16_blocked,2400,0.610481858,0.648018539,0.697916687,0.773045480,0.672363281,0.857190490,0.209171951,128,2048,9
24,4,4,sentinel_k16_blocked,4200,0.835287273,0.661343396,0.697916687,0.764591694,0.716796875,0.211791486,-0.449551910,128,2048,15
24,4,4,sentinel_k16_pooled,0,1.093313813,1.101227999,0.291666657,1.098343968,0.329589844,1.097868800,-0.003359199,2048,2048,0
24,4,4,sentinel_k16_pooled,600,0.805105269,0.802019835,0.687500000,0.891582072,0.561279297,0.868170917,0.066151083,2048,2048,0
24,4,4,sentinel_k16_pooled,2400,0.497982025,0.631297529,0.739583313,0.606153727,0.742675781,0.516059995,-0.115237534,2048,2048,0
24,4,4,sentinel_k16_pooled,4200,0.378727168,0.437175274,0.802083313,0.476774365,0.795654297,0.383362174,-0.053813100,2048,2048,0
24,4,4,sentinel_k64_cyclic,0,1.093313813,1.101227999,0.291666657,1.098343968,0.329589844,1.098175883,-0.003052115,128,8192,0
24,4,4,sentinel_k64_cyclic,600,0.990653098,1.005905986,0.510416687,1.026062727,0.467529297,1.055620551,0.049714565,128,8192,21
24,4,4,sentinel_k64_cyclic,2400,0.791827500,0.843481958,0.593750000,0.859200418,0.595947266,0.876391113,0.032909155,128,8192,23
24,4,4,sentinel_k64_cyclic,4200,0.591998219,0.778878927,0.666666687,0.777032673,0.628417969,0.800662935,0.021784008,128,8192,25
24,4,4,sentinel_fresh,0,1.093313813,1.101227999,0.291666657,1.098343968,0.329589844,1.098175883,-0.003052115,128,128,0
24,4,4,sentinel_fresh,600,0.996375620,0.977845848,0.468750000,1.010393620,0.481933594,1.018243790,0.040397942,128,19200,149
24,4,4,sentinel_fresh,2400,0.731389225,0.793671548,0.656250000,0.842768967,0.590087891,0.831743419,0.038071871,128,76800,599
24,4,4,sentinel_fresh,4200,0.539292276,0.741228521,0.739583313,0.762694776,0.635498047,0.721056223,-0.020172298,128,134400,1049
