seed,step,train_loss,validation_loss,parameter_fingerprint
2b7e151628aed2a6,600,1.032783270,1.045237780,b3274d2933a107a2
2b7e151628aed2a6,2400,0.553922832,0.610087812,282828fedff0056f
2b7e151628aed2a6,4200,0.446378201,0.479153514,ae11b610316a3793
77a19d3c4e280b51,600,1.033542275,1.039993286,b0d9da6b244dfb2b
77a19d3c4e280b51,2400,0.528430283,0.576200664,18df8741989d6e41
77a19d3c4e280b51,4200,0.402950734,0.470392704,1003234c8e916422
1111222233334444,600,1.042260766,1.053786397,ef6ac5205a21ead1
1111222233334444,2400,0.531460106,0.556997359,2e17895901bc3684
1111222233334444,4200,0.385440707,0.431371540,5c68757a07d7deba
