fit_id,operator_id,arm,adapter_seed,graph_realization,control_seed,teacher_seed,learner_seed,status,heldout_bce,heldout_accuracy,final_train_loss
"malecns-a1101-gx-cx-t6101-l7101","malecns-a1101-gx-cx","malecns",1101,,,6101,7101,"complete",0.2510011143815212,0.90869140625,0.06219957695147138
"malecns-a1101-gx-cx-t6101-l7102","malecns-a1101-gx-cx","malecns",1101,,,6101,7102,"complete",0.23252889269722687,0.90625,0.06781605484745885
"malecns-a1101-gx-cx-t6101-l7103","malecns-a1101-gx-cx","malecns",1101,,,6101,7103,"complete",0.2467282192399936,0.9111328125,0.06394570668222524
"malecns-a1101-gx-cx-t6101-l7104","malecns-a1101-gx-cx","malecns",1101,,,6101,7104,"complete",0.24738888901199171,0.914794921875,0.06385243849024794
"malecns-a1101-gx-cx-t6102-l7101","malecns-a1101-gx-cx","malecns",1101,,,6102,7101,"complete",0.23489099440986716,0.910400390625,0.06894327115024898
"malecns-a1101-gx-cx-t6102-l7102","malecns-a1101-gx-cx","malecns",1101,,,6102,7102,"complete",0.23354941701392967,0.90673828125,0.0725124880289407
"malecns-a1101-gx-cx-t6102-l7103","malecns-a1101-gx-cx","malecns",1101,,,6102,7103,"complete",0.23483514171553535,0.90625,0.06847946695831379
"malecns-a1101-gx-cx-t6102-l7104","malecns-a1101-gx-cx","malecns",1101,,,6102,7104,"complete",0.2342088688055408,0.91015625,0.06837994345949655
"malecns-a1101-gx-cx-t6103-l7101","malecns-a1101-gx-cx","malecns",1101,,,6103,7101,"complete",0.2734081656113414,0.895751953125,0.0747062277194942
"malecns-a1101-gx-cx-t6103-l7102","malecns-a1101-gx-cx","malecns",1101,,,6103,7102,"complete",0.2775454246778146,0.892333984375,0.07303975673288082
"malecns-a1101-gx-cx-t6103-l7103","malecns-a1101-gx-cx","malecns",1101,,,6103,7103,"complete",0.27518918046802504,0.89892578125,0.07849624512150707
"malecns-a1101-gx-cx-t6103-l7104","malecns-a1101-gx-cx","malecns",1101,,,6103,7104,"complete",0.2752392558159494,0.895263671875,0.07474709220200934
"malecns-a1101-gx-cx-t6104-l7101","malecns-a1101-gx-cx","malecns",1101,,,6104,7101,"complete",0.2716430121794114,0.89404296875,0.08114219463955134
"malecns-a1101-gx-cx-t6104-l7102","malecns-a1101-gx-cx","malecns",1101,,,6104,7102,"complete",0.2794207958588791,0.89404296875,0.07838905544274215
"malecns-a1101-gx-cx-t6104-l7103","malecns-a1101-gx-cx","malecns",1101,,,6104,7103,"complete",0.2748204661281254,0.893310546875,0.08341446615597024
"malecns-a1101-gx-cx-t6104-l7104","malecns-a1101-gx-cx","malecns",1101,,,6104,7104,"complete",0.2797388333416772,0.896728515625,0.07334115561892135
"malecns-a1102-gx-cx-t6101-l7101","malecns-a1102-gx-cx","malecns",1102,,,6101,7101,"complete",0.2510229273465307,0.90869140625,0.06223014281725917
"malecns-a1102-gx-cx-t6101-l7102","malecns-a1102-gx-cx","malecns",1102,,,6101,7102,"complete",0.23240928114923384,0.906494140625,0.06776104786966747
"malecns-a1102-gx-cx-t6101-l7103","malecns-a1102-gx-cx","malecns",1102,,,6101,7103,"complete",0.24659383995249573,0.912353515625,0.06395585468179193
"malecns-a1102-gx-cx-t6101-l7104","malecns-a1102-gx-cx","malecns",1102,,,6101,7104,"complete",0.24751963966380935,0.91455078125,0.06379517282008637
"malecns-a1102-gx-cx-t6102-l7101","malecns-a1102-gx-cx","malecns",1102,,,6102,7101,"complete",0.23480614367893232,0.91015625,0.06896641704325374
"malecns-a1102-gx-cx-t6102-l7102","malecns-a1102-gx-cx","malecns",1102,,,6102,7102,"complete",0.2334624989267645,0.90673828125,0.0724540496599954
"malecns-a1102-gx-cx-t6102-l7103","malecns-a1102-gx-cx","malecns",1102,,,6102,7103,"complete",0.23484544712531336,0.906494140625,0.06848216829332388
"malecns-a1102-gx-cx-t6102-l7104","malecns-a1102-gx-cx","malecns",1102,,,6102,7104,"complete",0.23400439328571607,0.91015625,0.06846061594242481
"malecns-a1102-gx-cx-t6103-l7101","malecns-a1102-gx-cx","malecns",1102,,,6103,7101,"complete",0.2734591623949161,0.8955078125,0.07474957159989065
"malecns-a1102-gx-cx-t6103-l7102","malecns-a1102-gx-cx","malecns",1102,,,6103,7102,"complete",0.2776381230708562,0.891357421875,0.07311596313620011
"malecns-a1102-gx-cx-t6103-l7103","malecns-a1102-gx-cx","malecns",1102,,,6103,7103,"complete",0.27528892629393253,0.899169921875,0.07849506866818746
"malecns-a1102-gx-cx-t6103-l7104","malecns-a1102-gx-cx","malecns",1102,,,6103,7104,"complete",0.2751651021338562,0.894287109375,0.07470893235286079
"malecns-a1102-gx-cx-t6104-l7101","malecns-a1102-gx-cx","malecns",1102,,,6104,7101,"complete",0.2715935697388061,0.89404296875,0.08113901591827159
"malecns-a1102-gx-cx-t6104-l7102","malecns-a1102-gx-cx","malecns",1102,,,6104,7102,"complete",0.27941385935228713,0.89453125,0.07843521987124474
"malecns-a1102-gx-cx-t6104-l7103","malecns-a1102-gx-cx","malecns",1102,,,6104,7103,"complete",0.2747749319061415,0.893310546875,0.08346031913786416
"malecns-a1102-gx-cx-t6104-l7104","malecns-a1102-gx-cx","malecns",1102,,,6104,7104,"complete",0.2798570873046603,0.895751953125,0.07342716765257902
"malecns-a1103-gx-cx-t6101-l7101","malecns-a1103-gx-cx","malecns",1103,,,6101,7101,"complete",0.25098837265307444,0.9091796875,0.062292011135817414
"malecns-a1103-gx-cx-t6101-l7102","malecns-a1103-gx-cx","malecns",1103,,,6101,7102,"complete",0.23244957280950576,0.90625,0.06779006751635966
"malecns-a1103-gx-cx-t6101-l7103","malecns-a1103-gx-cx","malecns",1103,,,6101,7103,"complete",0.24670474187439465,0.912109375,0.0639201585404964
"malecns-a1103-gx-cx-t6101-l7104","malecns-a1103-gx-cx","malecns",1103,,,6101,7104,"complete",0.24748841831844953,0.91455078125,0.06383878686146774
"malecns-a1103-gx-cx-t6102-l7101","malecns-a1103-gx-cx","malecns",1103,,,6102,7101,"complete",0.23483664159048184,0.90966796875,0.06890363869654455
"malecns-a1103-gx-cx-t6102-l7102","malecns-a1103-gx-cx","malecns",1103,,,6102,7102,"complete",0.2334609654044915,0.907470703125,0.07258892549394697
"malecns-a1103-gx-cx-t6102-l7103","malecns-a1103-gx-cx","malecns",1103,,,6102,7103,"complete",0.23484072141788376,0.906494140625,0.0684974189518796
"malecns-a1103-gx-cx-t6102-l7104","malecns-a1103-gx-cx","malecns",1103,,,6102,7104,"complete",0.2339999821609848,0.91015625,0.06847668657930604
"malecns-a1103-gx-cx-t6103-l7101","malecns-a1103-gx-cx","malecns",1103,,,6103,7101,"complete",0.2732952247671781,0.8955078125,0.07477619781887579
"malecns-a1103-gx-cx-t6103-l7102","malecns-a1103-gx-cx","malecns",1103,,,6103,7102,"complete",0.2776446746833812,0.891845703125,0.07307949617711303
"malecns-a1103-gx-cx-t6103-l7103","malecns-a1103-gx-cx","malecns",1103,,,6103,7103,"complete",0.2753065556320362,0.899169921875,0.07853868334151995
"malecns-a1103-gx-cx-t6103-l7104","malecns-a1103-gx-cx","malecns",1103,,,6103,7104,"complete",0.2751381222415914,0.895263671875,0.07467667558780298
"malecns-a1103-gx-cx-t6104-l7101","malecns-a1103-gx-cx","malecns",1103,,,6104,7101,"complete",0.2715956651204685,0.894775390625,0.08107365209822091
"malecns-a1103-gx-cx-t6104-l7102","malecns-a1103-gx-cx","malecns",1103,,,6104,7102,"complete",0.2792541871773196,0.893798828125,0.07840198732693143
"malecns-a1103-gx-cx-t6104-l7103","malecns-a1103-gx-cx","malecns",1103,,,6104,7103,"complete",0.2746996272106617,0.8935546875,0.08347467895400035
"malecns-a1103-gx-cx-t6104-l7104","malecns-a1103-gx-cx","malecns",1103,,,6104,7104,"complete",0.27977361944464574,0.896240234375,0.07344119232304229
"malecns-a1104-gx-cx-t6101-l7101","malecns-a1104-gx-cx","malecns",1104,,,6101,7101,"complete",0.25100486125746985,0.907958984375,0.06228928047953702
"malecns-a1104-gx-cx-t6101-l7102","malecns-a1104-gx-cx","malecns",1104,,,6101,7102,"complete",0.2324102838077434,0.906494140625,0.06782077769603413
"malecns-a1104-gx-cx-t6101-l7103","malecns-a1104-gx-cx","malecns",1104,,,6101,7103,"complete",0.24664932408321488,0.911865234375,0.0639496467822095
"malecns-a1104-gx-cx-t6101-l7104","malecns-a1104-gx-cx","malecns",1104,,,6101,7104,"complete",0.24745589849728863,0.914306640625,0.06378735108178567
"malecns-a1104-gx-cx-t6102-l7101","malecns-a1104-gx-cx","malecns",1104,,,6102,7101,"complete",0.23490047447161105,0.909912109375,0.06896577498283187
"malecns-a1104-gx-cx-t6102-l7102","malecns-a1104-gx-cx","malecns",1104,,,6102,7102,"complete",0.23347755247425475,0.90673828125,0.07253165145088807
"malecns-a1104-gx-cx-t6102-l7103","malecns-a1104-gx-cx","malecns",1104,,,6102,7103,"complete",0.23490683614779148,0.9072265625,0.06846783254246072
"malecns-a1104-gx-cx-t6102-l7104","malecns-a1104-gx-cx","malecns",1104,,,6102,7104,"complete",0.23403070065109016,0.909912109375,0.06847552447862365
"malecns-a1104-gx-cx-t6103-l7101","malecns-a1104-gx-cx","malecns",1104,,,6103,7101,"complete",0.27331887236642943,0.895751953125,0.07482187773768174
"malecns-a1104-gx-cx-t6103-l7102","malecns-a1104-gx-cx","malecns",1104,,,6103,7102,"complete",0.27764097943179417,0.891357421875,0.07307579983084687
"malecns-a1104-gx-cx-t6103-l7103","malecns-a1104-gx-cx","malecns",1104,,,6103,7103,"complete",0.27543319275630046,0.899169921875,0.0785032388003929
"malecns-a1104-gx-cx-t6103-l7104","malecns-a1104-gx-cx","malecns",1104,,,6103,7104,"complete",0.27520471859353796,0.89501953125,0.07471546843618243
"malecns-a1104-gx-cx-t6104-l7101","malecns-a1104-gx-cx","malecns",1104,,,6104,7101,"complete",0.271523288886905,0.894287109375,0.0811088275185507
"malecns-a1104-gx-cx-t6104-l7102","malecns-a1104-gx-cx","malecns",1104,,,6104,7102,"complete",0.27937636337681243,0.89404296875,0.0784049231374813
"malecns-a1104-gx-cx-t6104-l7103","malecns-a1104-gx-cx","malecns",1104,,,6104,7103,"complete",0.2748463423838709,0.8935546875,0.08345904301998656
"malecns-a1104-gx-cx-t6104-l7104","malecns-a1104-gx-cx","malecns",1104,,,6104,7104,"complete",0.2796991045254571,0.895751953125,0.07355835561451218
"degree-a1101-g2101-cx-t6101-l7101","degree-a1101-g2101-cx","degree",1101,2101,,6101,7101,"complete",0.25099775770075866,0.90869140625,0.06221867481148799
"degree-a1101-g2101-cx-t6101-l7102","degree-a1101-g2101-cx","degree",1101,2101,,6101,7102,"complete",0.2325120603405289,0.90625,0.06781818865712963
"degree-a1101-g2101-cx-t6101-l7103","degree-a1101-g2101-cx","degree",1101,2101,,6101,7103,"complete",0.24670737560813377,0.91162109375,0.06392847420880864
"degree-a1101-g2101-cx-t6101-l7104","degree-a1101-g2101-cx","degree",1101,2101,,6101,7104,"complete",0.2474146140280469,0.914794921875,0.06383714917802812
"degree-a1101-g2101-cx-t6102-l7101","degree-a1101-g2101-cx","degree",1101,2101,,6102,7101,"complete",0.2349860891386359,0.909912109375,0.06891887887268887
"degree-a1101-g2101-cx-t6102-l7102","degree-a1101-g2101-cx","degree",1101,2101,,6102,7102,"complete",0.23355296210319543,0.90673828125,0.0725016841187447
"degree-a1101-g2101-cx-t6102-l7103","degree-a1101-g2101-cx","degree",1101,2101,,6102,7103,"complete",0.23484478154334343,0.906494140625,0.0684708121370398
"degree-a1101-g2101-cx-t6102-l7104","degree-a1101-g2101-cx","degree",1101,2101,,6102,7104,"complete",0.23415092898760193,0.909912109375,0.06839866414162718
"degree-a1101-g2101-cx-t6103-l7101","degree-a1101-g2101-cx","degree",1101,2101,,6103,7101,"complete",0.273394357239075,0.8955078125,0.07472585578970707
"degree-a1101-g2101-cx-t6103-l7102","degree-a1101-g2101-cx","degree",1101,2101,,6103,7102,"complete",0.2775411678177916,0.892333984375,0.0730526456624341
"degree-a1101-g2101-cx-t6103-l7103","degree-a1101-g2101-cx","degree",1101,2101,,6103,7103,"complete",0.2752103186645705,0.898681640625,0.0784950459721123
"degree-a1101-g2101-cx-t6103-l7104","degree-a1101-g2101-cx","degree",1101,2101,,6103,7104,"complete",0.2752304203271537,0.8955078125,0.07473784072105014
"degree-a1101-g2101-cx-t6104-l7101","degree-a1101-g2101-cx","degree",1101,2101,,6104,7101,"complete",0.2716055158118021,0.89404296875,0.08112619185813079
"degree-a1101-g2101-cx-t6104-l7102","degree-a1101-g2101-cx","degree",1101,2101,,6104,7102,"complete",0.279419596324451,0.89453125,0.07839684010837115
"degree-a1101-g2101-cx-t6104-l7103","degree-a1101-g2101-cx","degree",1101,2101,,6104,7103,"complete",0.2748189225489781,0.893310546875,0.0834230813328865
"degree-a1101-g2101-cx-t6104-l7104","degree-a1101-g2101-cx","degree",1101,2101,,6104,7104,"complete",0.2797654549338879,0.896484375,0.07332716823370643
"degree-a1102-g2101-cx-t6101-l7101","degree-a1102-g2101-cx","degree",1102,2101,,6101,7101,"complete",0.2510376539558876,0.908447265625,0.06222813692530497
"degree-a1102-g2101-cx-t6101-l7102","degree-a1102-g2101-cx","degree",1102,2101,,6101,7102,"complete",0.2324467967373871,0.906494140625,0.06777543987628594
"degree-a1102-g2101-cx-t6101-l7103","degree-a1102-g2101-cx","degree",1102,2101,,6101,7103,"complete",0.2465842189535803,0.912353515625,0.06394643441299462
"degree-a1102-g2101-cx-t6101-l7104","degree-a1102-g2101-cx","degree",1102,2101,,6101,7104,"complete",0.24751178729539955,0.91455078125,0.06382859541614246
"degree-a1102-g2101-cx-t6102-l7101","degree-a1102-g2101-cx","degree",1102,2101,,6102,7101,"complete",0.2348293339920238,0.910400390625,0.06896856687656527
"degree-a1102-g2101-cx-t6102-l7102","degree-a1102-g2101-cx","degree",1102,2101,,6102,7102,"complete",0.2334658708924067,0.906494140625,0.07246431214175426
"degree-a1102-g2101-cx-t6102-l7103","degree-a1102-g2101-cx","degree",1102,2101,,6102,7103,"complete",0.2348587143388088,0.90673828125,0.06847919523719458
"degree-a1102-g2101-cx-t6102-l7104","degree-a1102-g2101-cx","degree",1102,2101,,6102,7104,"complete",0.23402054908630252,0.909912109375,0.06846760327171271
"degree-a1102-g2101-cx-t6103-l7101","degree-a1102-g2101-cx","degree",1102,2101,,6103,7101,"complete",0.27345411666154507,0.895263671875,0.07475904731079855
"degree-a1102-g2101-cx-t6103-l7102","degree-a1102-g2101-cx","degree",1102,2101,,6103,7102,"complete",0.27761712817223066,0.891357421875,0.07311036670900656
"degree-a1102-g2101-cx-t6103-l7103","degree-a1102-g2101-cx","degree",1102,2101,,6103,7103,"complete",0.2752834772876091,0.8994140625,0.07850867127421023
"degree-a1102-g2101-cx-t6103-l7104","degree-a1102-g2101-cx","degree",1102,2101,,6103,7104,"complete",0.2751775078429232,0.894287109375,0.07470172809423035
"degree-a1102-g2101-cx-t6104-l7101","degree-a1102-g2101-cx","degree",1102,2101,,6104,7101,"complete",0.27158597817176244,0.89404296875,0.0811265995159182
"degree-a1102-g2101-cx-t6104-l7102","degree-a1102-g2101-cx","degree",1102,2101,,6104,7102,"complete",0.27941120067309244,0.894287109375,0.07843885191993423
"degree-a1102-g2101-cx-t6104-l7103","degree-a1102-g2101-cx","degree",1102,2101,,6104,7103,"complete",0.27478575741071115,0.8935546875,0.0834602870749547
"degree-a1102-g2101-cx-t6104-l7104","degree-a1102-g2101-cx","degree",1102,2101,,6104,7104,"complete",0.2798356895142941,0.89599609375,0.07341898314481464
"degree-a1103-g2101-cx-t6101-l7101","degree-a1103-g2101-cx","degree",1103,2101,,6101,7101,"complete",0.251000459168905,0.9091796875,0.06229088449398458
"degree-a1103-g2101-cx-t6101-l7102","degree-a1103-g2101-cx","degree",1103,2101,,6101,7102,"complete",0.2324357705777509,0.906494140625,0.06780301142593634
"degree-a1103-g2101-cx-t6101-l7103","degree-a1103-g2101-cx","degree",1103,2101,,6101,7103,"complete",0.24668864154923104,0.912109375,0.06390444463005228
"degree-a1103-g2101-cx-t6101-l7104","degree-a1103-g2101-cx","degree",1103,2101,,6101,7104,"complete",0.24752556051222113,0.914306640625,0.06382371390796862
"degree-a1103-g2101-cx-t6102-l7101","degree-a1103-g2101-cx","degree",1103,2101,,6102,7101,"complete",0.2348219698953966,0.909912109375,0.06893103641487064
"degree-a1103-g2101-cx-t6102-l7102","degree-a1103-g2101-cx","degree",1103,2101,,6102,7102,"complete",0.23347065274138537,0.9072265625,0.07257395357462286
"degree-a1103-g2101-cx-t6102-l7103","degree-a1103-g2101-cx","degree",1103,2101,,6102,7103,"complete",0.23483580236635895,0.90625,0.06848548214617695
"degree-a1103-g2101-cx-t6102-l7104","degree-a1103-g2101-cx","degree",1103,2101,,6102,7104,"complete",0.2340081860867839,0.910400390625,0.06847401133958397
"degree-a1103-g2101-cx-t6103-l7101","degree-a1103-g2101-cx","degree",1103,2101,,6103,7101,"complete",0.27331250972530546,0.8955078125,0.07477564391892949
"degree-a1103-g2101-cx-t6103-l7102","degree-a1103-g2101-cx","degree",1103,2101,,6103,7102,"complete",0.27761115861692004,0.891845703125,0.07308681349373386
"degree-a1103-g2101-cx-t6103-l7103","degree-a1103-g2101-cx","degree",1103,2101,,6103,7103,"complete",0.2753069066058068,0.899169921875,0.07851910160373439
"degree-a1103-g2101-cx-t6103-l7104","degree-a1103-g2101-cx","degree",1103,2101,,6103,7104,"complete",0.2751387003087802,0.895263671875,0.07467471841810955
"degree-a1103-g2101-cx-t6104-l7101","degree-a1103-g2101-cx","degree",1103,2101,,6104,7101,"complete",0.2716177837612612,0.894775390625,0.08104666332832183
"degree-a1103-g2101-cx-t6104-l7102","degree-a1103-g2101-cx","degree",1103,2101,,6104,7102,"complete",0.2792563007163008,0.89404296875,0.07841554530354189
"degree-a1103-g2101-cx-t6104-l7103","degree-a1103-g2101-cx","degree",1103,2101,,6104,7103,"complete",0.27468006144094087,0.893310546875,0.0834777801273155
"degree-a1103-g2101-cx-t6104-l7104","degree-a1103-g2101-cx","degree",1103,2101,,6104,7104,"complete",0.27967324169905755,0.895751953125,0.0734517945235703
"degree-a1104-g2101-cx-t6101-l7101","degree-a1104-g2101-cx","degree",1104,2101,,6101,7101,"complete",0.25102758174022954,0.907958984375,0.062262248836324155
"degree-a1104-g2101-cx-t6101-l7102","degree-a1104-g2101-cx","degree",1104,2101,,6101,7102,"complete",0.23244666452820872,0.90625,0.06780704992421879
"degree-a1104-g2101-cx-t6101-l7103","degree-a1104-g2101-cx","degree",1104,2101,,6101,7103,"complete",0.2466364199529631,0.912109375,0.06394284458544845
"degree-a1104-g2101-cx-t6101-l7104","degree-a1104-g2101-cx","degree",1104,2101,,6101,7104,"complete",0.247438685436856,0.91455078125,0.0637938287866056
"degree-a1104-g2101-cx-t6102-l7101","degree-a1104-g2101-cx","degree",1104,2101,,6102,7101,"complete",0.23490334192448045,0.910400390625,0.0689532124701125
"degree-a1104-g2101-cx-t6102-l7102","degree-a1104-g2101-cx","degree",1104,2101,,6102,7102,"complete",0.23348077907909717,0.906982421875,0.07252393800941555
"degree-a1104-g2101-cx-t6102-l7103","degree-a1104-g2101-cx","degree",1104,2101,,6102,7103,"complete",0.23490553036410797,0.9072265625,0.0684594704053676
"degree-a1104-g2101-cx-t6102-l7104","degree-a1104-g2101-cx","degree",1104,2101,,6102,7104,"complete",0.23406725639902937,0.909912109375,0.06847292587872084
"degree-a1104-g2101-cx-t6103-l7101","degree-a1104-g2101-cx","degree",1104,2101,,6103,7101,"complete",0.27332104009038916,0.895751953125,0.07480951488034625
"degree-a1104-g2101-cx-t6103-l7102","degree-a1104-g2101-cx","degree",1104,2101,,6103,7102,"complete",0.27760750754570074,0.891357421875,0.07308382177151386
"degree-a1104-g2101-cx-t6103-l7103","degree-a1104-g2101-cx","degree",1104,2101,,6103,7103,"complete",0.2754066103434655,0.899169921875,0.07851733319522526
"degree-a1104-g2101-cx-t6103-l7104","degree-a1104-g2101-cx","degree",1104,2101,,6103,7104,"complete",0.27524206745931334,0.894775390625,0.07471176867949558
"degree-a1104-g2101-cx-t6104-l7101","degree-a1104-g2101-cx","degree",1104,2101,,6104,7101,"complete",0.27151753538213175,0.894287109375,0.08111873057483206
"degree-a1104-g2101-cx-t6104-l7102","degree-a1104-g2101-cx","degree",1104,2101,,6104,7102,"complete",0.2793557588081818,0.89404296875,0.0784123955321089
"degree-a1104-g2101-cx-t6104-l7103","degree-a1104-g2101-cx","degree",1104,2101,,6104,7103,"complete",0.2748486360099027,0.8935546875,0.08347829703038595
"degree-a1104-g2101-cx-t6104-l7104","degree-a1104-g2101-cx","degree",1104,2101,,6104,7104,"complete",0.27969566057386525,0.895751953125,0.07355001895441753
"degree-a1101-g2102-cx-t6101-l7101","degree-a1101-g2102-cx","degree",1101,2102,,6101,7101,"complete",0.2510050862232114,0.90869140625,0.062219974536032424
"degree-a1101-g2102-cx-t6101-l7102","degree-a1101-g2102-cx","degree",1101,2102,,6101,7102,"complete",0.2325178351151746,0.90625,0.06781889255542783
"degree-a1101-g2102-cx-t6101-l7103","degree-a1101-g2102-cx","degree",1101,2102,,6101,7103,"complete",0.24670738818900356,0.91162109375,0.06392849373076381
"degree-a1101-g2102-cx-t6101-l7104","degree-a1101-g2102-cx","degree",1101,2102,,6101,7104,"complete",0.247411950198809,0.914794921875,0.0638362497727035
"degree-a1101-g2102-cx-t6102-l7101","degree-a1101-g2102-cx","degree",1101,2102,,6102,7101,"complete",0.23494695425116052,0.91015625,0.06894931719406146
"degree-a1101-g2102-cx-t6102-l7102","degree-a1101-g2102-cx","degree",1101,2102,,6102,7102,"complete",0.23354559617480597,0.90673828125,0.07250107492517782
"degree-a1101-g2102-cx-t6102-l7103","degree-a1101-g2102-cx","degree",1101,2102,,6102,7103,"complete",0.23484728709560215,0.906494140625,0.06847214519650476
"degree-a1101-g2102-cx-t6102-l7104","degree-a1101-g2102-cx","degree",1101,2102,,6102,7104,"complete",0.234153865449872,0.909912109375,0.0684027666922887
"degree-a1101-g2102-cx-t6103-l7101","degree-a1101-g2102-cx","degree",1101,2102,,6103,7101,"complete",0.27339167909348006,0.8955078125,0.07472523804402743
"degree-a1101-g2102-cx-t6103-l7102","degree-a1101-g2102-cx","degree",1101,2102,,6103,7102,"complete",0.2775566068736735,0.892333984375,0.0730533077019546
"degree-a1101-g2102-cx-t6103-l7103","degree-a1101-g2102-cx","degree",1101,2102,,6103,7103,"complete",0.27521068974090696,0.898681640625,0.0784935721700359
"degree-a1101-g2102-cx-t6103-l7104","degree-a1101-g2102-cx","degree",1101,2102,,6103,7104,"complete",0.2752269873821821,0.8955078125,0.0747399073886533
"degree-a1101-g2102-cx-t6104-l7101","degree-a1101-g2102-cx","degree",1101,2102,,6104,7101,"complete",0.2716102975137226,0.89404296875,0.08112233949373336
"degree-a1101-g2102-cx-t6104-l7102","degree-a1101-g2102-cx","degree",1101,2102,,6104,7102,"complete",0.27941551532529096,0.89453125,0.0784021914991193
"degree-a1101-g2102-cx-t6104-l7103","degree-a1101-g2102-cx","degree",1101,2102,,6104,7103,"complete",0.27482177192928725,0.893310546875,0.08341982537732698
"degree-a1101-g2102-cx-t6104-l7104","degree-a1101-g2102-cx","degree",1101,2102,,6104,7104,"complete",0.2797708079411278,0.896240234375,0.07333051248096649
"degree-a1102-g2102-cx-t6101-l7101","degree-a1102-g2102-cx","degree",1102,2102,,6101,7101,"complete",0.25103800376705876,0.908447265625,0.06222650507376178
"degree-a1102-g2102-cx-t6101-l7102","degree-a1102-g2102-cx","degree",1102,2102,,6101,7102,"complete",0.23244594495264267,0.906494140625,0.06777637690393122
"degree-a1102-g2102-cx-t6101-l7103","degree-a1102-g2102-cx","degree",1102,2102,,6101,7103,"complete",0.2465861623634839,0.91259765625,0.0639498201103638
"degree-a1102-g2102-cx-t6101-l7104","degree-a1102-g2102-cx","degree",1102,2102,,6101,7104,"complete",0.2474900283364802,0.91455078125,0.06384888730259294
"degree-a1102-g2102-cx-t6102-l7101","degree-a1102-g2102-cx","degree",1102,2102,,6102,7101,"complete",0.23482693061558935,0.910888671875,0.06896252671169863
"degree-a1102-g2102-cx-t6102-l7102","degree-a1102-g2102-cx","degree",1102,2102,,6102,7102,"complete",0.23346461438069335,0.906494140625,0.07246245320427323
"degree-a1102-g2102-cx-t6102-l7103","degree-a1102-g2102-cx","degree",1102,2102,,6102,7103,"complete",0.2348620415986606,0.90673828125,0.06847717310957553
"degree-a1102-g2102-cx-t6102-l7104","degree-a1102-g2102-cx","degree",1102,2102,,6102,7104,"complete",0.23402524707935227,0.909912109375,0.06846881667882994
"degree-a1102-g2102-cx-t6103-l7101","degree-a1102-g2102-cx","degree",1102,2102,,6103,7101,"complete",0.27344483050733787,0.895751953125,0.07475678690153756
"degree-a1102-g2102-cx-t6103-l7102","degree-a1102-g2102-cx","degree",1102,2102,,6103,7102,"complete",0.2776022969393787,0.89111328125,0.07311685854387784
"degree-a1102-g2102-cx-t6103-l7103","degree-a1102-g2102-cx","degree",1102,2102,,6103,7103,"complete",0.27528538206064024,0.899169921875,0.07850568125465936
"degree-a1102-g2102-cx-t6103-l7104","degree-a1102-g2102-cx","degree",1102,2102,,6103,7104,"complete",0.2751821287296246,0.894287109375,0.0747024187822651
"degree-a1102-g2102-cx-t6104-l7101","degree-a1102-g2102-cx","degree",1102,2102,,6104,7101,"complete",0.27158444145337185,0.89404296875,0.08112958124268925
"degree-a1102-g2102-cx-t6104-l7102","degree-a1102-g2102-cx","degree",1102,2102,,6104,7102,"complete",0.27942166461735757,0.894287109375,0.0784373125348709
"degree-a1102-g2102-cx-t6104-l7103","degree-a1102-g2102-cx","degree",1102,2102,,6104,7103,"complete",0.2747815613766653,0.8935546875,0.08345811456804611
"degree-a1102-g2102-cx-t6104-l7104","degree-a1102-g2102-cx","degree",1102,2102,,6104,7104,"complete",0.2798580530254416,0.89599609375,0.07343580244677245
"degree-a1103-g2102-cx-t6101-l7101","degree-a1103-g2102-cx","degree",1103,2102,,6101,7101,"complete",0.2509914696847974,0.9091796875,0.06229201417095774
"degree-a1103-g2102-cx-t6101-l7102","degree-a1103-g2102-cx","degree",1103,2102,,6101,7102,"complete",0.2324347770554103,0.906494140625,0.06780180202220062
"degree-a1103-g2102-cx-t6101-l7103","degree-a1103-g2102-cx","degree",1103,2102,,6101,7103,"complete",0.24668360328533423,0.912109375,0.0639068087228776
"degree-a1103-g2102-cx-t6101-l7104","degree-a1103-g2102-cx","degree",1103,2102,,6101,7104,"complete",0.2475202705742219,0.914306640625,0.06382441877271643
"degree-a1103-g2102-cx-t6102-l7101","degree-a1103-g2102-cx","degree",1103,2102,,6102,7101,"complete",0.23485184249078317,0.909912109375,0.06890642346647657
"degree-a1103-g2102-cx-t6102-l7102","degree-a1103-g2102-cx","degree",1103,2102,,6102,7102,"complete",0.23347276357820587,0.9072265625,0.07256866707342
"degree-a1103-g2102-cx-t6102-l7103","degree-a1103-g2102-cx","degree",1103,2102,,6102,7103,"complete",0.23483283225707133,0.906494140625,0.06848567513759556
"degree-a1103-g2102-cx-t6102-l7104","degree-a1103-g2102-cx","degree",1103,2102,,6102,7104,"complete",0.23401801587126703,0.910400390625,0.06847280847075746
"degree-a1103-g2102-cx-t6103-l7101","degree-a1103-g2102-cx","degree",1103,2102,,6103,7101,"complete",0.2733117555288888,0.8955078125,0.0747730479503371
"degree-a1103-g2102-cx-t6103-l7102","degree-a1103-g2102-cx","degree",1103,2102,,6103,7102,"complete",0.277616762753827,0.891845703125,0.0730922999934826
"degree-a1103-g2102-cx-t6103-l7103","degree-a1103-g2102-cx","degree",1103,2102,,6103,7103,"complete",0.27530734437763,0.899169921875,0.07852897948350279
"degree-a1103-g2102-cx-t6103-l7104","degree-a1103-g2102-cx","degree",1103,2102,,6103,7104,"complete",0.2751338942271601,0.895263671875,0.07467403626340162
"degree-a1103-g2102-cx-t6104-l7101","degree-a1103-g2102-cx","degree",1103,2102,,6104,7101,"complete",0.27162196670752875,0.894775390625,0.08104616384363575
"degree-a1103-g2102-cx-t6104-l7102","degree-a1103-g2102-cx","degree",1103,2102,,6104,7102,"complete",0.2792559115465951,0.89404296875,0.07841505496404653
"degree-a1103-g2102-cx-t6104-l7103","degree-a1103-g2102-cx","degree",1103,2102,,6104,7103,"complete",0.2746796700260434,0.893310546875,0.08347729971010481
"degree-a1103-g2102-cx-t6104-l7104","degree-a1103-g2102-cx","degree",1103,2102,,6104,7104,"complete",0.279670588807028,0.89599609375,0.07344451150070927
"degree-a1104-g2102-cx-t6101-l7101","degree-a1104-g2102-cx","degree",1104,2102,,6101,7101,"complete",0.2510358726258644,0.90771484375,0.062257428577598736
"degree-a1104-g2102-cx-t6101-l7102","degree-a1104-g2102-cx","degree",1104,2102,,6101,7102,"complete",0.23244041168472973,0.906494140625,0.06781115549496916
"degree-a1104-g2102-cx-t6101-l7103","degree-a1104-g2102-cx","degree",1104,2102,,6101,7103,"complete",0.2466467437602312,0.912109375,0.0639390940600239
"degree-a1104-g2102-cx-t6101-l7104","degree-a1104-g2102-cx","degree",1104,2102,,6101,7104,"complete",0.24743817832375328,0.914794921875,0.06379137844236461
"degree-a1104-g2102-cx-t6102-l7101","degree-a1104-g2102-cx","degree",1104,2102,,6102,7101,"complete",0.23489248948361072,0.910400390625,0.0689433349199662
"degree-a1104-g2102-cx-t6102-l7102","degree-a1104-g2102-cx","degree",1104,2102,,6102,7102,"complete",0.2334787158357319,0.90673828125,0.07252284013313466
"degree-a1104-g2102-cx-t6102-l7103","degree-a1104-g2102-cx","degree",1104,2102,,6102,7103,"complete",0.2349012488979677,0.9072265625,0.06845671511993269
"degree-a1104-g2102-cx-t6102-l7104","degree-a1104-g2102-cx","degree",1104,2102,,6102,7104,"complete",0.2340641613493697,0.909912109375,0.06847583834304707
"degree-a1104-g2102-cx-t6103-l7101","degree-a1104-g2102-cx","degree",1104,2102,,6103,7101,"complete",0.27332727458466377,0.895751953125,0.07480841577314261
"degree-a1104-g2102-cx-t6103-l7102","degree-a1104-g2102-cx","degree",1104,2102,,6103,7102,"complete",0.2776104324766196,0.8916015625,0.0730815489414046
"degree-a1104-g2102-cx-t6103-l7103","degree-a1104-g2102-cx","degree",1104,2102,,6103,7103,"complete",0.2753951868712092,0.899169921875,0.07851552383542375
"degree-a1104-g2102-cx-t6103-l7104","degree-a1104-g2102-cx","degree",1104,2102,,6103,7104,"complete",0.27524660257723066,0.894775390625,0.07470790689955731
"degree-a1104-g2102-cx-t6104-l7101","degree-a1104-g2102-cx","degree",1104,2102,,6104,7101,"complete",0.27151619519271925,0.894287109375,0.08111763846643484
"degree-a1104-g2102-cx-t6104-l7102","degree-a1104-g2102-cx","degree",1104,2102,,6104,7102,"complete",0.2793512717137413,0.89404296875,0.07841577386997242
"degree-a1104-g2102-cx-t6104-l7103","degree-a1104-g2102-cx","degree",1104,2102,,6104,7103,"complete",0.27484688155484605,0.893310546875,0.0834763763031176
"degree-a1104-g2102-cx-t6104-l7104","degree-a1104-g2102-cx","degree",1104,2102,,6104,7104,"complete",0.2797232320567981,0.8955078125,0.07354105150475394
"degree-a1101-g2103-cx-t6101-l7101","degree-a1101-g2103-cx","degree",1101,2103,,6101,7101,"complete",0.2509984870988607,0.90869140625,0.062221082156153025
"degree-a1101-g2103-cx-t6101-l7102","degree-a1101-g2103-cx","degree",1101,2103,,6101,7102,"complete",0.2325158153084585,0.90625,0.06781621190126443
"degree-a1101-g2103-cx-t6101-l7103","degree-a1101-g2103-cx","degree",1101,2103,,6101,7103,"complete",0.24670959722835267,0.911865234375,0.06393343269493153
"degree-a1101-g2103-cx-t6101-l7104","degree-a1101-g2103-cx","degree",1101,2103,,6101,7104,"complete",0.24741354982702016,0.914794921875,0.06383642597498637
"degree-a1101-g2103-cx-t6102-l7101","degree-a1101-g2103-cx","degree",1101,2103,,6102,7101,"complete",0.2349755194469701,0.91015625,0.06894623749210758
"degree-a1101-g2103-cx-t6102-l7102","degree-a1101-g2103-cx","degree",1101,2103,,6102,7102,"complete",0.23354555265776575,0.90673828125,0.07250089556211112
"degree-a1101-g2103-cx-t6102-l7103","degree-a1101-g2103-cx","degree",1101,2103,,6102,7103,"complete",0.23484922974302536,0.906494140625,0.06847544042821258
"degree-a1101-g2103-cx-t6102-l7104","degree-a1101-g2103-cx","degree",1101,2103,,6102,7104,"complete",0.2341514903621806,0.909912109375,0.06840007239610775
"degree-a1101-g2103-cx-t6103-l7101","degree-a1101-g2103-cx","degree",1101,2103,,6103,7101,"complete",0.2733978817724586,0.895751953125,0.07472075654513759
"degree-a1101-g2103-cx-t6103-l7102","degree-a1101-g2103-cx","degree",1101,2103,,6103,7102,"complete",0.277524644109756,0.892333984375,0.07306415439835393
"degree-a1101-g2103-cx-t6103-l7103","degree-a1101-g2103-cx","degree",1101,2103,,6103,7103,"complete",0.27520259342131537,0.898681640625,0.07850117779548108
"degree-a1101-g2103-cx-t6103-l7104","degree-a1101-g2103-cx","degree",1101,2103,,6103,7104,"complete",0.27522631288523386,0.8955078125,0.07474204825107873
"degree-a1101-g2103-cx-t6104-l7101","degree-a1101-g2103-cx","degree",1101,2103,,6104,7101,"complete",0.2716038903935526,0.89404296875,0.08112525094625125
"degree-a1101-g2103-cx-t6104-l7102","degree-a1101-g2103-cx","degree",1101,2103,,6104,7102,"complete",0.2794158200263749,0.894287109375,0.07840069830810706
"degree-a1101-g2103-cx-t6104-l7103","degree-a1101-g2103-cx","degree",1101,2103,,6104,7103,"complete",0.2748180244400582,0.893310546875,0.08341976879027067
"degree-a1101-g2103-cx-t6104-l7104","degree-a1101-g2103-cx","degree",1101,2103,,6104,7104,"complete",0.27976547970047766,0.896484375,0.07332911919774773
"degree-a1102-g2103-cx-t6101-l7101","degree-a1102-g2103-cx","degree",1102,2103,,6101,7101,"complete",0.2510332316461813,0.908447265625,0.062229204226557006
"degree-a1102-g2103-cx-t6101-l7102","degree-a1102-g2103-cx","degree",1102,2103,,6101,7102,"complete",0.23244651050354817,0.906494140625,0.06777613650844266
"degree-a1102-g2103-cx-t6101-l7103","degree-a1102-g2103-cx","degree",1102,2103,,6101,7103,"complete",0.2465729001507304,0.91259765625,0.06394511994076686
"degree-a1102-g2103-cx-t6101-l7104","degree-a1102-g2103-cx","degree",1102,2103,,6101,7104,"complete",0.24750793419043124,0.91455078125,0.06383468950927462
"degree-a1102-g2103-cx-t6102-l7101","degree-a1102-g2103-cx","degree",1102,2103,,6102,7101,"complete",0.23487646662086492,0.91015625,0.0689644320112039
"degree-a1102-g2103-cx-t6102-l7102","degree-a1102-g2103-cx","degree",1102,2103,,6102,7102,"complete",0.23346150054823803,0.906494140625,0.07246280016303644
"degree-a1102-g2103-cx-t6102-l7103","degree-a1102-g2103-cx","degree",1102,2103,,6102,7103,"complete",0.2348569132961465,0.90673828125,0.06847554035071904
"degree-a1102-g2103-cx-t6102-l7104","degree-a1102-g2103-cx","degree",1102,2103,,6102,7104,"complete",0.23402001467224484,0.91015625,0.06846566690536271
"degree-a1102-g2103-cx-t6103-l7101","degree-a1102-g2103-cx","degree",1102,2103,,6103,7101,"complete",0.27344031421497494,0.8955078125,0.07475620031434202
"degree-a1102-g2103-cx-t6103-l7102","degree-a1102-g2103-cx","degree",1102,2103,,6103,7102,"complete",0.2775923503049587,0.89111328125,0.07311794550607284
"degree-a1102-g2103-cx-t6103-l7103","degree-a1102-g2103-cx","degree",1102,2103,,6103,7103,"complete",0.2752839774024201,0.899169921875,0.07850605428232679
"degree-a1102-g2103-cx-t6103-l7104","degree-a1102-g2103-cx","degree",1102,2103,,6103,7104,"complete",0.27517850326707827,0.894287109375,0.07470498019041655
"degree-a1102-g2103-cx-t6104-l7101","degree-a1102-g2103-cx","degree",1102,2103,,6104,7101,"complete",0.27158490902455135,0.89404296875,0.0811267526652954
"degree-a1102-g2103-cx-t6104-l7102","degree-a1102-g2103-cx","degree",1102,2103,,6104,7102,"complete",0.2794220920061498,0.894287109375,0.07843797866978598
"degree-a1102-g2103-cx-t6104-l7103","degree-a1102-g2103-cx","degree",1102,2103,,6104,7103,"complete",0.2747798380671697,0.8935546875,0.08346172765873001
"degree-a1102-g2103-cx-t6104-l7104","degree-a1102-g2103-cx","degree",1102,2103,,6104,7104,"complete",0.2798744519850138,0.89599609375,0.0734282548971946
"degree-a1103-g2103-cx-t6101-l7101","degree-a1103-g2103-cx","degree",1103,2103,,6101,7101,"complete",0.25099970632885166,0.9091796875,0.06228994703185867
"degree-a1103-g2103-cx-t6101-l7102","degree-a1103-g2103-cx","degree",1103,2103,,6101,7102,"complete",0.23243896667992772,0.906494140625,0.0677993300038342
"degree-a1103-g2103-cx-t6101-l7103","degree-a1103-g2103-cx","degree",1103,2103,,6101,7103,"complete",0.24667450770104865,0.912109375,0.06390469157046037
"degree-a1103-g2103-cx-t6101-l7104","degree-a1103-g2103-cx","degree",1103,2103,,6101,7104,"complete",0.2475218634097094,0.914306640625,0.06382573261831523
"degree-a1103-g2103-cx-t6102-l7101","degree-a1103-g2103-cx","degree",1103,2103,,6102,7101,"complete",0.2348475065992676,0.91015625,0.06892687026832846
"degree-a1103-g2103-cx-t6102-l7102","degree-a1103-g2103-cx","degree",1103,2103,,6102,7102,"complete",0.23347173600512797,0.9072265625,0.07257036614133744
"degree-a1103-g2103-cx-t6102-l7103","degree-a1103-g2103-cx","degree",1103,2103,,6102,7103,"complete",0.23483034760528143,0.906494140625,0.06848746766096805
"degree-a1103-g2103-cx-t6102-l7104","degree-a1103-g2103-cx","degree",1103,2103,,6102,7104,"complete",0.23401155343165364,0.910400390625,0.06847343490996047
"degree-a1103-g2103-cx-t6103-l7101","degree-a1103-g2103-cx","degree",1103,2103,,6103,7101,"complete",0.2733221667283593,0.8955078125,0.07476917711822303
"degree-a1103-g2103-cx-t6103-l7102","degree-a1103-g2103-cx","degree",1103,2103,,6103,7102,"complete",0.2776169412828128,0.89208984375,0.07307974900614057
"degree-a1103-g2103-cx-t6103-l7103","degree-a1103-g2103-cx","degree",1103,2103,,6103,7103,"complete",0.2753154160258027,0.899169921875,0.07852013359871922
"degree-a1103-g2103-cx-t6103-l7104","degree-a1103-g2103-cx","degree",1103,2103,,6103,7104,"complete",0.2751330881792524,0.895263671875,0.07467319603791384
"degree-a1103-g2103-cx-t6104-l7101","degree-a1103-g2103-cx","degree",1103,2103,,6104,7101,"complete",0.27161940313067473,0.894775390625,0.08104620868787216
"degree-a1103-g2103-cx-t6104-l7102","degree-a1103-g2103-cx","degree",1103,2103,,6104,7102,"complete",0.27925900891374056,0.89404296875,0.07841689468178578
"degree-a1103-g2103-cx-t6104-l7103","degree-a1103-g2103-cx","degree",1103,2103,,6104,7103,"complete",0.27467882517397835,0.89306640625,0.0834778400444496
"degree-a1103-g2103-cx-t6104-l7104","degree-a1103-g2103-cx","degree",1103,2103,,6104,7104,"complete",0.279694804683407,0.895751953125,0.07344900215031662
"degree-a1104-g2103-cx-t6101-l7101","degree-a1104-g2103-cx","degree",1104,2103,,6101,7101,"complete",0.2510366610816331,0.90771484375,0.06225843399535472
"degree-a1104-g2103-cx-t6101-l7102","degree-a1104-g2103-cx","degree",1104,2103,,6101,7102,"complete",0.23244469526476275,0.90625,0.0678069811742103
"degree-a1104-g2103-cx-t6101-l7103","degree-a1104-g2103-cx","degree",1104,2103,,6101,7103,"complete",0.24663387984654217,0.912109375,0.06393652911478494
"degree-a1104-g2103-cx-t6101-l7104","degree-a1104-g2103-cx","degree",1104,2103,,6101,7104,"complete",0.24743877879235152,0.914794921875,0.06379425117179024
"degree-a1104-g2103-cx-t6102-l7101","degree-a1104-g2103-cx","degree",1104,2103,,6102,7101,"complete",0.2348985886451809,0.910400390625,0.06893166414986664
"degree-a1104-g2103-cx-t6102-l7102","degree-a1104-g2103-cx","degree",1104,2103,,6102,7102,"complete",0.23347514707054512,0.90673828125,0.07252158653487785
"degree-a1104-g2103-cx-t6102-l7103","degree-a1104-g2103-cx","degree",1104,2103,,6102,7103,"complete",0.23489695940803823,0.9072265625,0.06845911531503526
"degree-a1104-g2103-cx-t6102-l7104","degree-a1104-g2103-cx","degree",1104,2103,,6102,7104,"complete",0.2340617683815391,0.909912109375,0.06847178873679496
"degree-a1104-g2103-cx-t6103-l7101","degree-a1104-g2103-cx","degree",1104,2103,,6103,7101,"complete",0.27331962314766045,0.895751953125,0.07481231737209437
"degree-a1104-g2103-cx-t6103-l7102","degree-a1104-g2103-cx","degree",1104,2103,,6103,7102,"complete",0.27761049510280006,0.891845703125,0.07307347033419631
"degree-a1104-g2103-cx-t6103-l7103","degree-a1104-g2103-cx","degree",1104,2103,,6103,7103,"complete",0.275412688774265,0.899169921875,0.07851265131962566
"degree-a1104-g2103-cx-t6103-l7104","degree-a1104-g2103-cx","degree",1104,2103,,6103,7104,"complete",0.2752477529779531,0.894775390625,0.07471291579640736
"degree-a1104-g2103-cx-t6104-l7101","degree-a1104-g2103-cx","degree",1104,2103,,6104,7101,"complete",0.27151597557226254,0.894287109375,0.081119020010327
"degree-a1104-g2103-cx-t6104-l7102","degree-a1104-g2103-cx","degree",1104,2103,,6104,7102,"complete",0.27935938808528094,0.89404296875,0.07841145753938314
"degree-a1104-g2103-cx-t6104-l7103","degree-a1104-g2103-cx","degree",1104,2103,,6104,7103,"complete",0.27484666563698623,0.893310546875,0.08347595898682537
"degree-a1104-g2103-cx-t6104-l7104","degree-a1104-g2103-cx","degree",1104,2103,,6104,7104,"complete",0.2797490947439074,0.8955078125,0.07354780636786727
"degree-a1101-g2104-cx-t6101-l7101","degree-a1101-g2104-cx","degree",1101,2104,,6101,7101,"complete",0.250997081633374,0.90869140625,0.062219531082101515
"degree-a1101-g2104-cx-t6101-l7102","degree-a1101-g2104-cx","degree",1101,2104,,6101,7102,"complete",0.2325162577012658,0.90625,0.0678196434767248
"degree-a1101-g2104-cx-t6101-l7103","degree-a1101-g2104-cx","degree",1101,2104,,6101,7103,"complete",0.2467042833753759,0.911865234375,0.06392766962909974
"degree-a1101-g2104-cx-t6101-l7104","degree-a1101-g2104-cx","degree",1101,2104,,6101,7104,"complete",0.24741033936863255,0.914794921875,0.06383477700378154
"degree-a1101-g2104-cx-t6102-l7101","degree-a1101-g2104-cx","degree",1101,2104,,6102,7101,"complete",0.23496956077764067,0.910400390625,0.06893418773974765
"degree-a1101-g2104-cx-t6102-l7102","degree-a1101-g2104-cx","degree",1101,2104,,6102,7102,"complete",0.23355830279102985,0.90673828125,0.07249946596360382
"degree-a1101-g2104-cx-t6102-l7103","degree-a1101-g2104-cx","degree",1101,2104,,6102,7103,"complete",0.23484661627766143,0.906494140625,0.06847142960305604
"degree-a1101-g2104-cx-t6102-l7104","degree-a1101-g2104-cx","degree",1101,2104,,6102,7104,"complete",0.23415781101137237,0.909912109375,0.06840086279188921
"degree-a1101-g2104-cx-t6103-l7101","degree-a1101-g2104-cx","degree",1101,2104,,6103,7101,"complete",0.2733923573357892,0.8955078125,0.07472583227546607
"degree-a1101-g2104-cx-t6103-l7102","degree-a1101-g2104-cx","degree",1101,2104,,6103,7102,"complete",0.2775498006078128,0.892333984375,0.07306120684634544
"degree-a1101-g2104-cx-t6103-l7103","degree-a1101-g2104-cx","degree",1101,2104,,6103,7103,"complete",0.2752024256233832,0.89892578125,0.07849562658937131
"degree-a1101-g2104-cx-t6103-l7104","degree-a1101-g2104-cx","degree",1101,2104,,6103,7104,"complete",0.27522659899953306,0.8955078125,0.07474009406479226
"degree-a1101-g2104-cx-t6104-l7101","degree-a1101-g2104-cx","degree",1101,2104,,6104,7101,"complete",0.27160527391473877,0.894287109375,0.08112359825459216
"degree-a1101-g2104-cx-t6104-l7102","degree-a1101-g2104-cx","degree",1101,2104,,6104,7102,"complete",0.2794184927102882,0.89453125,0.07839995019480733
"degree-a1101-g2104-cx-t6104-l7103","degree-a1101-g2104-cx","degree",1101,2104,,6104,7103,"complete",0.27482191142824414,0.893310546875,0.08342038378961772
"degree-a1101-g2104-cx-t6104-l7104","degree-a1101-g2104-cx","degree",1101,2104,,6104,7104,"complete",0.2797671321062133,0.896484375,0.07332863834958632
"degree-a1102-g2104-cx-t6101-l7101","degree-a1102-g2104-cx","degree",1102,2104,,6101,7101,"complete",0.25103257534961987,0.908447265625,0.06222823855329762
"degree-a1102-g2104-cx-t6101-l7102","degree-a1102-g2104-cx","degree",1102,2104,,6101,7102,"complete",0.23245064255754969,0.906494140625,0.06777353076834995
"degree-a1102-g2104-cx-t6101-l7103","degree-a1102-g2104-cx","degree",1102,2104,,6101,7103,"complete",0.24657377988829707,0.912353515625,0.06395124848332408
"degree-a1102-g2104-cx-t6101-l7104","degree-a1102-g2104-cx","degree",1102,2104,,6101,7104,"complete",0.24751459125308625,0.91455078125,0.06382781879123033
"degree-a1102-g2104-cx-t6102-l7101","degree-a1102-g2104-cx","degree",1102,2104,,6102,7101,"complete",0.23482850186614335,0.91015625,0.06895291499918489
"degree-a1102-g2104-cx-t6102-l7102","degree-a1102-g2104-cx","degree",1102,2104,,6102,7102,"complete",0.23346447947904547,0.90673828125,0.0724638532013396
"degree-a1102-g2104-cx-t6102-l7103","degree-a1102-g2104-cx","degree",1102,2104,,6102,7103,"complete",0.23486633129721865,0.90673828125,0.06847693674002632
"degree-a1102-g2104-cx-t6102-l7104","degree-a1102-g2104-cx","degree",1102,2104,,6102,7104,"complete",0.2340236343947334,0.909912109375,0.0684680455441049
"degree-a1102-g2104-cx-t6103-l7101","degree-a1102-g2104-cx","degree",1102,2104,,6103,7101,"complete",0.27345792895385573,0.895751953125,0.07475776559133446
"degree-a1102-g2104-cx-t6103-l7102","degree-a1102-g2104-cx","degree",1102,2104,,6103,7102,"complete",0.27759425587671427,0.891357421875,0.07312159746582367
"degree-a1102-g2104-cx-t6103-l7103","degree-a1102-g2104-cx","degree",1102,2104,,6103,7103,"complete",0.2752834575497086,0.899169921875,0.07850991929834233
"degree-a1102-g2104-cx-t6103-l7104","degree-a1102-g2104-cx","degree",1102,2104,,6103,7104,"complete",0.2751779544738357,0.894287109375,0.07470438883455394
"degree-a1102-g2104-cx-t6104-l7101","degree-a1102-g2104-cx","degree",1102,2104,,6104,7101,"complete",0.27159052992944255,0.89404296875,0.0811248271988801
"degree-a1102-g2104-cx-t6104-l7102","degree-a1102-g2104-cx","degree",1102,2104,,6104,7102,"complete",0.27941708754407824,0.894287109375,0.07843956643322238
"degree-a1102-g2104-cx-t6104-l7103","degree-a1102-g2104-cx","degree",1102,2104,,6104,7103,"complete",0.274781569437667,0.8935546875,0.08346228978772914
"degree-a1102-g2104-cx-t6104-l7104","degree-a1102-g2104-cx","degree",1102,2104,,6104,7104,"complete",0.2798792999427927,0.896240234375,0.07343030666939568
"degree-a1103-g2104-cx-t6101-l7101","degree-a1103-g2104-cx","degree",1103,2104,,6101,7101,"complete",0.2509979429625399,0.9091796875,0.0622866206493681
"degree-a1103-g2104-cx-t6101-l7102","degree-a1103-g2104-cx","degree",1103,2104,,6101,7102,"complete",0.23243663600585077,0.906494140625,0.06780333424772134
"degree-a1103-g2104-cx-t6101-l7103","degree-a1103-g2104-cx","degree",1103,2104,,6101,7103,"complete",0.24667104198046255,0.911865234375,0.06391071281892324
"degree-a1103-g2104-cx-t6101-l7104","degree-a1103-g2104-cx","degree",1103,2104,,6101,7104,"complete",0.2475216819386993,0.914306640625,0.06382405932828855
"degree-a1103-g2104-cx-t6102-l7101","degree-a1103-g2104-cx","degree",1103,2104,,6102,7101,"complete",0.23487447019449745,0.909912109375,0.06891175122376139
"degree-a1103-g2104-cx-t6102-l7102","degree-a1103-g2104-cx","degree",1103,2104,,6102,7102,"complete",0.2334759934818744,0.9072265625,0.07256984571942207
"degree-a1103-g2104-cx-t6102-l7103","degree-a1103-g2104-cx","degree",1103,2104,,6102,7103,"complete",0.23483277105463973,0.906494140625,0.0684874078693096
"degree-a1103-g2104-cx-t6102-l7104","degree-a1103-g2104-cx","degree",1103,2104,,6102,7104,"complete",0.2340114868143927,0.910400390625,0.06847254439756095
"degree-a1103-g2104-cx-t6103-l7101","degree-a1103-g2104-cx","degree",1103,2104,,6103,7101,"complete",0.2733085330443261,0.8955078125,0.07476924189627664
"degree-a1103-g2104-cx-t6103-l7102","degree-a1103-g2104-cx","degree",1103,2104,,6103,7102,"complete",0.2776309818215297,0.8916015625,0.0730824691833629
"degree-a1103-g2104-cx-t6103-l7103","degree-a1103-g2104-cx","degree",1103,2104,,6103,7103,"complete",0.27530259407740376,0.899169921875,0.07852385100884891
"degree-a1103-g2104-cx-t6103-l7104","degree-a1103-g2104-cx","degree",1103,2104,,6103,7104,"complete",0.2751415876183239,0.895263671875,0.07467285016514205
"degree-a1103-g2104-cx-t6104-l7101","degree-a1103-g2104-cx","degree",1103,2104,,6104,7101,"complete",0.2716184512456471,0.894775390625,0.08104363162174769
"degree-a1103-g2104-cx-t6104-l7102","degree-a1103-g2104-cx","degree",1103,2104,,6104,7102,"complete",0.27926174133095405,0.89404296875,0.07841260643536743
"degree-a1103-g2104-cx-t6104-l7103","degree-a1103-g2104-cx","degree",1103,2104,,6104,7103,"complete",0.2746817189215449,0.89306640625,0.08347630822036443
"degree-a1103-g2104-cx-t6104-l7104","degree-a1103-g2104-cx","degree",1103,2104,,6104,7104,"complete",0.27971288908428893,0.89599609375,0.07344114580609674
"degree-a1104-g2104-cx-t6101-l7101","degree-a1104-g2104-cx","degree",1104,2104,,6101,7101,"complete",0.25102717522376755,0.907958984375,0.062260910315026355
"degree-a1104-g2104-cx-t6101-l7102","degree-a1104-g2104-cx","degree",1104,2104,,6101,7102,"complete",0.23244629982943887,0.90625,0.06780662918180594
"degree-a1104-g2104-cx-t6101-l7103","degree-a1104-g2104-cx","degree",1104,2104,,6101,7103,"complete",0.24663194993356297,0.911865234375,0.06394137647030843
"degree-a1104-g2104-cx-t6101-l7104","degree-a1104-g2104-cx","degree",1104,2104,,6101,7104,"complete",0.2474383103111153,0.914794921875,0.06379345021848724
"degree-a1104-g2104-cx-t6102-l7101","degree-a1104-g2104-cx","degree",1104,2104,,6102,7101,"complete",0.2348876812617885,0.91064453125,0.06896063922744036
"degree-a1104-g2104-cx-t6102-l7102","degree-a1104-g2104-cx","degree",1104,2104,,6102,7102,"complete",0.23347992718982527,0.90673828125,0.07252112930816781
"degree-a1104-g2104-cx-t6102-l7103","degree-a1104-g2104-cx","degree",1104,2104,,6102,7103,"complete",0.2348979834010435,0.9072265625,0.068459452549856
"degree-a1104-g2104-cx-t6102-l7104","degree-a1104-g2104-cx","degree",1104,2104,,6102,7104,"complete",0.2340679760120638,0.909912109375,0.06847495938676382
"degree-a1104-g2104-cx-t6103-l7101","degree-a1104-g2104-cx","degree",1104,2104,,6103,7101,"complete",0.2733266559849681,0.895751953125,0.07481008332402377
"degree-a1104-g2104-cx-t6103-l7102","degree-a1104-g2104-cx","degree",1104,2104,,6103,7102,"complete",0.2776285623910964,0.891357421875,0.07307795340082605
"degree-a1104-g2104-cx-t6103-l7103","degree-a1104-g2104-cx","degree",1104,2104,,6103,7103,"complete",0.27539817755830415,0.899169921875,0.07851178301492266
"degree-a1104-g2104-cx-t6103-l7104","degree-a1104-g2104-cx","degree",1104,2104,,6103,7104,"complete",0.27524444479098,0.894775390625,0.07471264217452332
"degree-a1104-g2104-cx-t6104-l7101","degree-a1104-g2104-cx","degree",1104,2104,,6104,7101,"complete",0.27151920641296234,0.894287109375,0.08111806665577842
"degree-a1104-g2104-cx-t6104-l7102","degree-a1104-g2104-cx","degree",1104,2104,,6104,7102,"complete",0.279353464342013,0.89404296875,0.07841339752562775
"degree-a1104-g2104-cx-t6104-l7103","degree-a1104-g2104-cx","degree",1104,2104,,6104,7103,"complete",0.27484672269093463,0.893310546875,0.08347574086717963
"degree-a1104-g2104-cx-t6104-l7104","degree-a1104-g2104-cx","degree",1104,2104,,6104,7104,"complete",0.27969921372095574,0.8955078125,0.07354344425479614
"random-a1101-g3101-cx-t6101-l7101","random-a1101-g3101-cx","random",1101,3101,,6101,7101,"complete",0.23999971911286183,0.910888671875,0.07437920385597593
"random-a1101-g3101-cx-t6101-l7102","random-a1101-g3101-cx","random",1101,3101,,6101,7102,"complete",0.22534523742226736,0.908935546875,0.07941872999780893
"random-a1101-g3101-cx-t6101-l7103","random-a1101-g3101-cx","random",1101,3101,,6101,7103,"complete",0.23627496671980328,0.913818359375,0.07607808793135822
"random-a1101-g3101-cx-t6101-l7104","random-a1101-g3101-cx","random",1101,3101,,6101,7104,"complete",0.23760467462860563,0.916259765625,0.07553441132971153
"random-a1101-g3101-cx-t6102-l7101","random-a1101-g3101-cx","random",1101,3101,,6102,7101,"complete",0.2277636713698787,0.91259765625,0.08122440867655091
"random-a1101-g3101-cx-t6102-l7102","random-a1101-g3101-cx","random",1101,3101,,6102,7102,"complete",0.22659287584963728,0.90869140625,0.08459576940653857
"random-a1101-g3101-cx-t6102-l7103","random-a1101-g3101-cx","random",1101,3101,,6102,7103,"complete",0.22778963859479295,0.909912109375,0.08003666914117996
"random-a1101-g3101-cx-t6102-l7104","random-a1101-g3101-cx","random",1101,3101,,6102,7104,"complete",0.2263408985531104,0.912353515625,0.0810344472518114
"random-a1101-g3101-cx-t6103-l7101","random-a1101-g3101-cx","random",1101,3101,,6103,7101,"complete",0.2631002820792096,0.898193359375,0.08777856792595648
"random-a1101-g3101-cx-t6103-l7102","random-a1101-g3101-cx","random",1101,3101,,6103,7102,"complete",0.26634498881996893,0.89453125,0.08633185437498309
"random-a1101-g3101-cx-t6103-l7103","random-a1101-g3101-cx","random",1101,3101,,6103,7103,"complete",0.26559537502859876,0.90234375,0.09115830107067292
"random-a1101-g3101-cx-t6103-l7104","random-a1101-g3101-cx","random",1101,3101,,6103,7104,"complete",0.2650719407414137,0.8974609375,0.08769565040085012
"random-a1101-g3101-cx-t6104-l7101","random-a1101-g3101-cx","random",1101,3101,,6104,7101,"complete",0.26353302991393984,0.896484375,0.09299189660242668
"random-a1101-g3101-cx-t6104-l7102","random-a1101-g3101-cx","random",1101,3101,,6104,7102,"complete",0.26987385568137184,0.8955078125,0.09035971017491848
"random-a1101-g3101-cx-t6104-l7103","random-a1101-g3101-cx","random",1101,3101,,6104,7103,"complete",0.26696865257421787,0.895263671875,0.09402376291067308
"random-a1101-g3101-cx-t6104-l7104","random-a1101-g3101-cx","random",1101,3101,,6104,7104,"complete",0.26934882936996507,0.898681640625,0.08656601093584396
"random-a1102-g3101-cx-t6101-l7101","random-a1102-g3101-cx","random",1102,3101,,6101,7101,"complete",0.2400016223996202,0.910888671875,0.07437939401763503
"random-a1102-g3101-cx-t6101-l7102","random-a1102-g3101-cx","random",1102,3101,,6101,7102,"complete",0.22535324347162408,0.908935546875,0.07941620869223844
"random-a1102-g3101-cx-t6101-l7103","random-a1102-g3101-cx","random",1102,3101,,6101,7103,"complete",0.23627247184876343,0.913818359375,0.07607924819445372
"random-a1102-g3101-cx-t6101-l7104","random-a1102-g3101-cx","random",1102,3101,,6101,7104,"complete",0.23760062927480383,0.916259765625,0.07553547971058938
"random-a1102-g3101-cx-t6102-l7101","random-a1102-g3101-cx","random",1102,3101,,6102,7101,"complete",0.22778893208128545,0.9130859375,0.0812102093269114
"random-a1102-g3101-cx-t6102-l7102","random-a1102-g3101-cx","random",1102,3101,,6102,7102,"complete",0.22659112575413265,0.90869140625,0.08459616512774137
"random-a1102-g3101-cx-t6102-l7103","random-a1102-g3101-cx","random",1102,3101,,6102,7103,"complete",0.2277890193157093,0.910400390625,0.0800344367758309
"random-a1102-g3101-cx-t6102-l7104","random-a1102-g3101-cx","random",1102,3101,,6102,7104,"complete",0.2263422563313651,0.912353515625,0.08103144424510725
"random-a1102-g3101-cx-t6103-l7101","random-a1102-g3101-cx","random",1102,3101,,6103,7101,"complete",0.26310801743563034,0.89794921875,0.08777779083455983
"random-a1102-g3101-cx-t6103-l7102","random-a1102-g3101-cx","random",1102,3101,,6103,7102,"complete",0.2663467246171138,0.89453125,0.08633856872079802
"random-a1102-g3101-cx-t6103-l7103","random-a1102-g3101-cx","random",1102,3101,,6103,7103,"complete",0.26559943386239504,0.90234375,0.09115519530485744
"random-a1102-g3101-cx-t6103-l7104","random-a1102-g3101-cx","random",1102,3101,,6103,7104,"complete",0.26506111590882214,0.8974609375,0.08770233379419547
"random-a1102-g3101-cx-t6104-l7101","random-a1102-g3101-cx","random",1102,3101,,6104,7101,"complete",0.2635383276623581,0.896484375,0.09298691623414188
"random-a1102-g3101-cx-t6104-l7102","random-a1102-g3101-cx","random",1102,3101,,6104,7102,"complete",0.26986878241625517,0.8955078125,0.09035791123293284
"random-a1102-g3101-cx-t6104-l7103","random-a1102-g3101-cx","random",1102,3101,,6104,7103,"complete",0.26696875391736086,0.895263671875,0.09402625758166208
"random-a1102-g3101-cx-t6104-l7104","random-a1102-g3101-cx","random",1102,3101,,6104,7104,"complete",0.26932109338950005,0.8984375,0.08656266232667217
"random-a1103-g3101-cx-t6101-l7101","random-a1103-g3101-cx","random",1103,3101,,6101,7101,"complete",0.2399991534280199,0.910888671875,0.0743812424985687
"random-a1103-g3101-cx-t6101-l7102","random-a1103-g3101-cx","random",1103,3101,,6101,7102,"complete",0.22535143437009653,0.908935546875,0.07941699068503863
"random-a1103-g3101-cx-t6101-l7103","random-a1103-g3101-cx","random",1103,3101,,6101,7103,"complete",0.23628422716598843,0.913818359375,0.0760775336194713
"random-a1103-g3101-cx-t6101-l7104","random-a1103-g3101-cx","random",1103,3101,,6101,7104,"complete",0.23760158932536285,0.916259765625,0.07553595403362322
"random-a1103-g3101-cx-t6102-l7101","random-a1103-g3101-cx","random",1103,3101,,6102,7101,"complete",0.22777572971509863,0.912353515625,0.08124266005496208
"random-a1103-g3101-cx-t6102-l7102","random-a1103-g3101-cx","random",1103,3101,,6102,7102,"complete",0.22659004711651184,0.90869140625,0.08459224115082253
"random-a1103-g3101-cx-t6102-l7103","random-a1103-g3101-cx","random",1103,3101,,6102,7103,"complete",0.227790855531223,0.90966796875,0.08003444321979022
"random-a1103-g3101-cx-t6102-l7104","random-a1103-g3101-cx","random",1103,3101,,6102,7104,"complete",0.2263375997122283,0.912353515625,0.08103617480872495
"random-a1103-g3101-cx-t6103-l7101","random-a1103-g3101-cx","random",1103,3101,,6103,7101,"complete",0.2630997147853157,0.898193359375,0.08778069816820484
"random-a1103-g3101-cx-t6103-l7102","random-a1103-g3101-cx","random",1103,3101,,6103,7102,"complete",0.2663430187642091,0.89453125,0.08633424258526545
"random-a1103-g3101-cx-t6103-l7103","random-a1103-g3101-cx","random",1103,3101,,6103,7103,"complete",0.26559716561627955,0.90234375,0.09115749819997512
"random-a1103-g3101-cx-t6103-l7104","random-a1103-g3101-cx","random",1103,3101,,6103,7104,"complete",0.2650682849670878,0.8974609375,0.0877023211847799
"random-a1103-g3101-cx-t6104-l7101","random-a1103-g3101-cx","random",1103,3101,,6104,7101,"complete",0.2635437213380212,0.896484375,0.09298545553718555
"random-a1103-g3101-cx-t6104-l7102","random-a1103-g3101-cx","random",1103,3101,,6104,7102,"complete",0.2698709330398434,0.8955078125,0.09035777833604584
"random-a1103-g3101-cx-t6104-l7103","random-a1103-g3101-cx","random",1103,3101,,6104,7103,"complete",0.2669672397341913,0.895263671875,0.09402238588410504
"random-a1103-g3101-cx-t6104-l7104","random-a1103-g3101-cx","random",1103,3101,,6104,7104,"complete",0.26930979539254446,0.898681640625,0.08657206644155169
"random-a1104-g3101-cx-t6101-l7101","random-a1104-g3101-cx","random",1104,3101,,6101,7101,"complete",0.2399978979983025,0.910888671875,0.07438455547280201
"random-a1104-g3101-cx-t6101-l7102","random-a1104-g3101-cx","random",1104,3101,,6101,7102,"complete",0.22534861907149087,0.908935546875,0.07941688336481709
"random-a1104-g3101-cx-t6101-l7103","random-a1104-g3101-cx","random",1104,3101,,6101,7103,"complete",0.2362756301998533,0.913818359375,0.07608020295952497
"random-a1104-g3101-cx-t6101-l7104","random-a1104-g3101-cx","random",1104,3101,,6101,7104,"complete",0.2376019519785431,0.916259765625,0.07553347948369885
"random-a1104-g3101-cx-t6102-l7101","random-a1104-g3101-cx","random",1104,3101,,6102,7101,"complete",0.2277292461212148,0.91259765625,0.08123661274169204
"random-a1104-g3101-cx-t6102-l7102","random-a1104-g3101-cx","random",1104,3101,,6102,7102,"complete",0.2265888645989979,0.90869140625,0.08459066610443945
"random-a1104-g3101-cx-t6102-l7103","random-a1104-g3101-cx","random",1104,3101,,6102,7103,"complete",0.22779069111243871,0.91015625,0.08003223413713856
"random-a1104-g3101-cx-t6102-l7104","random-a1104-g3101-cx","random",1104,3101,,6102,7104,"complete",0.22634155336143863,0.912353515625,0.08103158042670869
"random-a1104-g3101-cx-t6103-l7101","random-a1104-g3101-cx","random",1104,3101,,6103,7101,"complete",0.2631058989928718,0.89794921875,0.08777853038186867
"random-a1104-g3101-cx-t6103-l7102","random-a1104-g3101-cx","random",1104,3101,,6103,7102,"complete",0.26634382546118757,0.89453125,0.08633880844991391
"random-a1104-g3101-cx-t6103-l7103","random-a1104-g3101-cx","random",1104,3101,,6103,7103,"complete",0.2655948501082057,0.90234375,0.09116027232440244
"random-a1104-g3101-cx-t6103-l7104","random-a1104-g3101-cx","random",1104,3101,,6103,7104,"complete",0.26506247747678324,0.8974609375,0.08770385798678988
"random-a1104-g3101-cx-t6104-l7101","random-a1104-g3101-cx","random",1104,3101,,6104,7101,"complete",0.26353666092562833,0.896484375,0.09298755335357496
"random-a1104-g3101-cx-t6104-l7102","random-a1104-g3101-cx","random",1104,3101,,6104,7102,"complete",0.26987042734088,0.8955078125,0.09036088787288728
"random-a1104-g3101-cx-t6104-l7103","random-a1104-g3101-cx","random",1104,3101,,6104,7103,"complete",0.2669635855566015,0.895263671875,0.09402502912154008
"random-a1104-g3101-cx-t6104-l7104","random-a1104-g3101-cx","random",1104,3101,,6104,7104,"complete",0.26936190767031337,0.8984375,0.08655714183898705
"random-a1101-g3102-cx-t6101-l7101","random-a1101-g3102-cx","random",1101,3102,,6101,7101,"complete",0.2400011846885737,0.910888671875,0.07438417417703895
"random-a1101-g3102-cx-t6101-l7102","random-a1101-g3102-cx","random",1101,3102,,6101,7102,"complete",0.2253473099862985,0.908935546875,0.07941586842905399
"random-a1101-g3102-cx-t6101-l7103","random-a1101-g3102-cx","random",1101,3102,,6101,7103,"complete",0.23627660225478336,0.913818359375,0.07607743370580056
"random-a1101-g3102-cx-t6101-l7104","random-a1101-g3102-cx","random",1101,3102,,6101,7104,"complete",0.23760029396566487,0.916259765625,0.07553345279451565
"random-a1101-g3102-cx-t6102-l7101","random-a1101-g3102-cx","random",1101,3102,,6102,7101,"complete",0.2277444932467298,0.91259765625,0.08123033923713938
"random-a1101-g3102-cx-t6102-l7102","random-a1101-g3102-cx","random",1101,3102,,6102,7102,"complete",0.22658894205444263,0.90869140625,0.08459443728870283
"random-a1101-g3102-cx-t6102-l7103","random-a1101-g3102-cx","random",1101,3102,,6102,7103,"complete",0.2277958206047036,0.90966796875,0.08003502305750032
"random-a1101-g3102-cx-t6102-l7104","random-a1101-g3102-cx","random",1101,3102,,6102,7104,"complete",0.22634025982198708,0.912353515625,0.0810340921208219
"random-a1101-g3102-cx-t6103-l7101","random-a1101-g3102-cx","random",1101,3102,,6103,7101,"complete",0.2631051220343058,0.898193359375,0.08777530624717039
"random-a1101-g3102-cx-t6103-l7102","random-a1101-g3102-cx","random",1101,3102,,6103,7102,"complete",0.2663506717474756,0.89453125,0.08633276735620059
"random-a1101-g3102-cx-t6103-l7103","random-a1101-g3102-cx","random",1101,3102,,6103,7103,"complete",0.2656006184682307,0.90234375,0.0911541136347276
"random-a1101-g3102-cx-t6103-l7104","random-a1101-g3102-cx","random",1101,3102,,6103,7104,"complete",0.26506809907942946,0.8974609375,0.08769696747191277
"random-a1101-g3102-cx-t6104-l7101","random-a1101-g3102-cx","random",1101,3102,,6104,7101,"complete",0.26353821293877205,0.896484375,0.09298887790248908
"random-a1101-g3102-cx-t6104-l7102","random-a1101-g3102-cx","random",1101,3102,,6104,7102,"complete",0.26987267215649513,0.8955078125,0.09035687670483138
"random-a1101-g3102-cx-t6104-l7103","random-a1101-g3102-cx","random",1101,3102,,6104,7103,"complete",0.266969967211848,0.895263671875,0.09402136318154494
"random-a1101-g3102-cx-t6104-l7104","random-a1101-g3102-cx","random",1101,3102,,6104,7104,"complete",0.26936017521171524,0.898681640625,0.0865398254449377
"random-a1102-g3102-cx-t6101-l7101","random-a1102-g3102-cx","random",1102,3102,,6101,7101,"complete",0.23999703195618943,0.910888671875,0.07438032716582504
"random-a1102-g3102-cx-t6101-l7102","random-a1102-g3102-cx","random",1102,3102,,6101,7102,"complete",0.2253535632161692,0.908935546875,0.0794156835064239
"random-a1102-g3102-cx-t6101-l7103","random-a1102-g3102-cx","random",1102,3102,,6101,7103,"complete",0.2362746388055664,0.913818359375,0.07607988841392387
"random-a1102-g3102-cx-t6101-l7104","random-a1102-g3102-cx","random",1102,3102,,6101,7104,"complete",0.23760151682796188,0.916259765625,0.07553389623347367
"random-a1102-g3102-cx-t6102-l7101","random-a1102-g3102-cx","random",1102,3102,,6102,7101,"complete",0.22774746893207945,0.91259765625,0.08122653073063377
"random-a1102-g3102-cx-t6102-l7102","random-a1102-g3102-cx","random",1102,3102,,6102,7102,"complete",0.22658941451971337,0.90869140625,0.0845948099675829
"random-a1102-g3102-cx-t6102-l7103","random-a1102-g3102-cx","random",1102,3102,,6102,7103,"complete",0.22779121700149835,0.91015625,0.08003149246418595
"random-a1102-g3102-cx-t6102-l7104","random-a1102-g3102-cx","random",1102,3102,,6102,7104,"complete",0.2263390996517386,0.912353515625,0.08103104028948774
"random-a1102-g3102-cx-t6103-l7101","random-a1102-g3102-cx","random",1102,3102,,6103,7101,"complete",0.26310493027245757,0.898193359375,0.08777693865354674
"random-a1102-g3102-cx-t6103-l7102","random-a1102-g3102-cx","random",1102,3102,,6103,7102,"complete",0.26635180724976204,0.89453125,0.0863327869301495
"random-a1102-g3102-cx-t6103-l7103","random-a1102-g3102-cx","random",1102,3102,,6103,7103,"complete",0.2656045056405624,0.90234375,0.09115186422841656
"random-a1102-g3102-cx-t6103-l7104","random-a1102-g3102-cx","random",1102,3102,,6103,7104,"complete",0.26506408544765175,0.8974609375,0.08770461567044781
"random-a1102-g3102-cx-t6104-l7101","random-a1102-g3102-cx","random",1102,3102,,6104,7101,"complete",0.2635373581927998,0.896484375,0.0929858485259939
"random-a1102-g3102-cx-t6104-l7102","random-a1102-g3102-cx","random",1102,3102,,6104,7102,"complete",0.26987865472669215,0.8955078125,0.09035768058679625
"random-a1102-g3102-cx-t6104-l7103","random-a1102-g3102-cx","random",1102,3102,,6104,7103,"complete",0.2669711376698217,0.895263671875,0.0940243758975945
"random-a1102-g3102-cx-t6104-l7104","random-a1102-g3102-cx","random",1102,3102,,6104,7104,"complete",0.26933706659310996,0.898681640625,0.08653378218195479
"random-a1103-g3102-cx-t6101-l7101","random-a1103-g3102-cx","random",1103,3102,,6101,7101,"complete",0.2399986248853639,0.910888671875,0.0743829795288338
"random-a1103-g3102-cx-t6101-l7102","random-a1103-g3102-cx","random",1103,3102,,6101,7102,"complete",0.22534917382818148,0.908935546875,0.07941647383801292
"random-a1103-g3102-cx-t6101-l7103","random-a1103-g3102-cx","random",1103,3102,,6101,7103,"complete",0.23627485477248775,0.913818359375,0.0760779559360732
"random-a1103-g3102-cx-t6101-l7104","random-a1103-g3102-cx","random",1103,3102,,6101,7104,"complete",0.23760229014495335,0.916259765625,0.07553313312068805
"random-a1103-g3102-cx-t6102-l7101","random-a1103-g3102-cx","random",1103,3102,,6102,7101,"complete",0.22773833039042243,0.913330078125,0.08122757703606857
"random-a1103-g3102-cx-t6102-l7102","random-a1103-g3102-cx","random",1103,3102,,6102,7102,"complete",0.22659195020701495,0.90869140625,0.08459392714749955
"random-a1103-g3102-cx-t6102-l7103","random-a1103-g3102-cx","random",1103,3102,,6102,7103,"complete",0.22779401800785584,0.909912109375,0.08003224093248837
"random-a1103-g3102-cx-t6102-l7104","random-a1103-g3102-cx","random",1103,3102,,6102,7104,"complete",0.2263416109280361,0.912353515625,0.0810308063557625
"random-a1103-g3102-cx-t6103-l7101","random-a1103-g3102-cx","random",1103,3102,,6103,7101,"complete",0.2631094514452204,0.89794921875,0.08777927863609614
"random-a1103-g3102-cx-t6103-l7102","random-a1103-g3102-cx","random",1103,3102,,6103,7102,"complete",0.26634431745362896,0.89453125,0.08633641665306267
"random-a1103-g3102-cx-t6103-l7103","random-a1103-g3102-cx","random",1103,3102,,6103,7103,"complete",0.265601670910278,0.90234375,0.09115452509603413
"random-a1103-g3102-cx-t6103-l7104","random-a1103-g3102-cx","random",1103,3102,,6103,7104,"complete",0.2650610758518099,0.8974609375,0.08770392384900139
"random-a1103-g3102-cx-t6104-l7101","random-a1103-g3102-cx","random",1103,3102,,6104,7101,"complete",0.2635341320925831,0.896484375,0.09298419353651624
"random-a1103-g3102-cx-t6104-l7102","random-a1103-g3102-cx","random",1103,3102,,6104,7102,"complete",0.2698747480853362,0.8955078125,0.09035605724882904
"random-a1103-g3102-cx-t6104-l7103","random-a1103-g3102-cx","random",1103,3102,,6104,7103,"complete",0.2669699175158724,0.895263671875,0.09402327289886749
"random-a1103-g3102-cx-t6104-l7104","random-a1103-g3102-cx","random",1103,3102,,6104,7104,"complete",0.26934240262834813,0.8984375,0.08653809741024764
"random-a1104-g3102-cx-t6101-l7101","random-a1104-g3102-cx","random",1104,3102,,6101,7101,"complete",0.24000658640625971,0.910888671875,0.07437859892965311
"random-a1104-g3102-cx-t6101-l7102","random-a1104-g3102-cx","random",1104,3102,,6101,7102,"complete",0.22535453884522463,0.908935546875,0.07941350366961768
"random-a1104-g3102-cx-t6101-l7103","random-a1104-g3102-cx","random",1104,3102,,6101,7103,"complete",0.23627509448638967,0.913818359375,0.07607781281971358
"random-a1104-g3102-cx-t6101-l7104","random-a1104-g3102-cx","random",1104,3102,,6101,7104,"complete",0.23760141624633976,0.916259765625,0.07553461232829417
"random-a1104-g3102-cx-t6102-l7101","random-a1104-g3102-cx","random",1104,3102,,6102,7101,"complete",0.2277528239473327,0.912841796875,0.08122015783522693
"random-a1104-g3102-cx-t6102-l7102","random-a1104-g3102-cx","random",1104,3102,,6102,7102,"complete",0.2265887281853942,0.90869140625,0.08458917109536283
"random-a1104-g3102-cx-t6102-l7103","random-a1104-g3102-cx","random",1104,3102,,6102,7103,"complete",0.22779004122023605,0.91015625,0.0800303582346351
"random-a1104-g3102-cx-t6102-l7104","random-a1104-g3102-cx","random",1104,3102,,6102,7104,"complete",0.22634084960227785,0.912353515625,0.08102948962077501
"random-a1104-g3102-cx-t6103-l7101","random-a1104-g3102-cx","random",1104,3102,,6103,7101,"complete",0.26311294617848646,0.89794921875,0.08777825236984681
"random-a1104-g3102-cx-t6103-l7102","random-a1104-g3102-cx","random",1104,3102,,6103,7102,"complete",0.26635443085037197,0.89453125,0.0863290037590027
"random-a1104-g3102-cx-t6103-l7103","random-a1104-g3102-cx","random",1104,3102,,6103,7103,"complete",0.2656017885968,0.90234375,0.09115526071807342
"random-a1104-g3102-cx-t6103-l7104","random-a1104-g3102-cx","random",1104,3102,,6103,7104,"complete",0.26506937414991955,0.8974609375,0.08769574539348683
"random-a1104-g3102-cx-t6104-l7101","random-a1104-g3102-cx","random",1104,3102,,6104,7101,"complete",0.26353443516721153,0.896484375,0.09298382089406164
"random-a1104-g3102-cx-t6104-l7102","random-a1104-g3102-cx","random",1104,3102,,6104,7102,"complete",0.26987555091826787,0.8955078125,0.09035932389774788
"random-a1104-g3102-cx-t6104-l7103","random-a1104-g3102-cx","random",1104,3102,,6104,7103,"complete",0.2669648160849436,0.895263671875,0.0940231402694481
"random-a1104-g3102-cx-t6104-l7104","random-a1104-g3102-cx","random",1104,3102,,6104,7104,"complete",0.2693761359692638,0.8984375,0.08655483152519977
"random-a1101-g3103-cx-t6101-l7101","random-a1101-g3103-cx","random",1101,3103,,6101,7101,"complete",0.24000166119333025,0.910888671875,0.07437919772740749
"random-a1101-g3103-cx-t6101-l7102","random-a1101-g3103-cx","random",1101,3103,,6101,7102,"complete",0.22534750818172616,0.908935546875,0.07941533400032628
"random-a1101-g3103-cx-t6101-l7103","random-a1101-g3103-cx","random",1101,3103,,6101,7103,"complete",0.2362737281075155,0.913818359375,0.07607563910263472
"random-a1101-g3103-cx-t6101-l7104","random-a1101-g3103-cx","random",1101,3103,,6101,7104,"complete",0.23760400666782563,0.916259765625,0.07553494138234336
"random-a1101-g3103-cx-t6102-l7101","random-a1101-g3103-cx","random",1101,3103,,6102,7101,"complete",0.22781652089522303,0.912353515625,0.08122043377606879
"random-a1101-g3103-cx-t6102-l7102","random-a1101-g3103-cx","random",1101,3103,,6102,7102,"complete",0.22658911298279308,0.90869140625,0.08459405960669586
"random-a1101-g3103-cx-t6102-l7103","random-a1101-g3103-cx","random",1101,3103,,6102,7103,"complete",0.2277937506870812,0.909423828125,0.08002987174329079
"random-a1101-g3103-cx-t6102-l7104","random-a1101-g3103-cx","random",1101,3103,,6102,7104,"complete",0.2263412005696032,0.912353515625,0.0810352648961488
"random-a1101-g3103-cx-t6103-l7101","random-a1101-g3103-cx","random",1101,3103,,6103,7101,"complete",0.2631057394395186,0.898193359375,0.08777449054979848
"random-a1101-g3103-cx-t6103-l7102","random-a1101-g3103-cx","random",1101,3103,,6103,7102,"complete",0.2663497378726788,0.89453125,0.08633127453569524
"random-a1101-g3103-cx-t6103-l7103","random-a1101-g3103-cx","random",1101,3103,,6103,7103,"complete",0.2656035800194813,0.90234375,0.09115624767350831
"random-a1101-g3103-cx-t6103-l7104","random-a1101-g3103-cx","random",1101,3103,,6103,7104,"complete",0.26506810833668415,0.8974609375,0.08769464507794149
"random-a1101-g3103-cx-t6104-l7101","random-a1101-g3103-cx","random",1101,3103,,6104,7101,"complete",0.2635360748192039,0.896484375,0.0929857827929872
"random-a1101-g3103-cx-t6104-l7102","random-a1101-g3103-cx","random",1101,3103,,6104,7102,"complete",0.2698802894417535,0.8955078125,0.09035311499514262
"random-a1101-g3103-cx-t6104-l7103","random-a1101-g3103-cx","random",1101,3103,,6104,7103,"complete",0.2669721557187888,0.895263671875,0.0940203286101623
"random-a1101-g3103-cx-t6104-l7104","random-a1101-g3103-cx","random",1101,3103,,6104,7104,"complete",0.2693395268298023,0.8984375,0.08656584237011343
"random-a1102-g3103-cx-t6101-l7101","random-a1102-g3103-cx","random",1102,3103,,6101,7101,"complete",0.23999922583143576,0.910888671875,0.07437957458454604
"random-a1102-g3103-cx-t6101-l7102","random-a1102-g3103-cx","random",1102,3103,,6101,7102,"complete",0.22535381290909895,0.908935546875,0.07941302165308936
"random-a1102-g3103-cx-t6101-l7103","random-a1102-g3103-cx","random",1102,3103,,6101,7103,"complete",0.23627631463350576,0.913818359375,0.07607448398724015
"random-a1102-g3103-cx-t6101-l7104","random-a1102-g3103-cx","random",1102,3103,,6101,7104,"complete",0.23760351432866483,0.916259765625,0.07553668256905696
"random-a1102-g3103-cx-t6102-l7101","random-a1102-g3103-cx","random",1102,3103,,6102,7101,"complete",0.22776493355967897,0.912109375,0.08121696194643485
"random-a1102-g3103-cx-t6102-l7102","random-a1102-g3103-cx","random",1102,3103,,6102,7102,"complete",0.2265911216127952,0.90869140625,0.0845907309147348
"random-a1102-g3103-cx-t6102-l7103","random-a1102-g3103-cx","random",1102,3103,,6102,7103,"complete",0.227793791061053,0.91015625,0.08003108588529084
"random-a1102-g3103-cx-t6102-l7104","random-a1102-g3103-cx","random",1102,3103,,6102,7104,"complete",0.2263447791102971,0.912353515625,0.08103089661997544
"random-a1102-g3103-cx-t6103-l7101","random-a1102-g3103-cx","random",1102,3103,,6103,7101,"complete",0.2631113096621791,0.898193359375,0.08777539073144781
"random-a1102-g3103-cx-t6103-l7102","random-a1102-g3103-cx","random",1102,3103,,6103,7102,"complete",0.26634329707680576,0.89453125,0.08633326885764112
"random-a1102-g3103-cx-t6103-l7103","random-a1102-g3103-cx","random",1102,3103,,6103,7103,"complete",0.2656068799740279,0.90234375,0.09115266910662329
"random-a1102-g3103-cx-t6103-l7104","random-a1102-g3103-cx","random",1102,3103,,6103,7104,"complete",0.265068278188646,0.8974609375,0.08769440301087343
"random-a1102-g3103-cx-t6104-l7101","random-a1102-g3103-cx","random",1102,3103,,6104,7101,"complete",0.26353481810557716,0.896484375,0.09298741831197416
"random-a1102-g3103-cx-t6104-l7102","random-a1102-g3103-cx","random",1102,3103,,6104,7102,"complete",0.26987427429670546,0.8955078125,0.0903570597913992
"random-a1102-g3103-cx-t6104-l7103","random-a1102-g3103-cx","random",1102,3103,,6104,7103,"complete",0.2669734531893294,0.895263671875,0.09402254254939962
"random-a1102-g3103-cx-t6104-l7104","random-a1102-g3103-cx","random",1102,3103,,6104,7104,"complete",0.2693382336712287,0.898681640625,0.08652781659829814
"random-a1103-g3103-cx-t6101-l7101","random-a1103-g3103-cx","random",1103,3103,,6101,7101,"complete",0.2399988508468659,0.910888671875,0.07437967816312101
"random-a1103-g3103-cx-t6101-l7102","random-a1103-g3103-cx","random",1103,3103,,6101,7102,"complete",0.22534840227569583,0.908935546875,0.07941703945791063
"random-a1103-g3103-cx-t6101-l7103","random-a1103-g3103-cx","random",1103,3103,,6101,7103,"complete",0.23627732859512623,0.913818359375,0.07607712395374949
"random-a1103-g3103-cx-t6101-l7104","random-a1103-g3103-cx","random",1103,3103,,6101,7104,"complete",0.23760712606284173,0.916259765625,0.07553100834365606
"random-a1103-g3103-cx-t6102-l7101","random-a1103-g3103-cx","random",1103,3103,,6102,7101,"complete",0.22777949914584197,0.912109375,0.08119577041082922
"random-a1103-g3103-cx-t6102-l7102","random-a1103-g3103-cx","random",1103,3103,,6102,7102,"complete",0.22659555278470975,0.90869140625,0.08459127319933407
"random-a1103-g3103-cx-t6102-l7103","random-a1103-g3103-cx","random",1103,3103,,6102,7103,"complete",0.2277949321862758,0.91015625,0.08003222522440437
"random-a1103-g3103-cx-t6102-l7104","random-a1103-g3103-cx","random",1103,3103,,6102,7104,"complete",0.2263453304294915,0.912353515625,0.08103040495932465
"random-a1103-g3103-cx-t6103-l7101","random-a1103-g3103-cx","random",1103,3103,,6103,7101,"complete",0.26311237044491464,0.89794921875,0.08777511763721706
"random-a1103-g3103-cx-t6103-l7102","random-a1103-g3103-cx","random",1103,3103,,6103,7102,"complete",0.26635356130928556,0.89453125,0.08632951905799079
"random-a1103-g3103-cx-t6103-l7103","random-a1103-g3103-cx","random",1103,3103,,6103,7103,"complete",0.2655926895866901,0.90234375,0.0911537981009608
"random-a1103-g3103-cx-t6103-l7104","random-a1103-g3103-cx","random",1103,3103,,6103,7104,"complete",0.2650625006505433,0.8974609375,0.0877044467862696
"random-a1103-g3103-cx-t6104-l7101","random-a1103-g3103-cx","random",1103,3103,,6104,7101,"complete",0.2635328157614323,0.896484375,0.09298868626010096
"random-a1103-g3103-cx-t6104-l7102","random-a1103-g3103-cx","random",1103,3103,,6104,7102,"complete",0.269873320882824,0.8955078125,0.09035873863348054
"random-a1103-g3103-cx-t6104-l7103","random-a1103-g3103-cx","random",1103,3103,,6104,7103,"complete",0.26697348576386054,0.895263671875,0.09402037376622878
"random-a1103-g3103-cx-t6104-l7104","random-a1103-g3103-cx","random",1103,3103,,6104,7104,"complete",0.26936626836455135,0.8984375,0.08656391551837524
"random-a1104-g3103-cx-t6101-l7101","random-a1104-g3103-cx","random",1104,3103,,6101,7101,"complete",0.24000060793222383,0.910888671875,0.07438023400665288
"random-a1104-g3103-cx-t6101-l7102","random-a1104-g3103-cx","random",1104,3103,,6101,7102,"complete",0.22535546933233216,0.908935546875,0.07941413505298742
"random-a1104-g3103-cx-t6101-l7103","random-a1104-g3103-cx","random",1104,3103,,6101,7103,"complete",0.23627481809306092,0.913818359375,0.0760785337714869
"random-a1104-g3103-cx-t6101-l7104","random-a1104-g3103-cx","random",1104,3103,,6101,7104,"complete",0.23760439577364417,0.916259765625,0.0755327453046176
"random-a1104-g3103-cx-t6102-l7101","random-a1104-g3103-cx","random",1104,3103,,6102,7101,"complete",0.22774712523489116,0.9130859375,0.08122370387013529
"random-a1104-g3103-cx-t6102-l7102","random-a1104-g3103-cx","random",1104,3103,,6102,7102,"complete",0.2265880972427282,0.90869140625,0.08459161003189282
"random-a1104-g3103-cx-t6102-l7103","random-a1104-g3103-cx","random",1104,3103,,6102,7103,"complete",0.22779819732775952,0.91015625,0.08003353302010477
"random-a1104-g3103-cx-t6102-l7104","random-a1104-g3103-cx","random",1104,3103,,6102,7104,"complete",0.22634653889674705,0.912353515625,0.0810279868487401
"random-a1104-g3103-cx-t6103-l7101","random-a1104-g3103-cx","random",1104,3103,,6103,7101,"complete",0.2631071571941284,0.89794921875,0.08777622525967187
"random-a1104-g3103-cx-t6103-l7102","random-a1104-g3103-cx","random",1104,3103,,6103,7102,"complete",0.2663384228003596,0.89453125,0.08633504507354543
"random-a1104-g3103-cx-t6103-l7103","random-a1104-g3103-cx","random",1104,3103,,6103,7103,"complete",0.2656023677682162,0.90234375,0.09115433966706284
"random-a1104-g3103-cx-t6103-l7104","random-a1104-g3103-cx","random",1104,3103,,6103,7104,"complete",0.26506618443563024,0.8974609375,0.08769739989611422
"random-a1104-g3103-cx-t6104-l7101","random-a1104-g3103-cx","random",1104,3103,,6104,7101,"complete",0.26353842638594904,0.896484375,0.09298355963398428
"random-a1104-g3103-cx-t6104-l7102","random-a1104-g3103-cx","random",1104,3103,,6104,7102,"complete",0.2698783883988131,0.8955078125,0.09035426604921087
"random-a1104-g3103-cx-t6104-l7103","random-a1104-g3103-cx","random",1104,3103,,6104,7103,"complete",0.26697238590415556,0.895263671875,0.09401963428534998
"random-a1104-g3103-cx-t6104-l7104","random-a1104-g3103-cx","random",1104,3103,,6104,7104,"complete",0.2693355591728628,0.8984375,0.08656455458462332
"random-a1101-g3104-cx-t6101-l7101","random-a1101-g3104-cx","random",1101,3104,,6101,7101,"complete",0.23999395041392577,0.910888671875,0.0743854437678753
"random-a1101-g3104-cx-t6101-l7102","random-a1101-g3104-cx","random",1101,3104,,6101,7102,"complete",0.2253448525810842,0.908935546875,0.07942012554297914
"random-a1101-g3104-cx-t6101-l7103","random-a1101-g3104-cx","random",1101,3104,,6101,7103,"complete",0.23627233888692475,0.913818359375,0.07608287774283312
"random-a1101-g3104-cx-t6101-l7104","random-a1101-g3104-cx","random",1101,3104,,6101,7104,"complete",0.23760140262738877,0.916259765625,0.07553839094035487
"random-a1101-g3104-cx-t6102-l7101","random-a1101-g3104-cx","random",1101,3104,,6102,7101,"complete",0.2277751805813323,0.912841796875,0.08123725571617212
"random-a1101-g3104-cx-t6102-l7102","random-a1101-g3104-cx","random",1101,3104,,6102,7102,"complete",0.2265885545077908,0.90869140625,0.08459931501346693
"random-a1101-g3104-cx-t6102-l7103","random-a1101-g3104-cx","random",1101,3104,,6102,7103,"complete",0.22779648764159177,0.91015625,0.08003567072676625
"random-a1101-g3104-cx-t6102-l7104","random-a1101-g3104-cx","random",1101,3104,,6102,7104,"complete",0.2263358833825679,0.912353515625,0.08103617650478451
"random-a1101-g3104-cx-t6103-l7101","random-a1101-g3104-cx","random",1101,3104,,6103,7101,"complete",0.26310823677894196,0.898193359375,0.0877792483047462
"random-a1101-g3104-cx-t6103-l7102","random-a1101-g3104-cx","random",1101,3104,,6103,7102,"complete",0.2663444998012938,0.89453125,0.08633779862011128
"random-a1101-g3104-cx-t6103-l7103","random-a1101-g3104-cx","random",1101,3104,,6103,7103,"complete",0.26559852718943666,0.90234375,0.09116011276407542
"random-a1101-g3104-cx-t6103-l7104","random-a1101-g3104-cx","random",1101,3104,,6103,7104,"complete",0.265059820121223,0.8974609375,0.08770910886106816
"random-a1101-g3104-cx-t6104-l7101","random-a1101-g3104-cx","random",1101,3104,,6104,7101,"complete",0.26352813527509583,0.896484375,0.09299183640179454
"random-a1101-g3104-cx-t6104-l7102","random-a1101-g3104-cx","random",1101,3104,,6104,7102,"complete",0.26986796427489207,0.8955078125,0.090361033411264
"random-a1101-g3104-cx-t6104-l7103","random-a1101-g3104-cx","random",1101,3104,,6104,7103,"complete",0.26696293913764885,0.895263671875,0.09402734040541388
"random-a1101-g3104-cx-t6104-l7104","random-a1101-g3104-cx","random",1101,3104,,6104,7104,"complete",0.2693612476626384,0.898681640625,0.08653148030300849
"random-a1102-g3104-cx-t6101-l7101","random-a1102-g3104-cx","random",1102,3104,,6101,7101,"complete",0.23999541712396455,0.910888671875,0.07437991196031525
"random-a1102-g3104-cx-t6101-l7102","random-a1102-g3104-cx","random",1102,3104,,6101,7102,"complete",0.22534942850872391,0.908935546875,0.07941709526884273
"random-a1102-g3104-cx-t6101-l7103","random-a1102-g3104-cx","random",1102,3104,,6101,7103,"complete",0.23626981011563436,0.913818359375,0.07608204259648052
"random-a1102-g3104-cx-t6101-l7104","random-a1102-g3104-cx","random",1102,3104,,6101,7104,"complete",0.2375995449701086,0.91650390625,0.07553808306404176
"random-a1102-g3104-cx-t6102-l7101","random-a1102-g3104-cx","random",1102,3104,,6102,7101,"complete",0.22776197167403325,0.912109375,0.08124216279939776
"random-a1102-g3104-cx-t6102-l7102","random-a1102-g3104-cx","random",1102,3104,,6102,7102,"complete",0.2265913880032714,0.90869140625,0.08459868168173097
"random-a1102-g3104-cx-t6102-l7103","random-a1102-g3104-cx","random",1102,3104,,6102,7103,"complete",0.22778236238130464,0.91015625,0.0800376057356029
"random-a1102-g3104-cx-t6102-l7104","random-a1102-g3104-cx","random",1102,3104,,6102,7104,"complete",0.22633632605696827,0.912353515625,0.08103706851054679
"random-a1102-g3104-cx-t6103-l7101","random-a1102-g3104-cx","random",1102,3104,,6103,7101,"complete",0.2631017764300928,0.89794921875,0.08778154135380732
"random-a1102-g3104-cx-t6103-l7102","random-a1102-g3104-cx","random",1102,3104,,6103,7102,"complete",0.26635276697773147,0.89453125,0.08633961224508001
"random-a1102-g3104-cx-t6103-l7103","random-a1102-g3104-cx","random",1102,3104,,6103,7103,"complete",0.2656016591846256,0.90234375,0.09115890727389309
"random-a1102-g3104-cx-t6103-l7104","random-a1102-g3104-cx","random",1102,3104,,6103,7104,"complete",0.2650597423304027,0.8974609375,0.08770633197294259
"random-a1102-g3104-cx-t6104-l7101","random-a1102-g3104-cx","random",1102,3104,,6104,7101,"complete",0.2635379418647638,0.896484375,0.0929903880165319
"random-a1102-g3104-cx-t6104-l7102","random-a1102-g3104-cx","random",1102,3104,,6104,7102,"complete",0.2698763124206956,0.8955078125,0.09036142720694458
"random-a1102-g3104-cx-t6104-l7103","random-a1102-g3104-cx","random",1102,3104,,6104,7103,"complete",0.26697010197811133,0.895263671875,0.09402243614694251
"random-a1102-g3104-cx-t6104-l7104","random-a1102-g3104-cx","random",1102,3104,,6104,7104,"complete",0.2693001406182208,0.8984375,0.08654780750127052
"random-a1103-g3104-cx-t6101-l7101","random-a1103-g3104-cx","random",1103,3104,,6101,7101,"complete",0.2399960323193565,0.910888671875,0.07438434008006559
"random-a1103-g3104-cx-t6101-l7102","random-a1103-g3104-cx","random",1103,3104,,6101,7102,"complete",0.2253515570376281,0.908935546875,0.07941613638006363
"random-a1103-g3104-cx-t6101-l7103","random-a1103-g3104-cx","random",1103,3104,,6101,7103,"complete",0.236273812889145,0.913818359375,0.0760814614507018
"random-a1103-g3104-cx-t6101-l7104","random-a1103-g3104-cx","random",1103,3104,,6101,7104,"complete",0.23760330624218937,0.916259765625,0.07553804275342418
"random-a1103-g3104-cx-t6102-l7101","random-a1103-g3104-cx","random",1103,3104,,6102,7101,"complete",0.2277638753104227,0.91259765625,0.08123694431377197
"random-a1103-g3104-cx-t6102-l7102","random-a1103-g3104-cx","random",1103,3104,,6102,7102,"complete",0.2265917013899766,0.90869140625,0.08459512459512222
"random-a1103-g3104-cx-t6102-l7103","random-a1103-g3104-cx","random",1103,3104,,6102,7103,"complete",0.2277913689230651,0.909912109375,0.08003699258114402
"random-a1103-g3104-cx-t6102-l7104","random-a1103-g3104-cx","random",1103,3104,,6102,7104,"complete",0.22634078018241355,0.912353515625,0.08103820821271354
"random-a1103-g3104-cx-t6103-l7101","random-a1103-g3104-cx","random",1103,3104,,6103,7101,"complete",0.2631046907247999,0.898193359375,0.08777955245671404
"random-a1103-g3104-cx-t6103-l7102","random-a1103-g3104-cx","random",1103,3104,,6103,7102,"complete",0.26633635225692864,0.89453125,0.08633468796821352
"random-a1103-g3104-cx-t6103-l7103","random-a1103-g3104-cx","random",1103,3104,,6103,7103,"complete",0.26559858861396596,0.90234375,0.09116040247958912
"random-a1103-g3104-cx-t6103-l7104","random-a1103-g3104-cx","random",1103,3104,,6103,7104,"complete",0.2650610948628242,0.8974609375,0.0877020456194179
"random-a1103-g3104-cx-t6104-l7101","random-a1103-g3104-cx","random",1103,3104,,6104,7101,"complete",0.26353148475212007,0.896484375,0.09299199810899232
"random-a1103-g3104-cx-t6104-l7102","random-a1103-g3104-cx","random",1103,3104,,6104,7102,"complete",0.2698678746163903,0.8955078125,0.09036080224716309
"random-a1103-g3104-cx-t6104-l7103","random-a1103-g3104-cx","random",1103,3104,,6104,7103,"complete",0.2669657174066143,0.895263671875,0.09402671185174244
"random-a1103-g3104-cx-t6104-l7104","random-a1103-g3104-cx","random",1103,3104,,6104,7104,"complete",0.26933107096644876,0.898681640625,0.0865617589076806
"random-a1104-g3104-cx-t6101-l7101","random-a1104-g3104-cx","random",1104,3104,,6101,7101,"complete",0.2399964655897673,0.910888671875,0.07438428896715264
"random-a1104-g3104-cx-t6101-l7102","random-a1104-g3104-cx","random",1104,3104,,6101,7102,"complete",0.22535299827634575,0.908935546875,0.07941650163548661
"random-a1104-g3104-cx-t6101-l7103","random-a1104-g3104-cx","random",1104,3104,,6101,7103,"complete",0.236275253492833,0.913818359375,0.07608309706377514
"random-a1104-g3104-cx-t6101-l7104","random-a1104-g3104-cx","random",1104,3104,,6101,7104,"complete",0.23760010649908508,0.916259765625,0.07553668926509914
"random-a1104-g3104-cx-t6102-l7101","random-a1104-g3104-cx","random",1104,3104,,6102,7101,"complete",0.22774675004834877,0.912841796875,0.08123105821507554
"random-a1104-g3104-cx-t6102-l7102","random-a1104-g3104-cx","random",1104,3104,,6102,7102,"complete",0.22658511732496656,0.90869140625,0.0845947599893723
"random-a1104-g3104-cx-t6102-l7103","random-a1104-g3104-cx","random",1104,3104,,6102,7103,"complete",0.22779360547389924,0.909423828125,0.08003357190889561
"random-a1104-g3104-cx-t6102-l7104","random-a1104-g3104-cx","random",1104,3104,,6102,7104,"complete",0.22633854710675697,0.912353515625,0.08103482536151149
"random-a1104-g3104-cx-t6103-l7101","random-a1104-g3104-cx","random",1104,3104,,6103,7101,"complete",0.2631109953397435,0.898193359375,0.08777937572764836
"random-a1104-g3104-cx-t6103-l7102","random-a1104-g3104-cx","random",1104,3104,,6103,7102,"complete",0.26634037757496987,0.89453125,0.0863385986885356
"random-a1104-g3104-cx-t6103-l7103","random-a1104-g3104-cx","random",1104,3104,,6103,7103,"complete",0.265596539539599,0.90234375,0.09115860214981664
"random-a1104-g3104-cx-t6103-l7104","random-a1104-g3104-cx","random",1104,3104,,6103,7104,"complete",0.2650625370466951,0.8974609375,0.08770433990825582
"random-a1104-g3104-cx-t6104-l7101","random-a1104-g3104-cx","random",1104,3104,,6104,7101,"complete",0.2635345551917315,0.896484375,0.09298717665992053
"random-a1104-g3104-cx-t6104-l7102","random-a1104-g3104-cx","random",1104,3104,,6104,7102,"complete",0.26986628711773114,0.8955078125,0.0903623770289136
"random-a1104-g3104-cx-t6104-l7103","random-a1104-g3104-cx","random",1104,3104,,6104,7103,"complete",0.26696159289413296,0.895263671875,0.09402836397274572
"random-a1104-g3104-cx-t6104-l7104","random-a1104-g3104-cx","random",1104,3104,,6104,7104,"complete",0.2693331393324235,0.898681640625,0.08655837966084941
"dense-ax-gx-c5101-t6101-l7101","dense-ax-gx-c5101","dense",,,5101,6101,7101,"complete",0.1798969245683961,0.92822265625,0.11201022590865008
"dense-ax-gx-c5101-t6101-l7102","dense-ax-gx-c5101","dense",,,5101,6101,7102,"complete",0.22751590203150723,0.908935546875,0.0831851738719967
"dense-ax-gx-c5101-t6101-l7103","dense-ax-gx-c5101","dense",,,5101,6101,7103,"complete",0.17526782141045885,0.930419921875,0.11239555006386533
"dense-ax-gx-c5101-t6101-l7104","dense-ax-gx-c5101","dense",,,5101,6101,7104,"complete",0.23811679647734205,0.917236328125,0.08507081972506673
"dense-ax-gx-c5101-t6102-l7101","dense-ax-gx-c5101","dense",,,5101,6102,7101,"complete",0.18214475621349968,0.9267578125,0.1187160436474144
"dense-ax-gx-c5101-t6102-l7102","dense-ax-gx-c5101","dense",,,5101,6102,7102,"complete",0.1825748263880868,0.92529296875,0.11329769605703724
"dense-ax-gx-c5101-t6102-l7103","dense-ax-gx-c5101","dense",,,5101,6102,7103,"complete",0.18037006629557897,0.92626953125,0.115672133333592
"dense-ax-gx-c5101-t6102-l7104","dense-ax-gx-c5101","dense",,,5101,6102,7104,"complete",0.18020639515975953,0.927490234375,0.11525162959498048
"dense-ax-gx-c5101-t6103-l7101","dense-ax-gx-c5101","dense",,,5101,6103,7101,"complete",0.2088193244765007,0.910400390625,0.1369908888298747
"dense-ax-gx-c5101-t6103-l7102","dense-ax-gx-c5101","dense",,,5101,6103,7102,"complete",0.20807437329336595,0.908203125,0.1266332570091433
"dense-ax-gx-c5101-t6103-l7103","dense-ax-gx-c5101","dense",,,5101,6103,7103,"complete",0.2060158214471644,0.908447265625,0.13503989994537316
"dense-ax-gx-c5101-t6103-l7104","dense-ax-gx-c5101","dense",,,5101,6103,7104,"complete",0.27240024675603247,0.896484375,0.08094814747801304
"dense-ax-gx-c5101-t6104-l7101","dense-ax-gx-c5101","dense",,,5101,6104,7101,"complete",0.2689561490789849,0.8935546875,0.08755642351487392
"dense-ax-gx-c5101-t6104-l7102","dense-ax-gx-c5101","dense",,,5101,6104,7102,"complete",0.27631831860314965,0.8935546875,0.08368987245584437
"dense-ax-gx-c5101-t6104-l7103","dense-ax-gx-c5101","dense",,,5101,6104,7103,"complete",0.2739211277745975,0.894775390625,0.08559461240493783
"dense-ax-gx-c5101-t6104-l7104","dense-ax-gx-c5101","dense",,,5101,6104,7104,"complete",0.20876165256341123,0.909912109375,0.1379366930587802
"dense-ax-gx-c5102-t6101-l7101","dense-ax-gx-c5102","dense",,,5102,6101,7101,"complete",0.17693614741517427,0.930419921875,0.12041765940810056
"dense-ax-gx-c5102-t6101-l7102","dense-ax-gx-c5102","dense",,,5102,6101,7102,"complete",0.17934769657749203,0.9296875,0.1168979235205125
"dense-ax-gx-c5102-t6101-l7103","dense-ax-gx-c5102","dense",,,5102,6101,7103,"complete",0.17593790371257903,0.929443359375,0.1118335806287944
"dense-ax-gx-c5102-t6101-l7104","dense-ax-gx-c5102","dense",,,5102,6101,7104,"complete",0.1744639671286653,0.930419921875,0.112270072382756
"dense-ax-gx-c5102-t6102-l7101","dense-ax-gx-c5102","dense",,,5102,6102,7101,"complete",0.18026841349182968,0.927734375,0.113263411618916
"dense-ax-gx-c5102-t6102-l7102","dense-ax-gx-c5102","dense",,,5102,6102,7102,"complete",0.1809363264579935,0.92529296875,0.1154696304458005
"dense-ax-gx-c5102-t6102-l7103","dense-ax-gx-c5102","dense",,,5102,6102,7103,"complete",0.1824653618720529,0.927001953125,0.12143370104361942
"dense-ax-gx-c5102-t6102-l7104","dense-ax-gx-c5102","dense",,,5102,6102,7104,"complete",0.1819812121831259,0.926025390625,0.12118756405740382
"dense-ax-gx-c5102-t6103-l7101","dense-ax-gx-c5102","dense",,,5102,6103,7101,"complete",0.2065616362582248,0.910400390625,0.12979269475376057
"dense-ax-gx-c5102-t6103-l7102","dense-ax-gx-c5102","dense",,,5102,6103,7102,"complete",0.20800379790860404,0.91064453125,0.13259127587891512
"dense-ax-gx-c5102-t6103-l7103","dense-ax-gx-c5102","dense",,,5102,6103,7103,"complete",0.20802271552497992,0.907958984375,0.12422757620635656
"dense-ax-gx-c5102-t6103-l7104","dense-ax-gx-c5102","dense",,,5102,6103,7104,"complete",0.20901319015506856,0.91162109375,0.12938106266257016
"dense-ax-gx-c5102-t6104-l7101","dense-ax-gx-c5102","dense",,,5102,6104,7101,"complete",0.21003379637156208,0.905029296875,0.13849974840159776
"dense-ax-gx-c5102-t6104-l7102","dense-ax-gx-c5102","dense",,,5102,6104,7102,"complete",0.27571031980088045,0.895751953125,0.08522442126466644
"dense-ax-gx-c5102-t6104-l7103","dense-ax-gx-c5102","dense",,,5102,6104,7103,"complete",0.27219086475889753,0.8974609375,0.08944805319097687
"dense-ax-gx-c5102-t6104-l7104","dense-ax-gx-c5102","dense",,,5102,6104,7104,"complete",0.2104915620723253,0.91015625,0.13171349208112135
"dense-ax-gx-c5103-t6101-l7101","dense-ax-gx-c5103","dense",,,5103,6101,7101,"complete",0.17697847811552936,0.928955078125,0.11237590972805654
"dense-ax-gx-c5103-t6101-l7102","dense-ax-gx-c5103","dense",,,5103,6101,7102,"complete",0.2218604799432268,0.91357421875,0.10656487534051792
"dense-ax-gx-c5103-t6101-l7103","dense-ax-gx-c5103","dense",,,5103,6101,7103,"complete",0.17620897875034214,0.927734375,0.11329300064341312
"dense-ax-gx-c5103-t6101-l7104","dense-ax-gx-c5103","dense",,,5103,6101,7104,"complete",0.1755549091166639,0.931396484375,0.11081191862513327
"dense-ax-gx-c5103-t6102-l7101","dense-ax-gx-c5103","dense",,,5103,6102,7101,"complete",0.1827773961885966,0.92626953125,0.12121272322965863
"dense-ax-gx-c5103-t6102-l7102","dense-ax-gx-c5103","dense",,,5103,6102,7102,"complete",0.18302958666635016,0.925537109375,0.12109355686752256
"dense-ax-gx-c5103-t6102-l7103","dense-ax-gx-c5103","dense",,,5103,6102,7103,"complete",0.181827138451795,0.927001953125,0.11710618429447794
"dense-ax-gx-c5103-t6102-l7104","dense-ax-gx-c5103","dense",,,5103,6102,7104,"complete",0.18046541999359356,0.928466796875,0.11915608157739516
"dense-ax-gx-c5103-t6103-l7101","dense-ax-gx-c5103","dense",,,5103,6103,7101,"complete",0.2091946011798584,0.909912109375,0.12593417924192385
"dense-ax-gx-c5103-t6103-l7102","dense-ax-gx-c5103","dense",,,5103,6103,7102,"complete",0.20787937205898024,0.91064453125,0.13079320372209968
"dense-ax-gx-c5103-t6103-l7103","dense-ax-gx-c5103","dense",,,5103,6103,7103,"complete",0.2076108820131053,0.91064453125,0.12788320494770794
"dense-ax-gx-c5103-t6103-l7104","dense-ax-gx-c5103","dense",,,5103,6103,7104,"complete",0.27080352732566254,0.89794921875,0.0841669457012392
"dense-ax-gx-c5103-t6104-l7101","dense-ax-gx-c5103","dense",,,5103,6104,7101,"complete",0.21602919464451892,0.908935546875,0.143632077914306
"dense-ax-gx-c5103-t6104-l7102","dense-ax-gx-c5103","dense",,,5103,6104,7102,"complete",0.27709246981031393,0.895751953125,0.08273584343703282
"dense-ax-gx-c5103-t6104-l7103","dense-ax-gx-c5103","dense",,,5103,6104,7103,"complete",0.2740565716818345,0.892822265625,0.08598013540263622
"dense-ax-gx-c5103-t6104-l7104","dense-ax-gx-c5103","dense",,,5103,6104,7104,"complete",0.2098470846741808,0.90673828125,0.13234501553159508
"dense-ax-gx-c5104-t6101-l7101","dense-ax-gx-c5104","dense",,,5104,6101,7101,"complete",0.17845178785785967,0.928955078125,0.11173998993189996
"dense-ax-gx-c5104-t6101-l7102","dense-ax-gx-c5104","dense",,,5104,6101,7102,"complete",0.18035073485345424,0.927490234375,0.1107910651661604
"dense-ax-gx-c5104-t6101-l7103","dense-ax-gx-c5104","dense",,,5104,6101,7103,"complete",0.17514168665587518,0.927734375,0.113651909531432
"dense-ax-gx-c5104-t6101-l7104","dense-ax-gx-c5104","dense",,,5104,6101,7104,"complete",0.17674370461131844,0.928955078125,0.10888049202004751
"dense-ax-gx-c5104-t6102-l7101","dense-ax-gx-c5104","dense",,,5104,6102,7101,"complete",0.20382889962849296,0.922119140625,0.12438598040018026
"dense-ax-gx-c5104-t6102-l7102","dense-ax-gx-c5104","dense",,,5104,6102,7102,"complete",0.1809872100302121,0.925537109375,0.11761804509166408
"dense-ax-gx-c5104-t6102-l7103","dense-ax-gx-c5104","dense",,,5104,6102,7103,"complete",0.2332425454328341,0.908447265625,0.07284787837401252
"dense-ax-gx-c5104-t6102-l7104","dense-ax-gx-c5104","dense",,,5104,6102,7104,"complete",0.1803010145489744,0.92724609375,0.12150021372693567
"dense-ax-gx-c5104-t6103-l7101","dense-ax-gx-c5104","dense",,,5104,6103,7101,"complete",0.20589776980937669,0.910888671875,0.1401287363361958
"dense-ax-gx-c5104-t6103-l7102","dense-ax-gx-c5104","dense",,,5104,6103,7102,"complete",0.20561264399037985,0.91064453125,0.1334301248677481
"dense-ax-gx-c5104-t6103-l7103","dense-ax-gx-c5104","dense",,,5104,6103,7103,"complete",0.20713452803012292,0.9091796875,0.12986952660475418
"dense-ax-gx-c5104-t6103-l7104","dense-ax-gx-c5104","dense",,,5104,6103,7104,"complete",0.2681384421333128,0.900146484375,0.0884214710880618
"dense-ax-gx-c5104-t6104-l7101","dense-ax-gx-c5104","dense",,,5104,6104,7101,"complete",0.21032950401693887,0.906005859375,0.1437841565352697
"dense-ax-gx-c5104-t6104-l7102","dense-ax-gx-c5104","dense",,,5104,6104,7102,"complete",0.27800163286090884,0.89501953125,0.08209126104568401
"dense-ax-gx-c5104-t6104-l7103","dense-ax-gx-c5104","dense",,,5104,6104,7103,"complete",0.273578657523872,0.89501953125,0.08553342664043642
"dense-ax-gx-c5104-t6104-l7104","dense-ax-gx-c5104","dense",,,5104,6104,7104,"complete",0.21054198774402255,0.91015625,0.1416881349588513
"identity-ax-gx-cx-t6101-l7101","identity-ax-gx-cx","identity",,,,6101,7101,"complete",0.27316842571533223,0.90966796875,0.012174505925986106
"identity-ax-gx-cx-t6101-l7102","identity-ax-gx-cx","identity",,,,6101,7102,"complete",0.2709829995625515,0.910888671875,0.012249974143118902
"identity-ax-gx-cx-t6101-l7103","identity-ax-gx-cx","identity",,,,6101,7103,"complete",0.2703445396421047,0.91162109375,0.01182705491356503
"identity-ax-gx-cx-t6101-l7104","identity-ax-gx-cx","identity",,,,6101,7104,"complete",0.25334410955690645,0.912109375,0.012569773321579651
"identity-ax-gx-cx-t6102-l7101","identity-ax-gx-cx","identity",,,,6102,7101,"complete",0.2528678803799857,0.9111328125,0.013056382819115158
"identity-ax-gx-cx-t6102-l7102","identity-ax-gx-cx","identity",,,,6102,7102,"complete",0.2588696760070447,0.9072265625,0.013571301735172877
"identity-ax-gx-cx-t6102-l7103","identity-ax-gx-cx","identity",,,,6102,7103,"complete",0.2575626947976288,0.911865234375,0.013401171602340617
"identity-ax-gx-cx-t6102-l7104","identity-ax-gx-cx","identity",,,,6102,7104,"complete",0.24923430586351805,0.90869140625,0.013448292324807869
"identity-ax-gx-cx-t6103-l7101","identity-ax-gx-cx","identity",,,,6103,7101,"complete",0.3137503486752065,0.896240234375,0.015755505587879786
"identity-ax-gx-cx-t6103-l7102","identity-ax-gx-cx","identity",,,,6103,7102,"complete",0.3045543536038226,0.89599609375,0.015757616367181686
"identity-ax-gx-cx-t6103-l7103","identity-ax-gx-cx","identity",,,,6103,7103,"complete",0.30396753152758044,0.89892578125,0.014741963283755218
"identity-ax-gx-cx-t6103-l7104","identity-ax-gx-cx","identity",,,,6103,7104,"complete",0.30804671165696546,0.896484375,0.015296414941525364
"identity-ax-gx-cx-t6104-l7101","identity-ax-gx-cx","identity",,,,6104,7101,"complete",0.30040862837411025,0.89892578125,0.0153405186994737
"identity-ax-gx-cx-t6104-l7102","identity-ax-gx-cx","identity",,,,6104,7102,"complete",0.3078214587070108,0.896728515625,0.01668468238788468
"identity-ax-gx-cx-t6104-l7103","identity-ax-gx-cx","identity",,,,6104,7103,"complete",0.2998560263755089,0.89501953125,0.017447398329140204
"identity-ax-gx-cx-t6104-l7104","identity-ax-gx-cx","identity",,,,6104,7104,"complete",0.30429457746279825,0.9013671875,0.016262426154762734
